01:32:59 INFO  org.hibernate.jpa.internal.util.LogHelper - HHH000204: Processing PersistenceUnitInfo [name: rentawear_db]
01:32:59 INFO  org.hibernate.Version - HHH000412: Hibernate ORM core version 6.2.0.Final
01:32:59 INFO  org.hibernate.cfg.Environment - HHH000406: Using bytecode reflection optimizer
01:32:59 WARN  org.hibernate.engine.jdbc.connections.internal.ConnectionProviderInitiator - HHH000472: Hikari properties were encountered, but the Hikari ConnectionProvider was not found on the classpath; these properties are going to be ignored.
01:32:59 WARN  org.hibernate.orm.connections.pooling - HHH10001002: Using built-in connection pool (not intended for production use)
01:32:59 INFO  org.hibernate.orm.connections.pooling - HHH10001005: Loaded JDBC driver class: com.mysql.cj.jdbc.Driver
01:32:59 INFO  org.hibernate.orm.connections.pooling - HHH10001012: Connecting with JDBC URL [jdbc:mysql://localhost:3306/rentawear]
01:32:59 INFO  org.hibernate.orm.connections.pooling - HHH10001001: Connection properties: {user=root, password=****}
01:32:59 INFO  org.hibernate.orm.connections.pooling - HHH10001003: Autocommit mode: false
01:32:59 INFO  org.hibernate.orm.connections.pooling - HHH10001115: Connection pool size: 20 (min=1)
01:33:00 INFO  SQL dialect - HHH000400: Using dialect: org.hibernate.dialect.MySQLDialect
01:33:00 INFO  org.hibernate.bytecode.internal.BytecodeProviderInitiator - HHH000021: Bytecode provider name : bytebuddy
01:33:02 INFO  org.hibernate.engine.transaction.jta.platform.internal.JtaPlatformInitiator - HHH000490: Using JtaPlatform implementation: [org.hibernate.engine.transaction.jta.platform.internal.NoJtaPlatform]
02:19:52 INFO  org.hibernate.orm.connections.pooling - HHH10001008: Cleaning up connection pool [jdbc:mysql://localhost:3306/rentawear]
   from
        categories c1_0
01:33:03 INFO  org.hibernate.SQL_SLOW - SlowQuery: 5 milliseconds. SQL: 'com.mysql.cj.jdbc.ClientPreparedStatement: select c1_0.id,c1_0.description,c1_0.gender,c1_0.name from categories c1_0'
01:33:03 DEBUG org.hibernate.SQL - 
    select
        c1_0.id,
        c1_0.description,
        c1_0.gender,
        c1_0.name 
    from
        categories c1_0 
    where
        c1_0.gender=? 
    order by
        c1_0.name
01:33:03 TRACE org.hibernate.orm.jdbc.bind - binding parameter [1] as [VARCHAR] - [FEMALE]
01:33:03 INFO  org.hibernate.SQL_SLOW - SlowQuery: 2 milliseconds. SQL: 'com.mysql.cj.jdbc.ClientPreparedStatement: select c1_0.id,c1_0.description,c1_0.gender,c1_0.name from categories c1_0 where c1_0.gender='FEMALE' order by c1_0.name'
01:33:03 DEBUG org.hibernate.SQL - 
    select
        c1_0.id,
        c1_0.description,
        c1_0.gender,
        c1_0.name 
    from
        categories c1_0 
    where
        c1_0.gender=? 
    order by
        c1_0.name
01:33:03 TRACE org.hibernate.orm.jdbc.bind - binding parameter [1] as [VARCHAR] - [MALE]
01:33:05 DEBUG org.hibernate.SQL - 
    select
        c1_0.id,
        c1_0.description,
        c1_0.gender,
        c1_0.name 
    from
        categories c1_0
01:33:05 DEBUG org.hibernate.SQL - 
    select
        c1_0.id,
        c1_0.description,
        c1_0.gender,
        c1_0.name 
    from
        categories c1_0 
    where
        c1_0.gender=? 
    order by
        c1_0.name
01:33:05 TRACE org.hibernate.orm.jdbc.bind - binding parameter [1] as [VARCHAR] - [FEMALE]
01:33:05 DEBUG org.hibernate.SQL - 
    select
        c1_0.id,
        c1_0.description,
        c1_0.gender,
        c1_0.name 
    from
        categories c1_0 
    where
        c1_0.gender=? 
    order by
        c1_0.name
01:33:05 TRACE org.hibernate.orm.jdbc.bind - binding parameter [1] as [VARCHAR] - [MALE]
01:33:06 DEBUG org.hibernate.SQL - 
    select
        c1_0.id,
        c1_0.description,
        c1_0.gender,
        c1_0.name 
    from
        categories c1_0
01:33:06 DEBUG org.hibernate.SQL - 
    select
        c1_0.id,
        c1_0.description,
        c1_0.gender,
        c1_0.name 
    from
        categories c1_0
01:33:06 DEBUG org.hibernate.SQL - 
    select
        c1_0.id,
        c1_0.description,
        c1_0.gender,
        c1_0.name 
    from
        categories c1_0
01:33:06 INFO  org.hibernate.SQL_SLOW - SlowQuery: 4 milliseconds. SQL: 'com.mysql.cj.jdbc.ClientPreparedStatement: select c1_0.id,c1_0.description,c1_0.gender,c1_0.name from categories c1_0'
01:33:06 DEBUG org.hibernate.SQL - 
    select
        p1_0.id 
    from
        products p1_0 
    left join
        categories c1_0 
            on c1_0.id=p1_0.category_id 
    where
        (
            ? is null 
            or c1_0.gender=?
        ) 
        and (
            ? is null 
            or p1_0.base_price>=?
        ) 
        and (
            ? is null 
            or p1_0.base_price<=?
        ) 
    order by
        p1_0.created_at desc limit ?,
        ?
01:33:06 TRACE org.hibernate.orm.jdbc.bind - binding parameter [1] as [VARCHAR] - [MALE]
01:33:06 TRACE org.hibernate.orm.jdbc.bind - binding parameter [2] as [VARCHAR] - [MALE]
01:33:06 TRACE org.hibernate.orm.jdbc.bind - binding parameter [3] as [NUMERIC] - [null]
01:33:06 TRACE org.hibernate.orm.jdbc.bind - binding parameter [4] as [NUMERIC] - [null]
01:33:06 TRACE org.hibernate.orm.jdbc.bind - binding parameter [5] as [NUMERIC] - [null]
01:33:06 TRACE org.hibernate.orm.jdbc.bind - binding parameter [6] as [NUMERIC] - [null]
01:33:06 TRACE org.hibernate.orm.jdbc.bind - binding parameter [7] as [INTEGER] - [0]
01:33:06 TRACE org.hibernate.orm.jdbc.bind - binding parameter [8] as [INTEGER] - [4]
01:33:06 INFO  org.hibernate.SQL_SLOW - SlowQuery: 8 milliseconds. SQL: 'com.mysql.cj.jdbc.ClientPreparedStatement: select p1_0.id from products p1_0 left join categories c1_0 on c1_0.id=p1_0.category_id where ('MALE' is null or c1_0.gender='MALE') and (NULL is null or p1_0.base_price>=NULL) and (NULL is null or p1_0.base_price<=NULL) order by p1_0.created_at desc limit 0,4'
01:33:06 DEBUG org.hibernate.SQL - 
    select
        p1_0.id 
    from
        products p1_0 
    left join
        categories c1_0 
            on c1_0.id=p1_0.category_id 
    where
        (
            ? is null 
            or c1_0.gender=?
        ) 
        and (
            ? is null 
            or p1_0.base_price>=?
        ) 
        and (
            ? is null 
            or p1_0.base_price<=?
        ) 
    order by
        p1_0.created_at desc limit ?,
        ?
01:33:06 TRACE org.hibernate.orm.jdbc.bind - binding parameter [1] as [VARCHAR] - [FEMALE]
01:33:06 TRACE org.hibernate.orm.jdbc.bind - binding parameter [2] as [VARCHAR] - [FEMALE]
01:33:06 TRACE org.hibernate.orm.jdbc.bind - binding parameter [3] as [NUMERIC] - [null]
01:33:06 TRACE org.hibernate.orm.jdbc.bind - binding parameter [4] as [NUMERIC] - [null]
01:33:06 TRACE org.hibernate.orm.jdbc.bind - binding parameter [5] as [NUMERIC] - [null]
01:33:06 TRACE org.hibernate.orm.jdbc.bind - binding parameter [6] as [NUMERIC] - [null]
01:33:06 TRACE org.hibernate.orm.jdbc.bind - binding parameter [7] as [INTEGER] - [0]
01:33:06 TRACE org.hibernate.orm.jdbc.bind - binding parameter [8] as [INTEGER] - [4]
01:33:06 INFO  org.hibernate.SQL_SLOW - SlowQuery: 7 milliseconds. SQL: 'com.mysql.cj.jdbc.ClientPreparedStatement: select p1_0.id from products p1_0 left join categories c1_0 on c1_0.id=p1_0.category_id where ('FEMALE' is null or c1_0.gender='FEMALE') and (NULL is null or p1_0.base_price>=NULL) and (NULL is null or p1_0.base_price<=NULL) order by p1_0.created_at desc limit 0,4'
01:33:06 DEBUG org.hibernate.SQL - 
    select
        distinct p1_0.id,
        p1_0.base_price,
        c1_0.id,
        c1_0.description,
        c1_0.gender,
        c1_0.name,
        p1_0.created_at,
        p1_0.description,
        p1_0.image_url,
        p1_0.name,
        p2_0.product_id,
        p2_0.id,
        p2_0.color,
        p2_0.quantity,
        p2_0.size 
    from
        products p1_0 
    left join
        product_variants p2_0 
            on p1_0.id=p2_0.product_id 
    left join
        categories c1_0 
            on c1_0.id=p1_0.category_id 
    where
        p1_0.id in(?,?,?,?) 
    order by
        p1_0.created_at desc,
        p2_0.id
01:33:06 DEBUG org.hibernate.SQL - 
    select
        distinct p1_0.id,
        p1_0.base_price,
        c1_0.id,
        c1_0.description,
        c1_0.gender,
        c1_0.name,
        p1_0.created_at,
        p1_0.description,
        p1_0.image_url,
        p1_0.name,
        p2_0.product_id,
        p2_0.id,
        p2_0.color,
        p2_0.quantity,
        p2_0.size 
    from
        products p1_0 
    left join
        product_variants p2_0 
            on p1_0.id=p2_0.product_id 
    left join
        categories c1_0 
            on c1_0.id=p1_0.category_id 
    where
        p1_0.id in(?,?) 
    order by
        p1_0.created_at desc,
        p2_0.id
01:33:06 TRACE org.hibernate.orm.jdbc.bind - binding parameter [1] as [INTEGER] - [1]
01:33:06 TRACE org.hibernate.orm.jdbc.bind - binding parameter [1] as [INTEGER] - [6]
01:33:06 TRACE org.hibernate.orm.jdbc.bind - binding parameter [2] as [INTEGER] - [8]
01:33:06 TRACE org.hibernate.orm.jdbc.bind - binding parameter [2] as [INTEGER] - [7]
01:33:06 TRACE org.hibernate.orm.jdbc.bind - binding parameter [3] as [INTEGER] - [2]
01:33:06 DEBUG org.hibernate.SQL - 
    select
        p1_0.id 
    from
        products p1_0 
    where
        p1_0.created_at>=? 
    order by
        p1_0.created_at desc limit ?,
        ?
01:33:06 TRACE org.hibernate.orm.jdbc.bind - binding parameter [4] as [INTEGER] - [3]
01:33:06 TRACE org.hibernate.orm.jdbc.bind - binding parameter [1] as [TIMESTAMP_UTC] - [2026-02-21T23:33:06.337039400Z]
01:33:06 TRACE org.hibernate.orm.jdbc.bind - binding parameter [2] as [INTEGER] - [0]
01:33:06 TRACE org.hibernate.orm.jdbc.bind - binding parameter [3] as [INTEGER] - [4]
01:33:06 INFO  org.hibernate.SQL_SLOW - SlowQuery: 4 milliseconds. SQL: 'com.mysql.cj.jdbc.ClientPreparedStatement: select distinct p1_0.id,p1_0.base_price,c1_0.id,c1_0.description,c1_0.gender,c1_0.name,p1_0.created_at,p1_0.description,p1_0.image_url,p1_0.name,p2_0.product_id,p2_0.id,p2_0.color,p2_0.quantity,p2_0.size from products p1_0 left join product_variants p2_0 on p1_0.id=p2_0.product_id left join categories c1_0 on c1_0.id=p1_0.category_id where p1_0.id in(1,8,2,3) order by p1_0.created_at desc,p2_0.id'
01:33:06 INFO  org.hibernate.SQL_SLOW - SlowQuery: 5 milliseconds. SQL: 'com.mysql.cj.jdbc.ClientPreparedStatement: select distinct p1_0.id,p1_0.base_price,c1_0.id,c1_0.description,c1_0.gender,c1_0.name,p1_0.created_at,p1_0.description,p1_0.image_url,p1_0.name,p2_0.product_id,p2_0.id,p2_0.color,p2_0.quantity,p2_0.size from products p1_0 left join product_variants p2_0 on p1_0.id=p2_0.product_id left join categories c1_0 on c1_0.id=p1_0.category_id where p1_0.id in(6,7) order by p1_0.created_at desc,p2_0.id'
01:33:06 INFO  org.hibernate.SQL_SLOW - SlowQuery: 6 milliseconds. SQL: 'com.mysql.cj.jdbc.ClientPreparedStatement: select p1_0.id from products p1_0 where p1_0.created_at>='2026-02-21 23:33:06.337039' order by p1_0.created_at desc limit 0,4'
01:33:06 DEBUG org.hibernate.SQL - 
    select
        distinct p1_0.id,
        p1_0.base_price,
        c1_0.id,
        c1_0.description,
        c1_0.gender,
        c1_0.name,
        p1_0.created_at,
        p1_0.description,
        p1_0.image_url,
        p1_0.name,
        p2_0.product_id,
        p2_0.id,
        p2_0.color,
        p2_0.quantity,
        p2_0.size 
    from
        products p1_0 
    left join
        product_variants p2_0 
            on p1_0.id=p2_0.product_id 
    left join
        categories c1_0 
            on c1_0.id=p1_0.category_id 
    where
        p1_0.id in(?,?,?,?) 
    order by
        p1_0.created_at desc,
        p2_0.id
01:33:06 TRACE org.hibernate.orm.jdbc.bind - binding parameter [1] as [INTEGER] - [1]
01:33:06 TRACE org.hibernate.orm.jdbc.bind - binding parameter [2] as [INTEGER] - [8]
01:33:06 TRACE org.hibernate.orm.jdbc.bind - binding parameter [3] as [INTEGER] - [2]
01:33:06 TRACE org.hibernate.orm.jdbc.bind - binding parameter [4] as [INTEGER] - [3]
01:33:06 INFO  org.hibernate.SQL_SLOW - SlowQuery: 3 milliseconds. SQL: 'com.mysql.cj.jdbc.ClientPreparedStatement: select distinct p1_0.id,p1_0.base_price,c1_0.id,c1_0.description,c1_0.gender,c1_0.name,p1_0.created_at,p1_0.description,p1_0.image_url,p1_0.name,p2_0.product_id,p2_0.id,p2_0.color,p2_0.quantity,p2_0.size from products p1_0 left join product_variants p2_0 on p1_0.id=p2_0.product_id left join categories c1_0 on c1_0.id=p1_0.category_id where p1_0.id in(1,8,2,3) order by p1_0.created_at desc,p2_0.id'
01:33:06 DEBUG org.hibernate.SQL - 
    select
        count(p1_0.id) 
    from
        products p1_0 
    where
        p1_0.created_at>=?
01:33:06 DEBUG org.hibernate.SQL - 
    select
        count(distinct p1_0.id) 
    from
        products p1_0 
    left join
        categories c1_0 
            on c1_0.id=p1_0.category_id 
    where
        (
            ? is null 
            or c1_0.gender=?
        ) 
        and (
            ? is null 
            or p1_0.base_price>=?
        ) 
        and (
            ? is null 
            or p1_0.base_price<=?
        )
01:33:06 DEBUG org.hibernate.SQL - 
    select
        count(distinct p1_0.id) 
    from
        products p1_0 
    left join
        categories c1_0 
            on c1_0.id=p1_0.category_id 
    where
        (
            ? is null 
            or c1_0.gender=?
        ) 
        and (
            ? is null 
            or p1_0.base_price>=?
        ) 
        and (
            ? is null 
            or p1_0.base_price<=?
        )
01:33:06 TRACE org.hibernate.orm.jdbc.bind - binding parameter [1] as [VARCHAR] - [FEMALE]
01:33:06 TRACE org.hibernate.orm.jdbc.bind - binding parameter [1] as [TIMESTAMP_UTC] - [2026-02-21T23:33:06.373680400Z]
01:33:06 TRACE org.hibernate.orm.jdbc.bind - binding parameter [2] as [VARCHAR] - [FEMALE]
01:33:06 TRACE org.hibernate.orm.jdbc.bind - binding parameter [1] as [VARCHAR] - [MALE]
01:33:06 TRACE org.hibernate.orm.jdbc.bind - binding parameter [3] as [NUMERIC] - [null]
01:33:06 TRACE org.hibernate.orm.jdbc.bind - binding parameter [2] as [VARCHAR] - [MALE]
01:33:06 TRACE org.hibernate.orm.jdbc.bind - binding parameter [4] as [NUMERIC] - [null]
01:33:06 TRACE org.hibernate.orm.jdbc.bind - binding parameter [3] as [NUMERIC] - [null]
01:33:06 TRACE org.hibernate.orm.jdbc.bind - binding parameter [4] as [NUMERIC] - [null]
01:33:06 TRACE org.hibernate.orm.jdbc.bind - binding parameter [5] as [NUMERIC] - [null]
01:33:06 TRACE org.hibernate.orm.jdbc.bind - binding parameter [5] as [NUMERIC] - [null]
01:33:06 TRACE org.hibernate.orm.jdbc.bind - binding parameter [6] as [NUMERIC] - [null]
01:33:06 DEBUG org.hibernate.SQL - 
    select
        min(p1_0.base_price),
        max(p1_0.base_price) 
    from
        products p1_0 
    left join
        categories c1_0 
            on c1_0.id=p1_0.category_id 
    where
        (
            ? is null 
            or c1_0.gender=?
        )
01:33:06 TRACE org.hibernate.orm.jdbc.bind - binding parameter [6] as [NUMERIC] - [null]
01:33:06 TRACE org.hibernate.orm.jdbc.bind - binding parameter [1] as [VARCHAR] - [null]
01:33:06 TRACE org.hibernate.orm.jdbc.bind - binding parameter [2] as [VARCHAR] - [null]
01:33:06 DEBUG org.hibernate.SQL - 
    select
        min(p1_0.base_price),
        max(p1_0.base_price) 
    from
        products p1_0 
    left join
        categories c1_0 
            on c1_0.id=p1_0.category_id 
    where
        (
            ? is null 
            or c1_0.gender=?
        )
01:33:06 DEBUG org.hibernate.SQL - 
    select
        min(p1_0.base_price),
        max(p1_0.base_price) 
    from
        products p1_0 
    left join
        categories c1_0 
            on c1_0.id=p1_0.category_id 
    where
        (
            ? is null 
            or c1_0.gender=?
        )
01:33:06 TRACE org.hibernate.orm.jdbc.bind - binding parameter [1] as [VARCHAR] - [MALE]
01:33:06 TRACE org.hibernate.orm.jdbc.bind - binding parameter [2] as [VARCHAR] - [MALE]
01:33:06 TRACE org.hibernate.orm.jdbc.bind - binding parameter [1] as [VARCHAR] - [FEMALE]
01:33:06 TRACE org.hibernate.orm.jdbc.bind - binding parameter [2] as [VARCHAR] - [FEMALE]
01:33:06 DEBUG org.hibernate.SQL - 
    select
        p1_0.id,
        p1_0.color,
        p1_0.image_url,
        p1_0.product_id 
    from
        product_images p1_0 
    where
        p1_0.product_id in(?,?,?,?) 
        and p1_0.id=(
            select
                min(p3_0.id) 
            from
                product_images p3_0,
                products p5_0 
            where
                p3_0.product_id=p5_0.id 
                and p3_0.color=p1_0.color 
                and p5_0.id=p1_0.product_id
        ) 
    order by
        p1_0.product_id,
        p1_0.id
01:33:06 DEBUG org.hibernate.SQL - 
    select
        p1_0.id,
        p1_0.color,
        p1_0.image_url,
        p1_0.product_id 
    from
        product_images p1_0 
    where
        p1_0.product_id in(?,?,?,?) 
        and p1_0.id=(
            select
                min(p3_0.id) 
            from
                product_images p3_0,
                products p5_0 
            where
                p3_0.product_id=p5_0.id 
                and p3_0.color=p1_0.color 
                and p5_0.id=p1_0.product_id
        ) 
    order by
        p1_0.product_id,
        p1_0.id
01:33:06 TRACE org.hibernate.orm.jdbc.bind - binding parameter [1] as [INTEGER] - [1]
01:33:06 DEBUG org.hibernate.SQL - 
    select
        p1_0.id,
        p1_0.color,
        p1_0.image_url,
        p1_0.product_id 
    from
        product_images p1_0 
    where
        p1_0.product_id in(?,?) 
        and p1_0.id=(
            select
                min(p3_0.id) 
            from
                product_images p3_0,
                products p5_0 
            where
                p3_0.product_id=p5_0.id 
                and p3_0.color=p1_0.color 
                and p5_0.id=p1_0.product_id
        ) 
    order by
        p1_0.product_id,
        p1_0.id
01:33:06 TRACE org.hibernate.orm.jdbc.bind - binding parameter [2] as [INTEGER] - [8]
01:33:06 TRACE org.hibernate.orm.jdbc.bind - binding parameter [3] as [INTEGER] - [2]
01:33:06 TRACE org.hibernate.orm.jdbc.bind - binding parameter [4] as [INTEGER] - [3]
01:33:06 TRACE org.hibernate.orm.jdbc.bind - binding parameter [1] as [INTEGER] - [6]
01:33:06 TRACE org.hibernate.orm.jdbc.bind - binding parameter [1] as [INTEGER] - [1]
01:33:06 TRACE org.hibernate.orm.jdbc.bind - binding parameter [2] as [INTEGER] - [7]
01:33:06 TRACE org.hibernate.orm.jdbc.bind - binding parameter [2] as [INTEGER] - [8]
01:33:06 TRACE org.hibernate.orm.jdbc.bind - binding parameter [3] as [INTEGER] - [2]
01:33:06 TRACE org.hibernate.orm.jdbc.bind - binding parameter [4] as [INTEGER] - [3]
01:33:16 DEBUG org.hibernate.SQL - 
    select
        c1_0.id,
        c1_0.description,
        c1_0.gender,
        c1_0.name 
    from
        categories c1_0
01:33:16 DEBUG org.hibernate.SQL - 
    select
        c1_0.id,
        c1_0.description,
        c1_0.gender,
        c1_0.name 
    from
        categories c1_0
01:33:16 DEBUG org.hibernate.SQL - 
    select
        p1_0.id,
        p1_0.base_price,
        p1_0.category_id,
        p1_0.created_at,
        p1_0.description,
        p1_0.image_url,
        p1_0.name 
    from
        products p1_0 
    where
        p1_0.id=?
01:33:16 TRACE org.hibernate.orm.jdbc.bind - binding parameter [1] as [INTEGER] - [2]
01:33:16 DEBUG org.hibernate.SQL - 
    select
        p1_0.id,
        p1_0.color,
        p1_0.product_id,
        p1_0.quantity,
        p1_0.size 
    from
        product_variants p1_0 
    where
        p1_0.product_id=? 
    order by
        p1_0.id
01:33:16 TRACE org.hibernate.orm.jdbc.bind - binding parameter [1] as [INTEGER] - [2]
01:33:16 DEBUG org.hibernate.SQL - 
    select
        p1_0.id,
        p1_0.color,
        p1_0.image_url,
        p1_0.product_id 
    from
        product_images p1_0 
    where
        p1_0.product_id=? 
    order by
        p1_0.id
01:33:16 TRACE org.hibernate.orm.jdbc.bind - binding parameter [1] as [INTEGER] - [2]
01:33:16 DEBUG org.hibernate.SQL - 
    select
        c1_0.id,
        c1_0.description,
        c1_0.gender,
        c1_0.name 
    from
        categories c1_0 
    where
        c1_0.id=?
01:33:16 TRACE org.hibernate.orm.jdbc.bind - binding parameter [1] as [INTEGER] - [1]
01:33:16 DEBUG org.hibernate.SQL - 
    select
        c1_0.id,
        c1_0.description,
        c1_0.gender,
        c1_0.name 
    from
        categories c1_0
01:33:16 DEBUG org.hibernate.SQL - 
    select
        c1_0.id,
        c1_0.description,
        c1_0.gender,
        c1_0.name 
    from
        categories c1_0
01:34:17 DEBUG org.hibernate.SQL - 
    select
        c1_0.id,
        c1_0.description,
        c1_0.gender,
        c1_0.name 
    from
        categories c1_0
01:34:17 DEBUG org.hibernate.SQL - 
    select
        c1_0.id,
        c1_0.description,
        c1_0.gender,
        c1_0.name 
    from
        categories c1_0
01:34:23 DEBUG org.hibernate.SQL - 
    select
        c1_0.id,
        c1_0.description,
        c1_0.gender,
        c1_0.name 
    from
        categories c1_0
01:34:23 DEBUG org.hibernate.SQL - 
    select
        u1_0.id,
        u1_0.address,
        u1_0.birthday,
        u1_0.created_at,
        u1_0.credit_limit,
        u1_0.email,
        u1_0.gender,
        u1_0.job,
        u1_0.name,
        u1_0.password_hash,
        u1_0.role 
    from
        users u1_0 
    where
        u1_0.email=?
01:34:23 TRACE org.hibernate.orm.jdbc.bind - binding parameter [1] as [VARCHAR] - [noureenaboarab@gmail.com]
01:34:23 INFO  org.hibernate.SQL_SLOW - SlowQuery: 2 milliseconds. SQL: 'com.mysql.cj.jdbc.ClientPreparedStatement: select u1_0.id,u1_0.address,u1_0.birthday,u1_0.created_at,u1_0.credit_limit,u1_0.email,u1_0.gender,u1_0.job,u1_0.name,u1_0.password_hash,u1_0.role from users u1_0 where u1_0.email='noureenaboarab@gmail.com''
01:34:23 DEBUG org.hibernate.SQL - 
    select
        c1_0.id,
        c1_0.created_at,
        c1_0.user_id 
    from
        carts c1_0 
    where
        c1_0.user_id=?
01:34:23 TRACE org.hibernate.orm.jdbc.bind - binding parameter [1] as [INTEGER] - [4]
01:34:26 DEBUG org.hibernate.SQL - 
    select
        c1_0.id,
        c1_0.description,
        c1_0.gender,
        c1_0.name 
    from
        categories c1_0
01:34:26 DEBUG org.hibernate.SQL - 
    select
        c1_0.id,
        c1_0.description,
        c1_0.gender,
        c1_0.name 
    from
        categories c1_0
01:34:30 DEBUG org.hibernate.SQL - 
    select
        c1_0.id,
        c1_0.description,
        c1_0.gender,
        c1_0.name 
    from
        categories c1_0
01:34:30 DEBUG org.hibernate.SQL - 
    select
        u1_0.id,
        u1_0.address,
        u1_0.birthday,
        u1_0.created_at,
        u1_0.credit_limit,
        u1_0.email,
        u1_0.gender,
        u1_0.job,
        u1_0.name,
        u1_0.password_hash,
        u1_0.role 
    from
        users u1_0 
    where
        u1_0.email=?
01:34:30 TRACE org.hibernate.orm.jdbc.bind - binding parameter [1] as [VARCHAR] - [noureenaboarab@gmail.com]
01:34:30 INFO  org.hibernate.SQL_SLOW - SlowQuery: 2 milliseconds. SQL: 'com.mysql.cj.jdbc.ClientPreparedStatement: select u1_0.id,u1_0.address,u1_0.birthday,u1_0.created_at,u1_0.credit_limit,u1_0.email,u1_0.gender,u1_0.job,u1_0.name,u1_0.password_hash,u1_0.role from users u1_0 where u1_0.email='noureenaboarab@gmail.com''
01:34:30 DEBUG org.hibernate.SQL - 
    select
        c1_0.id,
        c1_0.created_at,
        c1_0.user_id 
    from
        carts c1_0 
    where
        c1_0.user_id=?
01:34:30 TRACE org.hibernate.orm.jdbc.bind - binding parameter [1] as [INTEGER] - [4]
01:34:57 DEBUG org.hibernate.SQL - 
    select
        c1_0.id,
        c1_0.description,
        c1_0.gender,
        c1_0.name 
    from
        categories c1_0
01:35:10 DEBUG org.hibernate.SQL - 
    select
        c1_0.id,
        c1_0.description,
        c1_0.gender,
        c1_0.name 
    from
        categories c1_0
01:35:10 DEBUG org.hibernate.SQL - 
    select
        c1_0.id,
        c1_0.description,
        c1_0.gender,
        c1_0.name 
    from
        categories c1_0
01:35:16 DEBUG org.hibernate.SQL - 
    select
        c1_0.id,
        c1_0.description,
        c1_0.gender,
        c1_0.name 
    from
        categories c1_0
01:35:16 DEBUG org.hibernate.SQL - 
    select
        u1_0.id,
        u1_0.address,
        u1_0.birthday,
        u1_0.created_at,
        u1_0.credit_limit,
        u1_0.email,
        u1_0.gender,
        u1_0.job,
        u1_0.name,
        u1_0.password_hash,
        u1_0.role 
    from
        users u1_0 
    where
        u1_0.email=?
01:35:16 TRACE org.hibernate.orm.jdbc.bind - binding parameter [1] as [VARCHAR] - [noureenaboarab@gmail.com]
01:35:16 INFO  org.hibernate.SQL_SLOW - SlowQuery: 6 milliseconds. SQL: 'com.mysql.cj.jdbc.ClientPreparedStatement: select u1_0.id,u1_0.address,u1_0.birthday,u1_0.created_at,u1_0.credit_limit,u1_0.email,u1_0.gender,u1_0.job,u1_0.name,u1_0.password_hash,u1_0.role from users u1_0 where u1_0.email='noureenaboarab@gmail.com''
01:35:16 DEBUG org.hibernate.SQL - 
    select
        c1_0.id,
        c1_0.created_at,
        c1_0.user_id 
    from
        carts c1_0 
    where
        c1_0.user_id=?
01:35:16 TRACE org.hibernate.orm.jdbc.bind - binding parameter [1] as [INTEGER] - [4]
01:35:16 INFO  org.hibernate.SQL_SLOW - SlowQuery: 2 milliseconds. SQL: 'com.mysql.cj.jdbc.ClientPreparedStatement: select c1_0.id,c1_0.created_at,c1_0.user_id from carts c1_0 where c1_0.user_id=4'
01:35:17 DEBUG org.hibernate.SQL - 
    select
        i1_0.user_id,
        i1_0.id,
        i1_0.category_id 
    from
        user_category i1_0 
    where
        i1_0.user_id=?
01:35:17 TRACE org.hibernate.orm.jdbc.bind - binding parameter [1] as [INTEGER] - [4]
01:35:17 DEBUG org.hibernate.SQL - 
    select
        c1_0.id,
        c1_0.description,
        c1_0.gender,
        c1_0.name 
    from
        categories c1_0 
    where
        c1_0.id=?
01:35:17 TRACE org.hibernate.orm.jdbc.bind - binding parameter [1] as [INTEGER] - [1]
01:35:17 DEBUG org.hibernate.SQL - 
    select
        c1_0.id,
        c1_0.description,
        c1_0.gender,
        c1_0.name 
    from
        categories c1_0 
    where
        c1_0.id=?
01:35:17 TRACE org.hibernate.orm.jdbc.bind - binding parameter [1] as [INTEGER] - [3]
01:35:17 DEBUG org.hibernate.SQL - 
    select
        c1_0.id,
        c1_0.description,
        c1_0.gender,
        c1_0.name 
    from
        categories c1_0 
    where
        c1_0.id=?
01:35:17 TRACE org.hibernate.orm.jdbc.bind - binding parameter [1] as [INTEGER] - [4]
01:35:17 DEBUG org.hibernate.SQL - 
    select
        p1_0.user_id,
        p1_0.id,
        p1_0.card_number,
        p1_0.card_type,
        p1_0.cardholder_name,
        p1_0.cvv,
        p1_0.expiry_month,
        p1_0.expiry_year 
    from
        payment_cards p1_0 
    where
        p1_0.user_id=?
01:35:17 TRACE org.hibernate.orm.jdbc.bind - binding parameter [1] as [INTEGER] - [4]
01:35:17 INFO  org.hibernate.SQL_SLOW - SlowQuery: 2 milliseconds. SQL: 'com.mysql.cj.jdbc.ClientPreparedStatement: select p1_0.user_id,p1_0.id,p1_0.card_number,p1_0.card_type,p1_0.cardholder_name,p1_0.cvv,p1_0.expiry_month,p1_0.expiry_year from payment_cards p1_0 where p1_0.user_id=4'
01:35:17 DEBUG org.hibernate.SQL - 
    select
        c1_0.id,
        c1_0.description,
        c1_0.gender,
        c1_0.name 
    from
        categories c1_0
01:35:17 DEBUG org.hibernate.SQL - 
    select
        c1_0.id,
        c1_0.description,
        c1_0.gender,
        c1_0.name 
    from
        categories c1_0 
    where
        c1_0.gender=? 
    order by
        c1_0.name
01:35:17 TRACE org.hibernate.orm.jdbc.bind - binding parameter [1] as [VARCHAR] - [FEMALE]
01:35:17 DEBUG org.hibernate.SQL - 
    select
        c1_0.id,
        c1_0.description,
        c1_0.gender,
        c1_0.name 
    from
        categories c1_0 
    where
        c1_0.gender=? 
    order by
        c1_0.name
01:35:17 TRACE org.hibernate.orm.jdbc.bind - binding parameter [1] as [VARCHAR] - [MALE]
01:35:17 DEBUG org.hibernate.SQL - 
    select
        c1_0.id,
        c1_0.description,
        c1_0.gender,
        c1_0.name 
    from
        categories c1_0
01:35:17 DEBUG org.hibernate.SQL - 
    select
        c1_0.id,
        c1_0.description,
        c1_0.gender,
        c1_0.name 
    from
        categories c1_0
01:35:17 DEBUG org.hibernate.SQL - 
    select
        c1_0.id,
        c1_0.description,
        c1_0.gender,
        c1_0.name 
    from
        categories c1_0
01:35:17 DEBUG org.hibernate.SQL - 
    select
        u1_0.id,
        u1_0.address,
        u1_0.birthday,
        c1_0.id,
        c1_0.created_at,
        u1_0.created_at,
        u1_0.credit_limit,
        u1_0.email,
        u1_0.gender,
        u1_0.job,
        u1_0.name,
        u1_0.password_hash,
        u1_0.role 
    from
        users u1_0 
    left join
        carts c1_0 
            on u1_0.id=c1_0.user_id 
    where
        u1_0.id=?
01:35:17 DEBUG org.hibernate.SQL - 
    select
        c1_0.id,
        c1_0.description,
        c1_0.gender,
        c1_0.name 
    from
        categories c1_0
01:35:17 DEBUG org.hibernate.SQL - 
    select
        p1_0.id 
    from
        products p1_0 
    left join
        categories c1_0 
            on c1_0.id=p1_0.category_id 
    where
        (
            ? is null 
            or c1_0.gender=?
        ) 
        and (
            ? is null 
            or p1_0.base_price>=?
        ) 
        and (
            ? is null 
            or p1_0.base_price<=?
        ) 
    order by
        p1_0.created_at desc limit ?,
        ?
01:35:17 DEBUG org.hibernate.SQL - 
    select
        p1_0.id 
    from
        products p1_0 
    left join
        categories c1_0 
            on c1_0.id=p1_0.category_id 
    where
        (
            ? is null 
            or c1_0.gender=?
        ) 
        and (
            ? is null 
            or p1_0.base_price>=?
        ) 
        and (
            ? is null 
            or p1_0.base_price<=?
        ) 
    order by
        p1_0.created_at desc limit ?,
        ?
01:35:17 DEBUG org.hibernate.SQL - 
    select
        p1_0.id 
    from
        products p1_0 
    where
        p1_0.created_at>=? 
    order by
        p1_0.created_at desc limit ?,
        ?
01:35:17 TRACE org.hibernate.orm.jdbc.bind - binding parameter [1] as [VARCHAR] - [FEMALE]
01:35:17 TRACE org.hibernate.orm.jdbc.bind - binding parameter [1] as [TIMESTAMP_UTC] - [2026-02-21T23:35:17.183954Z]
01:35:17 TRACE org.hibernate.orm.jdbc.bind - binding parameter [1] as [VARCHAR] - [MALE]
01:35:17 TRACE org.hibernate.orm.jdbc.bind - binding parameter [2] as [VARCHAR] - [FEMALE]
01:35:17 TRACE org.hibernate.orm.jdbc.bind - binding parameter [2] as [INTEGER] - [0]
01:35:17 TRACE org.hibernate.orm.jdbc.bind - binding parameter [2] as [VARCHAR] - [MALE]
01:35:17 TRACE org.hibernate.orm.jdbc.bind - binding parameter [3] as [NUMERIC] - [null]
01:35:17 TRACE org.hibernate.orm.jdbc.bind - binding parameter [3] as [INTEGER] - [4]
01:35:17 TRACE org.hibernate.orm.jdbc.bind - binding parameter [3] as [NUMERIC] - [null]
01:35:17 TRACE org.hibernate.orm.jdbc.bind - binding parameter [4] as [NUMERIC] - [null]
01:35:17 TRACE org.hibernate.orm.jdbc.bind - binding parameter [4] as [NUMERIC] - [null]
01:35:17 TRACE org.hibernate.orm.jdbc.bind - binding parameter [5] as [NUMERIC] - [null]
01:35:17 TRACE org.hibernate.orm.jdbc.bind - binding parameter [5] as [NUMERIC] - [null]
01:35:17 TRACE org.hibernate.orm.jdbc.bind - binding parameter [6] as [NUMERIC] - [null]
01:35:17 TRACE org.hibernate.orm.jdbc.bind - binding parameter [7] as [INTEGER] - [0]
01:35:17 TRACE org.hibernate.orm.jdbc.bind - binding parameter [6] as [NUMERIC] - [null]
01:35:17 TRACE org.hibernate.orm.jdbc.bind - binding parameter [8] as [INTEGER] - [4]
01:35:17 TRACE org.hibernate.orm.jdbc.bind - binding parameter [7] as [INTEGER] - [0]
01:35:17 TRACE org.hibernate.orm.jdbc.bind - binding parameter [8] as [INTEGER] - [4]
01:35:17 DEBUG org.hibernate.SQL - 
    select
        distinct p1_0.id,
        p1_0.base_price,
        c1_0.id,
        c1_0.description,
        c1_0.gender,
        c1_0.name,
        p1_0.created_at,
        p1_0.description,
        p1_0.image_url,
        p1_0.name,
        p2_0.product_id,
        p2_0.id,
        p2_0.color,
        p2_0.quantity,
        p2_0.size 
    from
        products p1_0 
    left join
        product_variants p2_0 
            on p1_0.id=p2_0.product_id 
    left join
        categories c1_0 
            on c1_0.id=p1_0.category_id 
    where
        p1_0.id in(?,?,?,?) 
    order by
        p1_0.created_at desc,
        p2_0.id
01:35:17 DEBUG org.hibernate.SQL - 
    select
        distinct p1_0.id,
        p1_0.base_price,
        c1_0.id,
        c1_0.description,
        c1_0.gender,
        c1_0.name,
        p1_0.created_at,
        p1_0.description,
        p1_0.image_url,
        p1_0.name,
        p2_0.product_id,
        p2_0.id,
        p2_0.color,
        p2_0.quantity,
        p2_0.size 
    from
        products p1_0 
    left join
        product_variants p2_0 
            on p1_0.id=p2_0.product_id 
    left join
        categories c1_0 
            on c1_0.id=p1_0.category_id 
    where
        p1_0.id in(?,?) 
    order by
        p1_0.created_at desc,
        p2_0.id
01:35:17 DEBUG org.hibernate.SQL - 
    select
        distinct p1_0.id,
        p1_0.base_price,
        c1_0.id,
        c1_0.description,
        c1_0.gender,
        c1_0.name,
        p1_0.created_at,
        p1_0.description,
        p1_0.image_url,
        p1_0.name,
        p2_0.product_id,
        p2_0.id,
        p2_0.color,
        p2_0.quantity,
        p2_0.size 
    from
        products p1_0 
    left join
        product_variants p2_0 
            on p1_0.id=p2_0.product_id 
    left join
        categories c1_0 
            on c1_0.id=p1_0.category_id 
    where
        p1_0.id in(?,?,?,?) 
    order by
        p1_0.created_at desc,
        p2_0.id
01:35:17 TRACE org.hibernate.orm.jdbc.bind - binding parameter [1] as [INTEGER] - [4]
01:35:17 TRACE org.hibernate.orm.jdbc.bind - binding parameter [1] as [INTEGER] - [1]
01:35:17 TRACE org.hibernate.orm.jdbc.bind - binding parameter [2] as [INTEGER] - [8]
01:35:17 TRACE org.hibernate.orm.jdbc.bind - binding parameter [3] as [INTEGER] - [2]
01:35:17 TRACE org.hibernate.orm.jdbc.bind - binding parameter [4] as [INTEGER] - [3]
01:35:17 INFO  org.hibernate.SQL_SLOW - SlowQuery: 3 milliseconds. SQL: 'com.mysql.cj.jdbc.ClientPreparedStatement: select u1_0.id,u1_0.address,u1_0.birthday,c1_0.id,c1_0.created_at,u1_0.created_at,u1_0.credit_limit,u1_0.email,u1_0.gender,u1_0.job,u1_0.name,u1_0.password_hash,u1_0.role from users u1_0 left join carts c1_0 on u1_0.id=c1_0.user_id where u1_0.id=4'
01:35:17 TRACE org.hibernate.orm.jdbc.bind - binding parameter [1] as [INTEGER] - [1]
01:35:17 TRACE org.hibernate.orm.jdbc.bind - binding parameter [2] as [INTEGER] - [8]
01:35:17 TRACE org.hibernate.orm.jdbc.bind - binding parameter [3] as [INTEGER] - [2]
01:35:17 TRACE org.hibernate.orm.jdbc.bind - binding parameter [4] as [INTEGER] - [3]
01:35:17 TRACE org.hibernate.orm.jdbc.bind - binding parameter [1] as [INTEGER] - [6]
01:35:17 TRACE org.hibernate.orm.jdbc.bind - binding parameter [2] as [INTEGER] - [7]
01:35:17 INFO  org.hibernate.SQL_SLOW - SlowQuery: 4 milliseconds. SQL: 'com.mysql.cj.jdbc.ClientPreparedStatement: select distinct p1_0.id,p1_0.base_price,c1_0.id,c1_0.description,c1_0.gender,c1_0.name,p1_0.created_at,p1_0.description,p1_0.image_url,p1_0.name,p2_0.product_id,p2_0.id,p2_0.color,p2_0.quantity,p2_0.size from products p1_0 left join product_variants p2_0 on p1_0.id=p2_0.product_id left join categories c1_0 on c1_0.id=p1_0.category_id where p1_0.id in(1,8,2,3) order by p1_0.created_at desc,p2_0.id'
01:35:17 DEBUG org.hibernate.SQL - 
    select
        c1_0.cart_id,
        c1_0.id,
        c1_0.end_date,
        c1_0.quantity,
        c1_0.start_date,
        c1_0.variant_id 
    from
        cart_items c1_0 
    where
        c1_0.cart_id=?
01:35:17 TRACE org.hibernate.orm.jdbc.bind - binding parameter [1] as [INTEGER] - [3]
01:35:17 INFO  org.hibernate.SQL_SLOW - SlowQuery: 10 milliseconds. SQL: 'com.mysql.cj.jdbc.ClientPreparedStatement: select distinct p1_0.id,p1_0.base_price,c1_0.id,c1_0.description,c1_0.gender,c1_0.name,p1_0.created_at,p1_0.description,p1_0.image_url,p1_0.name,p2_0.product_id,p2_0.id,p2_0.color,p2_0.quantity,p2_0.size from products p1_0 left join product_variants p2_0 on p1_0.id=p2_0.product_id left join categories c1_0 on c1_0.id=p1_0.category_id where p1_0.id in(1,8,2,3) order by p1_0.created_at desc,p2_0.id'
01:35:17 INFO  org.hibernate.SQL_SLOW - SlowQuery: 2 milliseconds. SQL: 'com.mysql.cj.jdbc.ClientPreparedStatement: select c1_0.cart_id,c1_0.id,c1_0.end_date,c1_0.quantity,c1_0.start_date,c1_0.variant_id from cart_items c1_0 where c1_0.cart_id=3'
01:35:17 DEBUG org.hibernate.SQL - 
    select
        p1_0.id 
    from
        products p1_0 
    left join
        categories c1_0 
            on c1_0.id=p1_0.category_id 
    where
        p1_0.category_id in(?,?,?) 
        and (
            ? is null 
            or c1_0.gender=?
        ) 
        and (
            ? is null 
            or p1_0.base_price>=?
        ) 
        and (
            ? is null 
            or p1_0.base_price<=?
        ) 
    order by
        p1_0.created_at desc limit ?,
        ?
01:35:17 DEBUG org.hibernate.SQL - 
    select
        count(distinct p1_0.id) 
    from
        products p1_0 
    left join
        categories c1_0 
            on c1_0.id=p1_0.category_id 
    where
        (
            ? is null 
            or c1_0.gender=?
        ) 
        and (
            ? is null 
            or p1_0.base_price>=?
        ) 
        and (
            ? is null 
            or p1_0.base_price<=?
        )
01:35:17 TRACE org.hibernate.orm.jdbc.bind - binding parameter [1] as [VARCHAR] - [FEMALE]
01:35:17 TRACE org.hibernate.orm.jdbc.bind - binding parameter [2] as [VARCHAR] - [FEMALE]
01:35:17 TRACE org.hibernate.orm.jdbc.bind - binding parameter [3] as [NUMERIC] - [null]
01:35:17 TRACE org.hibernate.orm.jdbc.bind - binding parameter [4] as [NUMERIC] - [null]
01:35:17 TRACE org.hibernate.orm.jdbc.bind - binding parameter [5] as [NUMERIC] - [null]
01:35:17 TRACE org.hibernate.orm.jdbc.bind - binding parameter [6] as [NUMERIC] - [null]
01:35:17 DEBUG org.hibernate.SQL - 
    select
        p1_0.id,
        p1_0.color,
        p1_0.product_id,
        p1_0.quantity,
        p1_0.size 
    from
        product_variants p1_0 
    where
        p1_0.id=?
01:35:17 DEBUG org.hibernate.SQL - 
    select
        count(distinct p1_0.id) 
    from
        products p1_0 
    left join
        categories c1_0 
            on c1_0.id=p1_0.category_id 
    where
        (
            ? is null 
            or c1_0.gender=?
        ) 
        and (
            ? is null 
            or p1_0.base_price>=?
        ) 
        and (
            ? is null 
            or p1_0.base_price<=?
        )
01:35:17 TRACE org.hibernate.orm.jdbc.bind - binding parameter [1] as [INTEGER] - [1]
01:35:17 TRACE org.hibernate.orm.jdbc.bind - binding parameter [2] as [INTEGER] - [3]
01:35:17 INFO  org.hibernate.SQL_SLOW - SlowQuery: 2 milliseconds. SQL: 'com.mysql.cj.jdbc.ClientPreparedStatement: select count(distinct p1_0.id) from products p1_0 left join categories c1_0 on c1_0.id=p1_0.category_id where ('FEMALE' is null or c1_0.gender='FEMALE') and (NULL is null or p1_0.base_price>=NULL) and (NULL is null or p1_0.base_price<=NULL)'
01:35:17 TRACE org.hibernate.orm.jdbc.bind - binding parameter [1] as [INTEGER] - [2]
01:35:17 TRACE org.hibernate.orm.jdbc.bind - binding parameter [3] as [INTEGER] - [4]
01:35:17 TRACE org.hibernate.orm.jdbc.bind - binding parameter [1] as [VARCHAR] - [MALE]
01:35:17 TRACE org.hibernate.orm.jdbc.bind - binding parameter [2] as [VARCHAR] - [MALE]
01:35:17 TRACE org.hibernate.orm.jdbc.bind - binding parameter [3] as [NUMERIC] - [null]
01:35:17 TRACE org.hibernate.orm.jdbc.bind - binding parameter [4] as [VARCHAR] - [null]
01:35:17 TRACE org.hibernate.orm.jdbc.bind - binding parameter [4] as [NUMERIC] - [null]
01:35:17 TRACE org.hibernate.orm.jdbc.bind - binding parameter [5] as [NUMERIC] - [null]
01:35:17 TRACE org.hibernate.orm.jdbc.bind - binding parameter [5] as [VARCHAR] - [null]
01:35:17 TRACE org.hibernate.orm.jdbc.bind - binding parameter [6] as [NUMERIC] - [null]
01:35:17 TRACE org.hibernate.orm.jdbc.bind - binding parameter [6] as [NUMERIC] - [null]
01:35:17 TRACE org.hibernate.orm.jdbc.bind - binding parameter [7] as [NUMERIC] - [null]
01:35:17 TRACE org.hibernate.orm.jdbc.bind - binding parameter [8] as [NUMERIC] - [null]
01:35:17 TRACE org.hibernate.orm.jdbc.bind - binding parameter [9] as [NUMERIC] - [null]
01:35:17 DEBUG org.hibernate.SQL - 
    select
        min(p1_0.base_price),
        max(p1_0.base_price) 
    from
        products p1_0 
    left join
        categories c1_0 
            on c1_0.id=p1_0.category_id 
    where
        (
            ? is null 
            or c1_0.gender=?
        )
01:35:17 TRACE org.hibernate.orm.jdbc.bind - binding parameter [10] as [INTEGER] - [0]
01:35:17 TRACE org.hibernate.orm.jdbc.bind - binding parameter [11] as [INTEGER] - [4]
01:35:17 TRACE org.hibernate.orm.jdbc.bind - binding parameter [1] as [VARCHAR] - [FEMALE]
01:35:17 TRACE org.hibernate.orm.jdbc.bind - binding parameter [2] as [VARCHAR] - [FEMALE]
01:35:17 DEBUG org.hibernate.SQL - 
    select
        p1_0.id,
        p1_0.base_price,
        p1_0.category_id,
        p1_0.created_at,
        p1_0.description,
        p1_0.image_url,
        p1_0.name 
    from
        products p1_0 
    where
        p1_0.id=?
01:35:17 DEBUG org.hibernate.SQL - 
    select
        count(p1_0.id) 
    from
        products p1_0 
    where
        p1_0.created_at>=?
01:35:17 TRACE org.hibernate.orm.jdbc.bind - binding parameter [1] as [TIMESTAMP_UTC] - [2026-02-21T23:35:17.275963700Z]
01:35:17 TRACE org.hibernate.orm.jdbc.bind - binding parameter [1] as [INTEGER] - [1]
01:35:17 DEBUG org.hibernate.SQL - 
    select
        min(p1_0.base_price),
        max(p1_0.base_price) 
    from
        products p1_0 
    left join
        categories c1_0 
            on c1_0.id=p1_0.category_id 
    where
        (
            ? is null 
            or c1_0.gender=?
        )
01:35:17 INFO  org.hibernate.SQL_SLOW - SlowQuery: 2 milliseconds. SQL: 'com.mysql.cj.jdbc.ClientPreparedStatement: select min(p1_0.base_price),max(p1_0.base_price) from products p1_0 left join categories c1_0 on c1_0.id=p1_0.category_id where ('FEMALE' is null or c1_0.gender='FEMALE')'
01:35:17 DEBUG org.hibernate.SQL - 
    select
        min(p1_0.base_price),
        max(p1_0.base_price) 
    from
        products p1_0 
    left join
        categories c1_0 
            on c1_0.id=p1_0.category_id 
    where
        (
            ? is null 
            or c1_0.gender=?
        )
01:35:17 DEBUG org.hibernate.SQL - 
    select
        distinct p1_0.id,
        p1_0.base_price,
        c1_0.id,
        c1_0.description,
        c1_0.gender,
        c1_0.name,
        p1_0.created_at,
        p1_0.description,
        p1_0.image_url,
        p1_0.name,
        p2_0.product_id,
        p2_0.id,
        p2_0.color,
        p2_0.quantity,
        p2_0.size 
    from
        products p1_0 
    left join
        product_variants p2_0 
            on p1_0.id=p2_0.product_id 
    left join
        categories c1_0 
            on c1_0.id=p1_0.category_id 
    where
        p1_0.id in(?,?,?,?) 
    order by
        p1_0.created_at desc,
        p2_0.id
01:35:17 DEBUG org.hibernate.SQL - 
    select
        c1_0.id,
        c1_0.description,
        c1_0.gender,
        c1_0.name 
    from
        categories c1_0 
    where
        c1_0.id=?
01:35:17 TRACE org.hibernate.orm.jdbc.bind - binding parameter [1] as [VARCHAR] - [MALE]
01:35:17 TRACE org.hibernate.orm.jdbc.bind - binding parameter [2] as [VARCHAR] - [MALE]
01:35:17 TRACE org.hibernate.orm.jdbc.bind - binding parameter [1] as [INTEGER] - [1]
01:35:17 TRACE org.hibernate.orm.jdbc.bind - binding parameter [1] as [VARCHAR] - [null]
01:35:17 TRACE org.hibernate.orm.jdbc.bind - binding parameter [2] as [VARCHAR] - [null]
01:35:17 TRACE org.hibernate.orm.jdbc.bind - binding parameter [1] as [INTEGER] - [1]
01:35:17 TRACE org.hibernate.orm.jdbc.bind - binding parameter [2] as [INTEGER] - [8]
01:35:17 TRACE org.hibernate.orm.jdbc.bind - binding parameter [3] as [INTEGER] - [2]
01:35:17 TRACE org.hibernate.orm.jdbc.bind - binding parameter [4] as [INTEGER] - [3]
01:35:17 DEBUG org.hibernate.SQL - 
    select
        p1_0.id,
        p1_0.color,
        p1_0.image_url,
        p1_0.product_id 
    from
        product_images p1_0 
    where
        p1_0.product_id in(?,?,?,?) 
        and p1_0.id=(
            select
                min(p3_0.id) 
            from
                product_images p3_0,
                products p5_0 
            where
                p3_0.product_id=p5_0.id 
                and p3_0.color=p1_0.color 
                and p5_0.id=p1_0.product_id
        ) 
    order by
        p1_0.product_id,
        p1_0.id
01:35:17 DEBUG org.hibernate.SQL - 
    select
        p1_0.id,
        p1_0.color,
        p1_0.image_url,
        p1_0.product_id 
    from
        product_images p1_0 
    where
        p1_0.product_id in(?,?) 
        and p1_0.id=(
            select
                min(p3_0.id) 
            from
                product_images p3_0,
                products p5_0 
            where
                p3_0.product_id=p5_0.id 
                and p3_0.color=p1_0.color 
                and p5_0.id=p1_0.product_id
        ) 
    order by
        p1_0.product_id,
        p1_0.id
01:35:17 DEBUG org.hibernate.SQL - 
    select
        count(distinct p1_0.id) 
    from
        products p1_0 
    left join
        categories c1_0 
            on c1_0.id=p1_0.category_id 
    where
        p1_0.category_id in(?,?,?) 
        and (
            ? is null 
            or c1_0.gender=?
        ) 
        and (
            ? is null 
            or p1_0.base_price>=?
        ) 
        and (
            ? is null 
            or p1_0.base_price<=?
        )
01:35:17 DEBUG org.hibernate.SQL - 
    select
        p1_0.id,
        p1_0.color,
        p1_0.image_url,
        p1_0.product_id 
    from
        product_images p1_0 
    where
        p1_0.product_id in(?,?,?,?) 
        and p1_0.id=(
            select
                min(p3_0.id) 
            from
                product_images p3_0,
                products p5_0 
            where
                p3_0.product_id=p5_0.id 
                and p3_0.color=p1_0.color 
                and p5_0.id=p1_0.product_id
        ) 
    order by
        p1_0.product_id,
        p1_0.id
01:35:17 TRACE org.hibernate.orm.jdbc.bind - binding parameter [1] as [INTEGER] - [1]
01:35:17 TRACE org.hibernate.orm.jdbc.bind - binding parameter [1] as [INTEGER] - [1]
01:35:17 TRACE org.hibernate.orm.jdbc.bind - binding parameter [1] as [INTEGER] - [1]
01:35:17 TRACE org.hibernate.orm.jdbc.bind - binding parameter [2] as [INTEGER] - [8]
01:35:17 TRACE org.hibernate.orm.jdbc.bind - binding parameter [2] as [INTEGER] - [8]
01:35:17 TRACE org.hibernate.orm.jdbc.bind - binding parameter [3] as [INTEGER] - [2]
01:35:17 TRACE org.hibernate.orm.jdbc.bind - binding parameter [2] as [INTEGER] - [3]
01:35:17 TRACE org.hibernate.orm.jdbc.bind - binding parameter [3] as [INTEGER] - [2]
01:35:17 TRACE org.hibernate.orm.jdbc.bind - binding parameter [1] as [INTEGER] - [6]
01:35:17 TRACE org.hibernate.orm.jdbc.bind - binding parameter [4] as [INTEGER] - [3]
01:35:17 TRACE org.hibernate.orm.jdbc.bind - binding parameter [4] as [INTEGER] - [3]
01:35:17 TRACE org.hibernate.orm.jdbc.bind - binding parameter [3] as [INTEGER] - [4]
01:35:17 TRACE org.hibernate.orm.jdbc.bind - binding parameter [4] as [VARCHAR] - [null]
01:35:17 TRACE org.hibernate.orm.jdbc.bind - binding parameter [5] as [VARCHAR] - [null]
01:35:17 TRACE org.hibernate.orm.jdbc.bind - binding parameter [6] as [NUMERIC] - [null]
01:35:17 TRACE org.hibernate.orm.jdbc.bind - binding parameter [7] as [NUMERIC] - [null]
01:35:17 TRACE org.hibernate.orm.jdbc.bind - binding parameter [8] as [NUMERIC] - [null]
01:35:17 TRACE org.hibernate.orm.jdbc.bind - binding parameter [9] as [NUMERIC] - [null]
01:35:17 TRACE org.hibernate.orm.jdbc.bind - binding parameter [2] as [INTEGER] - [7]
01:35:17 DEBUG org.hibernate.SQL - 
    select
        min(p1_0.base_price),
        max(p1_0.base_price) 
    from
        products p1_0 
    left join
        categories c1_0 
            on c1_0.id=p1_0.category_id 
    where
        p1_0.category_id in(?,?,?) 
        and (
            ? is null 
            or c1_0.gender=?
        )
01:35:17 INFO  org.hibernate.SQL_SLOW - SlowQuery: 8 milliseconds. SQL: 'com.mysql.cj.jdbc.ClientPreparedStatement: select p1_0.id,p1_0.color,p1_0.image_url,p1_0.product_id from product_images p1_0 where p1_0.product_id in(1,8,2,3) and p1_0.id=(select min(p3_0.id) from product_images p3_0,products p5_0 where p3_0.product_id=p5_0.id and p3_0.color=p1_0.color and p5_0.id=p1_0.product_id) order by p1_0.product_id,p1_0.id'
01:35:17 INFO  org.hibernate.SQL_SLOW - SlowQuery: 9 milliseconds. SQL: 'com.mysql.cj.jdbc.ClientPreparedStatement: select p1_0.id,p1_0.color,p1_0.image_url,p1_0.product_id from product_images p1_0 where p1_0.product_id in(1,8,2,3) and p1_0.id=(select min(p3_0.id) from product_images p3_0,products p5_0 where p3_0.product_id=p5_0.id and p3_0.color=p1_0.color and p5_0.id=p1_0.product_id) order by p1_0.product_id,p1_0.id'
01:35:17 TRACE org.hibernate.orm.jdbc.bind - binding parameter [1] as [INTEGER] - [1]
01:35:17 TRACE org.hibernate.orm.jdbc.bind - binding parameter [2] as [INTEGER] - [3]
01:35:17 TRACE org.hibernate.orm.jdbc.bind - binding parameter [3] as [INTEGER] - [4]
01:35:17 TRACE org.hibernate.orm.jdbc.bind - binding parameter [4] as [VARCHAR] - [null]
01:35:17 TRACE org.hibernate.orm.jdbc.bind - binding parameter [5] as [VARCHAR] - [null]
01:35:17 DEBUG org.hibernate.SQL - 
    select
        p1_0.id,
        p1_0.color,
        p1_0.image_url,
        p1_0.product_id 
    from
        product_images p1_0 
    where
        p1_0.product_id in(?,?,?,?) 
        and p1_0.id=(
            select
                min(p3_0.id) 
            from
                product_images p3_0,
                products p5_0 
            where
                p3_0.product_id=p5_0.id 
                and p3_0.color=p1_0.color 
                and p5_0.id=p1_0.product_id
        ) 
    order by
        p1_0.product_id,
        p1_0.id
01:35:17 TRACE org.hibernate.orm.jdbc.bind - binding parameter [1] as [INTEGER] - [1]
01:35:17 TRACE org.hibernate.orm.jdbc.bind - binding parameter [2] as [INTEGER] - [8]
01:35:17 TRACE org.hibernate.orm.jdbc.bind - binding parameter [3] as [INTEGER] - [2]
01:35:17 TRACE org.hibernate.orm.jdbc.bind - binding parameter [4] as [INTEGER] - [3]
01:35:17 INFO  org.hibernate.SQL_SLOW - SlowQuery: 2 milliseconds. SQL: 'com.mysql.cj.jdbc.ClientPreparedStatement: select p1_0.id,p1_0.color,p1_0.image_url,p1_0.product_id from product_images p1_0 where p1_0.product_id in(1,8,2,3) and p1_0.id=(select min(p3_0.id) from product_images p3_0,products p5_0 where p3_0.product_id=p5_0.id and p3_0.color=p1_0.color and p5_0.id=p1_0.product_id) order by p1_0.product_id,p1_0.id'
01:35:26 DEBUG org.hibernate.SQL - 
    select
        u1_0.id,
        u1_0.address,
        u1_0.birthday,
        c1_0.id,
        c1_0.created_at,
        u1_0.created_at,
        u1_0.credit_limit,
        u1_0.email,
        u1_0.gender,
        u1_0.job,
        u1_0.name,
        u1_0.password_hash,
        u1_0.role 
    from
        users u1_0 
    left join
        carts c1_0 
            on u1_0.id=c1_0.user_id 
    where
        u1_0.id=?
01:35:26 TRACE org.hibernate.orm.jdbc.bind - binding parameter [1] as [INTEGER] - [4]
01:35:26 DEBUG org.hibernate.SQL - 
    select
        c1_0.id,
        c1_0.cart_id,
        c1_0.end_date,
        c1_0.quantity,
        c1_0.start_date,
        c1_0.variant_id 
    from
        cart_items c1_0 
    where
        c1_0.id=?
01:35:26 TRACE org.hibernate.orm.jdbc.bind - binding parameter [1] as [INTEGER] - [20]
01:35:26 INFO  org.hibernate.SQL_SLOW - SlowQuery: 2 milliseconds. SQL: 'com.mysql.cj.jdbc.ClientPreparedStatement: select c1_0.id,c1_0.cart_id,c1_0.end_date,c1_0.quantity,c1_0.start_date,c1_0.variant_id from cart_items c1_0 where c1_0.id=20'
01:35:26 DEBUG org.hibernate.SQL - 
    select
        c1_0.cart_id,
        c1_0.id,
        c1_0.end_date,
        c1_0.quantity,
        c1_0.start_date,
        c1_0.variant_id 
    from
        cart_items c1_0 
    where
        c1_0.cart_id=?
01:35:26 TRACE org.hibernate.orm.jdbc.bind - binding parameter [1] as [INTEGER] - [3]
01:35:26 DEBUG org.hibernate.SQL - 
    delete 
    from
        cart_items 
    where
        id=?
01:35:26 TRACE org.hibernate.orm.jdbc.bind - binding parameter [1] as [INTEGER] - [20]
01:35:26 INFO  org.hibernate.SQL_SLOW - SlowQuery: 42 milliseconds. SQL: 'delete from cart_items where id=?'
01:35:31 DEBUG org.hibernate.SQL - 
    select
        c1_0.id,
        c1_0.description,
        c1_0.gender,
        c1_0.name 
    from
        categories c1_0
01:35:31 DEBUG org.hibernate.SQL - 
    select
        c1_0.id,
        c1_0.description,
        c1_0.gender,
        c1_0.name 
    from
        categories c1_0
01:35:31 DEBUG org.hibernate.SQL - 
    select
        p1_0.id,
        p1_0.base_price,
        p1_0.category_id,
        p1_0.created_at,
        p1_0.description,
        p1_0.image_url,
        p1_0.name 
    from
        products p1_0 
    where
        p1_0.id=?
01:35:31 TRACE org.hibernate.orm.jdbc.bind - binding parameter [1] as [INTEGER] - [2]
01:35:31 DEBUG org.hibernate.SQL - 
    select
        p1_0.id,
        p1_0.color,
        p1_0.product_id,
        p1_0.quantity,
        p1_0.size 
    from
        product_variants p1_0 
    where
        p1_0.product_id=? 
    order by
        p1_0.id
01:35:31 TRACE org.hibernate.orm.jdbc.bind - binding parameter [1] as [INTEGER] - [2]
01:35:31 DEBUG org.hibernate.SQL - 
    select
        p1_0.id,
        p1_0.color,
        p1_0.image_url,
        p1_0.product_id 
    from
        product_images p1_0 
    where
        p1_0.product_id=? 
    order by
        p1_0.id
01:35:31 TRACE org.hibernate.orm.jdbc.bind - binding parameter [1] as [INTEGER] - [2]
01:35:31 DEBUG org.hibernate.SQL - 
    select
        c1_0.id,
        c1_0.description,
        c1_0.gender,
        c1_0.name 
    from
        categories c1_0 
    where
        c1_0.id=?
01:35:31 TRACE org.hibernate.orm.jdbc.bind - binding parameter [1] as [INTEGER] - [1]
01:35:31 DEBUG org.hibernate.SQL - 
    select
        c1_0.id,
        c1_0.description,
        c1_0.gender,
        c1_0.name 
    from
        categories c1_0
01:35:31 DEBUG org.hibernate.SQL - 
    select
        c1_0.id,
        c1_0.description,
        c1_0.gender,
        c1_0.name 
    from
        categories c1_0
01:35:45 DEBUG org.hibernate.SQL - 
    select
        u1_0.id,
        u1_0.address,
        u1_0.birthday,
        c1_0.id,
        c1_0.created_at,
        u1_0.created_at,
        u1_0.credit_limit,
        u1_0.email,
        u1_0.gender,
        u1_0.job,
        u1_0.name,
        u1_0.password_hash,
        u1_0.role 
    from
        users u1_0 
    left join
        carts c1_0 
            on u1_0.id=c1_0.user_id 
    where
        u1_0.id=?
01:35:45 TRACE org.hibernate.orm.jdbc.bind - binding parameter [1] as [INTEGER] - [4]
01:35:45 DEBUG org.hibernate.SQL - 
    select
        p1_0.id,
        p1_0.color,
        p1_0.product_id,
        p1_0.quantity,
        p1_0.size 
    from
        product_variants p1_0 
    where
        p1_0.id=?
01:35:45 TRACE org.hibernate.orm.jdbc.bind - binding parameter [1] as [INTEGER] - [9]
01:35:45 DEBUG org.hibernate.SQL - 
    insert 
    into
        cart_items
        (cart_id,end_date,quantity,start_date,variant_id) 
    values
        (?,?,?,?,?)
01:35:45 TRACE org.hibernate.orm.jdbc.bind - binding parameter [1] as [INTEGER] - [3]
01:35:45 TRACE org.hibernate.orm.jdbc.bind - binding parameter [2] as [DATE] - [2026-03-30]
01:35:45 TRACE org.hibernate.orm.jdbc.bind - binding parameter [3] as [INTEGER] - [1]
01:35:45 TRACE org.hibernate.orm.jdbc.bind - binding parameter [4] as [DATE] - [2026-03-24]
01:35:45 TRACE org.hibernate.orm.jdbc.bind - binding parameter [5] as [INTEGER] - [9]
01:35:45 INFO  org.hibernate.SQL_SLOW - SlowQuery: 29 milliseconds. SQL: 'insert into cart_items (cart_id,end_date,quantity,start_date,variant_id) values (?,?,?,?,?)'
01:35:50 DEBUG org.hibernate.SQL - 
    select
        c1_0.id,
        c1_0.description,
        c1_0.gender,
        c1_0.name 
    from
        categories c1_0
01:35:50 DEBUG org.hibernate.SQL - 
    select
        p1_0.id,
        p1_0.base_price,
        p1_0.category_id,
        p1_0.created_at,
        p1_0.description,
        p1_0.image_url,
        p1_0.name 
    from
        products p1_0 
    where
        p1_0.id=?
01:35:50 TRACE org.hibernate.orm.jdbc.bind - binding parameter [1] as [INTEGER] - [1]
01:35:50 DEBUG org.hibernate.SQL - 
    select
        p1_0.id,
        p1_0.color,
        p1_0.product_id,
        p1_0.quantity,
        p1_0.size 
    from
        product_variants p1_0 
    where
        p1_0.product_id=? 
    order by
        p1_0.id
01:35:50 TRACE org.hibernate.orm.jdbc.bind - binding parameter [1] as [INTEGER] - [1]
01:35:50 DEBUG org.hibernate.SQL - 
    select
        p1_0.id,
        p1_0.color,
        p1_0.image_url,
        p1_0.product_id 
    from
        product_images p1_0 
    where
        p1_0.product_id=? 
    order by
        p1_0.id
01:35:50 TRACE org.hibernate.orm.jdbc.bind - binding parameter [1] as [INTEGER] - [1]
01:35:50 DEBUG org.hibernate.SQL - 
    select
        c1_0.id,
        c1_0.description,
        c1_0.gender,
        c1_0.name 
    from
        categories c1_0 
    where
        c1_0.id=?
01:35:50 TRACE org.hibernate.orm.jdbc.bind - binding parameter [1] as [INTEGER] - [1]
01:35:58 DEBUG org.hibernate.SQL - 
    select
        u1_0.id,
        u1_0.address,
        u1_0.birthday,
        c1_0.id,
        c1_0.created_at,
        u1_0.created_at,
        u1_0.credit_limit,
        u1_0.email,
        u1_0.gender,
        u1_0.job,
        u1_0.name,
        u1_0.password_hash,
        u1_0.role 
    from
        users u1_0 
    left join
        carts c1_0 
            on u1_0.id=c1_0.user_id 
    where
        u1_0.id=?
01:35:58 TRACE org.hibernate.orm.jdbc.bind - binding parameter [1] as [INTEGER] - [4]
01:35:58 DEBUG org.hibernate.SQL - 
    select
        p1_0.id,
        p1_0.color,
        p1_0.product_id,
        p1_0.quantity,
        p1_0.size 
    from
        product_variants p1_0 
    where
        p1_0.id=?
01:35:58 TRACE org.hibernate.orm.jdbc.bind - binding parameter [1] as [INTEGER] - [2]
01:35:58 DEBUG org.hibernate.SQL - 
    insert 
    into
        cart_items
        (cart_id,end_date,quantity,start_date,variant_id) 
    values
        (?,?,?,?,?)
01:35:58 TRACE org.hibernate.orm.jdbc.bind - binding parameter [1] as [INTEGER] - [3]
01:35:58 TRACE org.hibernate.orm.jdbc.bind - binding parameter [2] as [DATE] - [2026-03-25]
01:35:58 TRACE org.hibernate.orm.jdbc.bind - binding parameter [3] as [INTEGER] - [1]
01:35:58 TRACE org.hibernate.orm.jdbc.bind - binding parameter [4] as [DATE] - [2026-03-24]
01:35:58 TRACE org.hibernate.orm.jdbc.bind - binding parameter [5] as [INTEGER] - [2]
01:35:58 INFO  org.hibernate.SQL_SLOW - SlowQuery: 5 milliseconds. SQL: 'insert into cart_items (cart_id,end_date,quantity,start_date,variant_id) values (?,?,?,?,?)'
01:37:26 DEBUG org.hibernate.SQL - 
    select
        c1_0.id,
        c1_0.description,
        c1_0.gender,
        c1_0.name 
    from
        categories c1_0
01:37:27 DEBUG org.hibernate.SQL - 
    select
        u1_0.id,
        u1_0.address,
        u1_0.birthday,
        c1_0.id,
        c1_0.created_at,
        u1_0.created_at,
        u1_0.credit_limit,
        u1_0.email,
        u1_0.gender,
        u1_0.job,
        u1_0.name,
        u1_0.password_hash,
        u1_0.role 
    from
        users u1_0 
    left join
        carts c1_0 
            on u1_0.id=c1_0.user_id 
    where
        u1_0.id=?
01:37:27 TRACE org.hibernate.orm.jdbc.bind - binding parameter [1] as [INTEGER] - [4]
01:37:27 DEBUG org.hibernate.SQL - 
    select
        c1_0.cart_id,
        c1_0.id,
        c1_0.end_date,
        c1_0.quantity,
        c1_0.start_date,
        c1_0.variant_id 
    from
        cart_items c1_0 
    where
        c1_0.cart_id=?
01:37:27 TRACE org.hibernate.orm.jdbc.bind - binding parameter [1] as [INTEGER] - [3]
01:37:27 DEBUG org.hibernate.SQL - 
    select
        p1_0.id,
        p1_0.color,
        p1_0.product_id,
        p1_0.quantity,
        p1_0.size 
    from
        product_variants p1_0 
    where
        p1_0.id=?
01:37:27 TRACE org.hibernate.orm.jdbc.bind - binding parameter [1] as [INTEGER] - [9]
01:37:27 DEBUG org.hibernate.SQL - 
    select
        p1_0.id,
        p1_0.base_price,
        p1_0.category_id,
        p1_0.created_at,
        p1_0.description,
        p1_0.image_url,
        p1_0.name 
    from
        products p1_0 
    where
        p1_0.id=?
01:37:27 TRACE org.hibernate.orm.jdbc.bind - binding parameter [1] as [INTEGER] - [2]
01:37:27 DEBUG org.hibernate.SQL - 
    select
        c1_0.id,
        c1_0.description,
        c1_0.gender,
        c1_0.name 
    from
        categories c1_0 
    where
        c1_0.id=?
01:37:27 TRACE org.hibernate.orm.jdbc.bind - binding parameter [1] as [INTEGER] - [1]
01:37:27 DEBUG org.hibernate.SQL - 
    select
        p1_0.id,
        p1_0.color,
        p1_0.product_id,
        p1_0.quantity,
        p1_0.size 
    from
        product_variants p1_0 
    where
        p1_0.id=?
01:37:27 TRACE org.hibernate.orm.jdbc.bind - binding parameter [1] as [INTEGER] - [2]
01:37:27 DEBUG org.hibernate.SQL - 
    select
        p1_0.id,
        p1_0.base_price,
        p1_0.category_id,
        p1_0.created_at,
        p1_0.description,
        p1_0.image_url,
        p1_0.name 
    from
        products p1_0 
    where
        p1_0.id=?
01:37:27 TRACE org.hibernate.orm.jdbc.bind - binding parameter [1] as [INTEGER] - [1]
01:37:48 DEBUG org.hibernate.SQL - 
    select
        c1_0.id,
        c1_0.description,
        c1_0.gender,
        c1_0.name 
    from
        categories c1_0
01:37:48 DEBUG org.hibernate.SQL - 
    select
        u1_0.id,
        u1_0.address,
        u1_0.birthday,
        c1_0.id,
        c1_0.created_at,
        u1_0.created_at,
        u1_0.credit_limit,
        u1_0.email,
        u1_0.gender,
        u1_0.job,
        u1_0.name,
        u1_0.password_hash,
        u1_0.role 
    from
        users u1_0 
    left join
        carts c1_0 
            on u1_0.id=c1_0.user_id 
    where
        u1_0.id=?
01:37:48 TRACE org.hibernate.orm.jdbc.bind - binding parameter [1] as [INTEGER] - [4]
01:37:48 DEBUG org.hibernate.SQL - 
    select
        c1_0.cart_id,
        c1_0.id,
        c1_0.end_date,
        c1_0.quantity,
        c1_0.start_date,
        c1_0.variant_id 
    from
        cart_items c1_0 
    where
        c1_0.cart_id=?
01:37:48 TRACE org.hibernate.orm.jdbc.bind - binding parameter [1] as [INTEGER] - [3]
01:37:48 DEBUG org.hibernate.SQL - 
    select
        p1_0.id,
        p1_0.color,
        p1_0.product_id,
        p1_0.quantity,
        p1_0.size 
    from
        product_variants p1_0 
    where
        p1_0.id=?
01:37:48 TRACE org.hibernate.orm.jdbc.bind - binding parameter [1] as [INTEGER] - [9]
01:37:48 DEBUG org.hibernate.SQL - 
    select
        p1_0.id,
        p1_0.base_price,
        p1_0.category_id,
        p1_0.created_at,
        p1_0.description,
        p1_0.image_url,
        p1_0.name 
    from
        products p1_0 
    where
        p1_0.id=?
01:37:48 TRACE org.hibernate.orm.jdbc.bind - binding parameter [1] as [INTEGER] - [2]
01:37:48 DEBUG org.hibernate.SQL - 
    select
        c1_0.id,
        c1_0.description,
        c1_0.gender,
        c1_0.name 
    from
        categories c1_0 
    where
        c1_0.id=?
01:37:48 TRACE org.hibernate.orm.jdbc.bind - binding parameter [1] as [INTEGER] - [1]
01:37:48 DEBUG org.hibernate.SQL - 
    select
        p1_0.id,
        p1_0.color,
        p1_0.product_id,
        p1_0.quantity,
        p1_0.size 
    from
        product_variants p1_0 
    where
        p1_0.id=?
01:37:48 TRACE org.hibernate.orm.jdbc.bind - binding parameter [1] as [INTEGER] - [2]
01:37:48 DEBUG org.hibernate.SQL - 
    select
        p1_0.id,
        p1_0.base_price,
        p1_0.category_id,
        p1_0.created_at,
        p1_0.description,
        p1_0.image_url,
        p1_0.name 
    from
        products p1_0 
    where
        p1_0.id=?
01:37:48 TRACE org.hibernate.orm.jdbc.bind - binding parameter [1] as [INTEGER] - [1]
01:37:59 DEBUG org.hibernate.SQL - 
    select
        c1_0.id,
        c1_0.description,
        c1_0.gender,
        c1_0.name 
    from
        categories c1_0
01:37:59 DEBUG org.hibernate.SQL - 
    select
        c1_0.id,
        c1_0.description,
        c1_0.gender,
        c1_0.name 
    from
        categories c1_0 
    where
        c1_0.gender=? 
    order by
        c1_0.name
01:37:59 TRACE org.hibernate.orm.jdbc.bind - binding parameter [1] as [VARCHAR] - [FEMALE]
01:37:59 DEBUG org.hibernate.SQL - 
    select
        c1_0.id,
        c1_0.description,
        c1_0.gender,
        c1_0.name 
    from
        categories c1_0 
    where
        c1_0.gender=? 
    order by
        c1_0.name
01:37:59 TRACE org.hibernate.orm.jdbc.bind - binding parameter [1] as [VARCHAR] - [MALE]
01:37:59 DEBUG org.hibernate.SQL - 
    select
        u1_0.id,
        u1_0.address,
        u1_0.birthday,
        c1_0.id,
        c1_0.created_at,
        u1_0.created_at,
        u1_0.credit_limit,
        u1_0.email,
        u1_0.gender,
        u1_0.job,
        u1_0.name,
        u1_0.password_hash,
        u1_0.role 
    from
        users u1_0 
    left join
        carts c1_0 
            on u1_0.id=c1_0.user_id 
    where
        u1_0.id=?
01:37:59 TRACE org.hibernate.orm.jdbc.bind - binding parameter [1] as [INTEGER] - [4]
01:37:59 DEBUG org.hibernate.SQL - 
    select
        c1_0.cart_id,
        c1_0.id,
        c1_0.end_date,
        c1_0.quantity,
        c1_0.start_date,
        c1_0.variant_id 
    from
        cart_items c1_0 
    where
        c1_0.cart_id=?
01:37:59 TRACE org.hibernate.orm.jdbc.bind - binding parameter [1] as [INTEGER] - [3]
01:37:59 DEBUG org.hibernate.SQL - 
    select
        c1_0.id,
        c1_0.description,
        c1_0.gender,
        c1_0.name 
    from
        categories c1_0
01:37:59 DEBUG org.hibernate.SQL - 
    select
        c1_0.id,
        c1_0.description,
        c1_0.gender,
        c1_0.name 
    from
        categories c1_0
01:37:59 DEBUG org.hibernate.SQL - 
    select
        c1_0.id,
        c1_0.description,
        c1_0.gender,
        c1_0.name 
    from
        categories c1_0
01:37:59 DEBUG org.hibernate.SQL - 
    select
        p1_0.id,
        p1_0.color,
        p1_0.product_id,
        p1_0.quantity,
        p1_0.size 
    from
        product_variants p1_0 
    where
        p1_0.id=?
01:37:59 DEBUG org.hibernate.SQL - 
    select
        c1_0.id,
        c1_0.description,
        c1_0.gender,
        c1_0.name 
    from
        categories c1_0
01:37:59 TRACE org.hibernate.orm.jdbc.bind - binding parameter [1] as [INTEGER] - [9]
01:37:59 DEBUG org.hibernate.SQL - 
    select
        p1_0.id 
    from
        products p1_0 
    where
        p1_0.created_at>=? 
    order by
        p1_0.created_at desc limit ?,
        ?
01:37:59 DEBUG org.hibernate.SQL - 
    select
        p1_0.id 
    from
        products p1_0 
    left join
        categories c1_0 
            on c1_0.id=p1_0.category_id 
    where
        (
            ? is null 
            or c1_0.gender=?
        ) 
        and (
            ? is null 
            or p1_0.base_price>=?
        ) 
        and (
            ? is null 
            or p1_0.base_price<=?
        ) 
    order by
        p1_0.created_at desc limit ?,
        ?
01:37:59 TRACE org.hibernate.orm.jdbc.bind - binding parameter [1] as [TIMESTAMP_UTC] - [2026-02-21T23:37:59.329984600Z]
01:37:59 DEBUG org.hibernate.SQL - 
    select
        p1_0.id 
    from
        products p1_0 
    left join
        categories c1_0 
            on c1_0.id=p1_0.category_id 
    where
        (
            ? is null 
            or c1_0.gender=?
        ) 
        and (
            ? is null 
            or p1_0.base_price>=?
        ) 
        and (
            ? is null 
            or p1_0.base_price<=?
        ) 
    order by
        p1_0.created_at desc limit ?,
        ?
01:37:59 TRACE org.hibernate.orm.jdbc.bind - binding parameter [2] as [INTEGER] - [0]
01:37:59 DEBUG org.hibernate.SQL - 
    select
        p1_0.id,
        p1_0.base_price,
        p1_0.category_id,
        p1_0.created_at,
        p1_0.description,
        p1_0.image_url,
        p1_0.name 
    from
        products p1_0 
    where
        p1_0.id=?
01:37:59 DEBUG org.hibernate.SQL - 
    select
        p1_0.id 
    from
        products p1_0 
    left join
        categories c1_0 
            on c1_0.id=p1_0.category_id 
    where
        p1_0.category_id in(?,?,?) 
        and (
            ? is null 
            or c1_0.gender=?
        ) 
        and (
            ? is null 
            or p1_0.base_price>=?
        ) 
        and (
            ? is null 
            or p1_0.base_price<=?
        ) 
    order by
        p1_0.created_at desc limit ?,
        ?
01:37:59 TRACE org.hibernate.orm.jdbc.bind - binding parameter [3] as [INTEGER] - [4]
01:37:59 TRACE org.hibernate.orm.jdbc.bind - binding parameter [1] as [VARCHAR] - [MALE]
01:37:59 TRACE org.hibernate.orm.jdbc.bind - binding parameter [2] as [VARCHAR] - [MALE]
01:37:59 TRACE org.hibernate.orm.jdbc.bind - binding parameter [3] as [NUMERIC] - [null]
01:37:59 TRACE org.hibernate.orm.jdbc.bind - binding parameter [4] as [NUMERIC] - [null]
01:37:59 TRACE org.hibernate.orm.jdbc.bind - binding parameter [5] as [NUMERIC] - [null]
01:37:59 TRACE org.hibernate.orm.jdbc.bind - binding parameter [6] as [NUMERIC] - [null]
01:37:59 TRACE org.hibernate.orm.jdbc.bind - binding parameter [7] as [INTEGER] - [0]
01:37:59 TRACE org.hibernate.orm.jdbc.bind - binding parameter [8] as [INTEGER] - [4]
01:37:59 TRACE org.hibernate.orm.jdbc.bind - binding parameter [1] as [INTEGER] - [2]
01:37:59 TRACE org.hibernate.orm.jdbc.bind - binding parameter [1] as [VARCHAR] - [FEMALE]
01:37:59 TRACE org.hibernate.orm.jdbc.bind - binding parameter [1] as [INTEGER] - [1]
01:37:59 TRACE org.hibernate.orm.jdbc.bind - binding parameter [2] as [VARCHAR] - [FEMALE]
01:37:59 TRACE org.hibernate.orm.jdbc.bind - binding parameter [2] as [INTEGER] - [3]
01:37:59 TRACE org.hibernate.orm.jdbc.bind - binding parameter [3] as [INTEGER] - [4]
01:37:59 TRACE org.hibernate.orm.jdbc.bind - binding parameter [3] as [NUMERIC] - [null]
01:37:59 TRACE org.hibernate.orm.jdbc.bind - binding parameter [4] as [VARCHAR] - [null]
01:37:59 TRACE org.hibernate.orm.jdbc.bind - binding parameter [5] as [VARCHAR] - [null]
01:37:59 TRACE org.hibernate.orm.jdbc.bind - binding parameter [4] as [NUMERIC] - [null]
01:37:59 TRACE org.hibernate.orm.jdbc.bind - binding parameter [6] as [NUMERIC] - [null]
01:37:59 TRACE org.hibernate.orm.jdbc.bind - binding parameter [5] as [NUMERIC] - [null]
01:37:59 TRACE org.hibernate.orm.jdbc.bind - binding parameter [6] as [NUMERIC] - [null]
01:37:59 TRACE org.hibernate.orm.jdbc.bind - binding parameter [7] as [NUMERIC] - [null]
01:37:59 TRACE org.hibernate.orm.jdbc.bind - binding parameter [7] as [INTEGER] - [0]
01:37:59 TRACE org.hibernate.orm.jdbc.bind - binding parameter [8] as [NUMERIC] - [null]
01:37:59 TRACE org.hibernate.orm.jdbc.bind - binding parameter [8] as [INTEGER] - [4]
01:37:59 TRACE org.hibernate.orm.jdbc.bind - binding parameter [9] as [NUMERIC] - [null]
01:37:59 TRACE org.hibernate.orm.jdbc.bind - binding parameter [10] as [INTEGER] - [0]
01:37:59 TRACE org.hibernate.orm.jdbc.bind - binding parameter [11] as [INTEGER] - [4]
01:37:59 DEBUG org.hibernate.SQL - 
    select
        distinct p1_0.id,
        p1_0.base_price,
        c1_0.id,
        c1_0.description,
        c1_0.gender,
        c1_0.name,
        p1_0.created_at,
        p1_0.description,
        p1_0.image_url,
        p1_0.name,
        p2_0.product_id,
        p2_0.id,
        p2_0.color,
        p2_0.quantity,
        p2_0.size 
    from
        products p1_0 
    left join
        product_variants p2_0 
            on p1_0.id=p2_0.product_id 
    left join
        categories c1_0 
            on c1_0.id=p1_0.category_id 
    where
        p1_0.id in(?,?,?,?) 
    order by
        p1_0.created_at desc,
        p2_0.id
01:37:59 DEBUG org.hibernate.SQL - 
    select
        distinct p1_0.id,
        p1_0.base_price,
        c1_0.id,
        c1_0.description,
        c1_0.gender,
        c1_0.name,
        p1_0.created_at,
        p1_0.description,
        p1_0.image_url,
        p1_0.name,
        p2_0.product_id,
        p2_0.id,
        p2_0.color,
        p2_0.quantity,
        p2_0.size 
    from
        products p1_0 
    left join
        product_variants p2_0 
            on p1_0.id=p2_0.product_id 
    left join
        categories c1_0 
            on c1_0.id=p1_0.category_id 
    where
        p1_0.id in(?,?) 
    order by
        p1_0.created_at desc,
        p2_0.id
01:37:59 DEBUG org.hibernate.SQL - 
    select
        c1_0.id,
        c1_0.description,
        c1_0.gender,
        c1_0.name 
    from
        categories c1_0 
    where
        c1_0.id=?
01:37:59 DEBUG org.hibernate.SQL - 
    select
        distinct p1_0.id,
        p1_0.base_price,
        c1_0.id,
        c1_0.description,
        c1_0.gender,
        c1_0.name,
        p1_0.created_at,
        p1_0.description,
        p1_0.image_url,
        p1_0.name,
        p2_0.product_id,
        p2_0.id,
        p2_0.color,
        p2_0.quantity,
        p2_0.size 
    from
        products p1_0 
    left join
        product_variants p2_0 
            on p1_0.id=p2_0.product_id 
    left join
        categories c1_0 
            on c1_0.id=p1_0.category_id 
    where
        p1_0.id in(?,?,?,?) 
    order by
        p1_0.created_at desc,
        p2_0.id
01:37:59 TRACE org.hibernate.orm.jdbc.bind - binding parameter [1] as [INTEGER] - [1]
01:37:59 DEBUG org.hibernate.SQL - 
    select
        distinct p1_0.id,
        p1_0.base_price,
        c1_0.id,
        c1_0.description,
        c1_0.gender,
        c1_0.name,
        p1_0.created_at,
        p1_0.description,
        p1_0.image_url,
        p1_0.name,
        p2_0.product_id,
        p2_0.id,
        p2_0.color,
        p2_0.quantity,
        p2_0.size 
    from
        products p1_0 
    left join
        product_variants p2_0 
            on p1_0.id=p2_0.product_id 
    left join
        categories c1_0 
            on c1_0.id=p1_0.category_id 
    where
        p1_0.id in(?,?,?,?) 
    order by
        p1_0.created_at desc,
        p2_0.id
01:37:59 TRACE org.hibernate.orm.jdbc.bind - binding parameter [1] as [INTEGER] - [6]
01:37:59 TRACE org.hibernate.orm.jdbc.bind - binding parameter [1] as [INTEGER] - [1]
01:37:59 TRACE org.hibernate.orm.jdbc.bind - binding parameter [2] as [INTEGER] - [8]
01:37:59 TRACE org.hibernate.orm.jdbc.bind - binding parameter [2] as [INTEGER] - [7]
01:37:59 TRACE org.hibernate.orm.jdbc.bind - binding parameter [3] as [INTEGER] - [2]
01:37:59 TRACE org.hibernate.orm.jdbc.bind - binding parameter [4] as [INTEGER] - [3]
01:37:59 TRACE org.hibernate.orm.jdbc.bind - binding parameter [1] as [INTEGER] - [1]
01:37:59 TRACE org.hibernate.orm.jdbc.bind - binding parameter [1] as [INTEGER] - [1]
01:37:59 TRACE org.hibernate.orm.jdbc.bind - binding parameter [2] as [INTEGER] - [8]
01:37:59 TRACE org.hibernate.orm.jdbc.bind - binding parameter [3] as [INTEGER] - [2]
01:37:59 TRACE org.hibernate.orm.jdbc.bind - binding parameter [4] as [INTEGER] - [3]
01:37:59 TRACE org.hibernate.orm.jdbc.bind - binding parameter [2] as [INTEGER] - [8]
01:37:59 TRACE org.hibernate.orm.jdbc.bind - binding parameter [3] as [INTEGER] - [2]
01:37:59 TRACE org.hibernate.orm.jdbc.bind - binding parameter [4] as [INTEGER] - [3]
01:37:59 DEBUG org.hibernate.SQL - 
    select
        p1_0.id,
        p1_0.color,
        p1_0.product_id,
        p1_0.quantity,
        p1_0.size 
    from
        product_variants p1_0 
    where
        p1_0.id=?
01:37:59 TRACE org.hibernate.orm.jdbc.bind - binding parameter [1] as [INTEGER] - [2]
01:37:59 DEBUG org.hibernate.SQL - 
    select
        p1_0.id,
        p1_0.base_price,
        p1_0.category_id,
        p1_0.created_at,
        p1_0.description,
        p1_0.image_url,
        p1_0.name 
    from
        products p1_0 
    where
        p1_0.id=?
01:37:59 TRACE org.hibernate.orm.jdbc.bind - binding parameter [1] as [INTEGER] - [1]
01:37:59 DEBUG org.hibernate.SQL - 
    select
        count(p1_0.id) 
    from
        products p1_0 
    where
        p1_0.created_at>=?
01:37:59 DEBUG org.hibernate.SQL - 
    select
        count(distinct p1_0.id) 
    from
        products p1_0 
    left join
        categories c1_0 
            on c1_0.id=p1_0.category_id 
    where
        p1_0.category_id in(?,?,?) 
        and (
            ? is null 
            or c1_0.gender=?
        ) 
        and (
            ? is null 
            or p1_0.base_price>=?
        ) 
        and (
            ? is null 
            or p1_0.base_price<=?
        )
01:37:59 DEBUG org.hibernate.SQL - 
    select
        count(distinct p1_0.id) 
    from
        products p1_0 
    left join
        categories c1_0 
            on c1_0.id=p1_0.category_id 
    where
        (
            ? is null 
            or c1_0.gender=?
        ) 
        and (
            ? is null 
            or p1_0.base_price>=?
        ) 
        and (
            ? is null 
            or p1_0.base_price<=?
        )
01:37:59 DEBUG org.hibernate.SQL - 
    select
        count(distinct p1_0.id) 
    from
        products p1_0 
    left join
        categories c1_0 
            on c1_0.id=p1_0.category_id 
    where
        (
            ? is null 
            or c1_0.gender=?
        ) 
        and (
            ? is null 
            or p1_0.base_price>=?
        ) 
        and (
            ? is null 
            or p1_0.base_price<=?
        )
01:37:59 TRACE org.hibernate.orm.jdbc.bind - binding parameter [1] as [TIMESTAMP_UTC] - [2026-02-21T23:37:59.365586900Z]
01:37:59 TRACE org.hibernate.orm.jdbc.bind - binding parameter [1] as [INTEGER] - [1]
01:37:59 TRACE org.hibernate.orm.jdbc.bind - binding parameter [1] as [VARCHAR] - [MALE]
01:37:59 TRACE org.hibernate.orm.jdbc.bind - binding parameter [2] as [INTEGER] - [3]
01:37:59 TRACE org.hibernate.orm.jdbc.bind - binding parameter [1] as [VARCHAR] - [FEMALE]
01:37:59 TRACE org.hibernate.orm.jdbc.bind - binding parameter [3] as [INTEGER] - [4]
01:37:59 TRACE org.hibernate.orm.jdbc.bind - binding parameter [2] as [VARCHAR] - [MALE]
01:37:59 TRACE org.hibernate.orm.jdbc.bind - binding parameter [2] as [VARCHAR] - [FEMALE]
01:37:59 TRACE org.hibernate.orm.jdbc.bind - binding parameter [3] as [NUMERIC] - [null]
01:37:59 TRACE org.hibernate.orm.jdbc.bind - binding parameter [4] as [VARCHAR] - [null]
01:37:59 TRACE org.hibernate.orm.jdbc.bind - binding parameter [3] as [NUMERIC] - [null]
01:37:59 TRACE org.hibernate.orm.jdbc.bind - binding parameter [5] as [VARCHAR] - [null]
01:37:59 TRACE org.hibernate.orm.jdbc.bind - binding parameter [4] as [NUMERIC] - [null]
01:37:59 TRACE org.hibernate.orm.jdbc.bind - binding parameter [4] as [NUMERIC] - [null]
01:37:59 TRACE org.hibernate.orm.jdbc.bind - binding parameter [6] as [NUMERIC] - [null]
01:37:59 TRACE org.hibernate.orm.jdbc.bind - binding parameter [5] as [NUMERIC] - [null]
01:37:59 TRACE org.hibernate.orm.jdbc.bind - binding parameter [5] as [NUMERIC] - [null]
01:37:59 TRACE org.hibernate.orm.jdbc.bind - binding parameter [6] as [NUMERIC] - [null]
01:37:59 DEBUG org.hibernate.SQL - 
    select
        min(p1_0.base_price),
        max(p1_0.base_price) 
    from
        products p1_0 
    left join
        categories c1_0 
            on c1_0.id=p1_0.category_id 
    where
        (
            ? is null 
            or c1_0.gender=?
        )
01:37:59 TRACE org.hibernate.orm.jdbc.bind - binding parameter [6] as [NUMERIC] - [null]
01:37:59 TRACE org.hibernate.orm.jdbc.bind - binding parameter [7] as [NUMERIC] - [null]
01:37:59 TRACE org.hibernate.orm.jdbc.bind - binding parameter [8] as [NUMERIC] - [null]
01:37:59 TRACE org.hibernate.orm.jdbc.bind - binding parameter [9] as [NUMERIC] - [null]
01:37:59 TRACE org.hibernate.orm.jdbc.bind - binding parameter [1] as [VARCHAR] - [null]
01:37:59 TRACE org.hibernate.orm.jdbc.bind - binding parameter [2] as [VARCHAR] - [null]
01:37:59 DEBUG org.hibernate.SQL - 
    select
        min(p1_0.base_price),
        max(p1_0.base_price) 
    from
        products p1_0 
    left join
        categories c1_0 
            on c1_0.id=p1_0.category_id 
    where
        (
            ? is null 
            or c1_0.gender=?
        )
01:37:59 DEBUG org.hibernate.SQL - 
    select
        min(p1_0.base_price),
        max(p1_0.base_price) 
    from
        products p1_0 
    left join
        categories c1_0 
            on c1_0.id=p1_0.category_id 
    where
        (
            ? is null 
            or c1_0.gender=?
        )
01:37:59 INFO  org.hibernate.SQL_SLOW - SlowQuery: 2 milliseconds. SQL: 'com.mysql.cj.jdbc.ClientPreparedStatement: select count(distinct p1_0.id) from products p1_0 left join categories c1_0 on c1_0.id=p1_0.category_id where p1_0.category_id in(1,3,4) and (NULL is null or c1_0.gender=NULL) and (NULL is null or p1_0.base_price>=NULL) and (NULL is null or p1_0.base_price<=NULL)'
01:37:59 TRACE org.hibernate.orm.jdbc.bind - binding parameter [1] as [VARCHAR] - [FEMALE]
01:37:59 TRACE org.hibernate.orm.jdbc.bind - binding parameter [2] as [VARCHAR] - [FEMALE]
01:37:59 TRACE org.hibernate.orm.jdbc.bind - binding parameter [1] as [VARCHAR] - [MALE]
01:37:59 TRACE org.hibernate.orm.jdbc.bind - binding parameter [2] as [VARCHAR] - [MALE]
01:37:59 DEBUG org.hibernate.SQL - 
    select
        p1_0.id,
        p1_0.color,
        p1_0.image_url,
        p1_0.product_id 
    from
        product_images p1_0 
    where
        p1_0.product_id in(?,?,?,?) 
        and p1_0.id=(
            select
                min(p3_0.id) 
            from
                product_images p3_0,
                products p5_0 
            where
                p3_0.product_id=p5_0.id 
                and p3_0.color=p1_0.color 
                and p5_0.id=p1_0.product_id
        ) 
    order by
        p1_0.product_id,
        p1_0.id
01:37:59 DEBUG org.hibernate.SQL - 
    select
        p1_0.id,
        p1_0.color,
        p1_0.image_url,
        p1_0.product_id 
    from
        product_images p1_0 
    where
        p1_0.product_id in(?,?,?,?) 
        and p1_0.id=(
            select
                min(p3_0.id) 
            from
                product_images p3_0,
                products p5_0 
            where
                p3_0.product_id=p5_0.id 
                and p3_0.color=p1_0.color 
                and p5_0.id=p1_0.product_id
        ) 
    order by
        p1_0.product_id,
        p1_0.id
01:37:59 DEBUG org.hibernate.SQL - 
    select
        p1_0.id,
        p1_0.color,
        p1_0.image_url,
        p1_0.product_id 
    from
        product_images p1_0 
    where
        p1_0.product_id in(?,?) 
        and p1_0.id=(
            select
                min(p3_0.id) 
            from
                product_images p3_0,
                products p5_0 
            where
                p3_0.product_id=p5_0.id 
                and p3_0.color=p1_0.color 
                and p5_0.id=p1_0.product_id
        ) 
    order by
        p1_0.product_id,
        p1_0.id
01:37:59 DEBUG org.hibernate.SQL - 
    select
        min(p1_0.base_price),
        max(p1_0.base_price) 
    from
        products p1_0 
    left join
        categories c1_0 
            on c1_0.id=p1_0.category_id 
    where
        p1_0.category_id in(?,?,?) 
        and (
            ? is null 
            or c1_0.gender=?
        )
01:37:59 TRACE org.hibernate.orm.jdbc.bind - binding parameter [1] as [INTEGER] - [1]
01:37:59 TRACE org.hibernate.orm.jdbc.bind - binding parameter [1] as [INTEGER] - [1]
01:37:59 TRACE org.hibernate.orm.jdbc.bind - binding parameter [2] as [INTEGER] - [3]
01:37:59 TRACE org.hibernate.orm.jdbc.bind - binding parameter [1] as [INTEGER] - [1]
01:37:59 TRACE org.hibernate.orm.jdbc.bind - binding parameter [1] as [INTEGER] - [6]
01:37:59 TRACE org.hibernate.orm.jdbc.bind - binding parameter [3] as [INTEGER] - [4]
01:37:59 TRACE org.hibernate.orm.jdbc.bind - binding parameter [2] as [INTEGER] - [7]
01:37:59 TRACE org.hibernate.orm.jdbc.bind - binding parameter [2] as [INTEGER] - [8]
01:37:59 TRACE org.hibernate.orm.jdbc.bind - binding parameter [2] as [INTEGER] - [8]
01:37:59 TRACE org.hibernate.orm.jdbc.bind - binding parameter [4] as [VARCHAR] - [null]
01:37:59 TRACE org.hibernate.orm.jdbc.bind - binding parameter [3] as [INTEGER] - [2]
01:37:59 TRACE org.hibernate.orm.jdbc.bind - binding parameter [3] as [INTEGER] - [2]
01:37:59 TRACE org.hibernate.orm.jdbc.bind - binding parameter [5] as [VARCHAR] - [null]
01:37:59 TRACE org.hibernate.orm.jdbc.bind - binding parameter [4] as [INTEGER] - [3]
01:37:59 TRACE org.hibernate.orm.jdbc.bind - binding parameter [4] as [INTEGER] - [3]
01:37:59 DEBUG org.hibernate.SQL - 
    select
        p1_0.id,
        p1_0.color,
        p1_0.image_url,
        p1_0.product_id 
    from
        product_images p1_0 
    where
        p1_0.product_id in(?,?,?,?) 
        and p1_0.id=(
            select
                min(p3_0.id) 
            from
                product_images p3_0,
                products p5_0 
            where
                p3_0.product_id=p5_0.id 
                and p3_0.color=p1_0.color 
                and p5_0.id=p1_0.product_id
        ) 
    order by
        p1_0.product_id,
        p1_0.id
01:37:59 TRACE org.hibernate.orm.jdbc.bind - binding parameter [1] as [INTEGER] - [1]
01:37:59 TRACE org.hibernate.orm.jdbc.bind - binding parameter [2] as [INTEGER] - [8]
01:37:59 TRACE org.hibernate.orm.jdbc.bind - binding parameter [3] as [INTEGER] - [2]
01:37:59 TRACE org.hibernate.orm.jdbc.bind - binding parameter [4] as [INTEGER] - [3]
01:37:59 INFO  org.hibernate.SQL_SLOW - SlowQuery: 2 milliseconds. SQL: 'com.mysql.cj.jdbc.ClientPreparedStatement: select p1_0.id,p1_0.color,p1_0.image_url,p1_0.product_id from product_images p1_0 where p1_0.product_id in(1,8,2,3) and p1_0.id=(select min(p3_0.id) from product_images p3_0,products p5_0 where p3_0.product_id=p5_0.id and p3_0.color=p1_0.color and p5_0.id=p1_0.product_id) order by p1_0.product_id,p1_0.id'
01:38:27 DEBUG org.hibernate.SQL - 
    select
        u1_0.id,
        u1_0.address,
        u1_0.birthday,
        c1_0.id,
        c1_0.created_at,
        u1_0.created_at,
        u1_0.credit_limit,
        u1_0.email,
        u1_0.gender,
        u1_0.job,
        u1_0.name,
        u1_0.password_hash,
        u1_0.role 
    from
        users u1_0 
    left join
        carts c1_0 
            on u1_0.id=c1_0.user_id 
    where
        u1_0.id=?
01:38:27 TRACE org.hibernate.orm.jdbc.bind - binding parameter [1] as [INTEGER] - [4]
01:38:27 INFO  org.hibernate.SQL_SLOW - SlowQuery: 2 milliseconds. SQL: 'com.mysql.cj.jdbc.ClientPreparedStatement: select u1_0.id,u1_0.address,u1_0.birthday,c1_0.id,c1_0.created_at,u1_0.created_at,u1_0.credit_limit,u1_0.email,u1_0.gender,u1_0.job,u1_0.name,u1_0.password_hash,u1_0.role from users u1_0 left join carts c1_0 on u1_0.id=c1_0.user_id where u1_0.id=4'
01:38:27 DEBUG org.hibernate.SQL - 
    select
        p1_0.id,
        p1_0.color,
        p1_0.product_id,
        p1_0.quantity,
        p1_0.size 
    from
        product_variants p1_0 
    where
        p1_0.id=?
01:38:27 TRACE org.hibernate.orm.jdbc.bind - binding parameter [1] as [INTEGER] - [9]
01:38:27 DEBUG org.hibernate.SQL - 
    select
        p1_0.id,
        p1_0.base_price,
        p1_0.category_id,
        p1_0.created_at,
        p1_0.description,
        p1_0.image_url,
        p1_0.name 
    from
        products p1_0 
    where
        p1_0.id=?
01:38:27 TRACE org.hibernate.orm.jdbc.bind - binding parameter [1] as [INTEGER] - [2]
01:38:27 DEBUG org.hibernate.SQL - 
    select
        p1_0.id,
        p1_0.color,
        p1_0.product_id,
        p1_0.quantity,
        p1_0.size 
    from
        product_variants p1_0 
    where
        p1_0.id=?
01:38:27 TRACE org.hibernate.orm.jdbc.bind - binding parameter [1] as [INTEGER] - [2]
01:38:27 DEBUG org.hibernate.SQL - 
    select
        p1_0.id,
        p1_0.base_price,
        p1_0.category_id,
        p1_0.created_at,
        p1_0.description,
        p1_0.image_url,
        p1_0.name 
    from
        products p1_0 
    where
        p1_0.id=?
01:38:27 TRACE org.hibernate.orm.jdbc.bind - binding parameter [1] as [INTEGER] - [1]
01:38:27 DEBUG org.hibernate.SQL - 
    insert 
    into
        orders
        (created_at,status,total_amount,user_id) 
    values
        (?,?,?,?)
01:38:27 TRACE org.hibernate.orm.jdbc.bind - binding parameter [1] as [TIMESTAMP_UTC] - [2026-03-23T23:38:27.833757700Z]
01:38:27 TRACE org.hibernate.orm.jdbc.bind - binding parameter [2] as [VARCHAR] - [ORDERED]
01:38:27 TRACE org.hibernate.orm.jdbc.bind - binding parameter [3] as [NUMERIC] - [415.00]
01:38:27 TRACE org.hibernate.orm.jdbc.bind - binding parameter [4] as [INTEGER] - [4]
01:38:27 INFO  org.hibernate.SQL_SLOW - SlowQuery: 5 milliseconds. SQL: 'insert into orders (created_at,status,total_amount,user_id) values (?,?,?,?)'
01:38:27 DEBUG org.hibernate.SQL - 
    insert 
    into
        order_items
        (end_date,order_id,price_at_purchase,quantity,start_date,variant_id) 
    values
        (?,?,?,?,?,?)
01:38:27 TRACE org.hibernate.orm.jdbc.bind - binding parameter [1] as [DATE] - [2026-03-30]
01:38:27 TRACE org.hibernate.orm.jdbc.bind - binding parameter [2] as [INTEGER] - [8]
01:38:27 TRACE org.hibernate.orm.jdbc.bind - binding parameter [3] as [NUMERIC] - [55.00]
01:38:27 TRACE org.hibernate.orm.jdbc.bind - binding parameter [4] as [INTEGER] - [1]
01:38:27 TRACE org.hibernate.orm.jdbc.bind - binding parameter [5] as [DATE] - [2026-03-24]
01:38:27 TRACE org.hibernate.orm.jdbc.bind - binding parameter [6] as [INTEGER] - [9]
01:38:27 INFO  org.hibernate.SQL_SLOW - SlowQuery: 2 milliseconds. SQL: 'insert into order_items (end_date,order_id,price_at_purchase,quantity,start_date,variant_id) values (?,?,?,?,?,?)'
01:38:27 DEBUG org.hibernate.SQL - 
    insert 
    into
        order_items
        (end_date,order_id,price_at_purchase,quantity,start_date,variant_id) 
    values
        (?,?,?,?,?,?)
01:38:27 TRACE org.hibernate.orm.jdbc.bind - binding parameter [1] as [DATE] - [2026-03-25]
01:38:27 TRACE org.hibernate.orm.jdbc.bind - binding parameter [2] as [INTEGER] - [8]
01:38:27 TRACE org.hibernate.orm.jdbc.bind - binding parameter [3] as [NUMERIC] - [85.00]
01:38:27 TRACE org.hibernate.orm.jdbc.bind - binding parameter [4] as [INTEGER] - [1]
01:38:27 TRACE org.hibernate.orm.jdbc.bind - binding parameter [5] as [DATE] - [2026-03-24]
01:38:27 TRACE org.hibernate.orm.jdbc.bind - binding parameter [6] as [INTEGER] - [2]
01:38:27 DEBUG org.hibernate.SQL - 
    update
        users 
    set
        address=?,
        birthday=?,
        created_at=?,
        credit_limit=?,
        email=?,
        gender=?,
        job=?,
        name=?,
        password_hash=?,
        role=? 
    where
        id=?
01:38:27 TRACE org.hibernate.orm.jdbc.bind - binding parameter [1] as [VARCHAR] - [Nasr city,cairo]
01:38:27 TRACE org.hibernate.orm.jdbc.bind - binding parameter [2] as [DATE] - [2003-03-06]
01:38:27 TRACE org.hibernate.orm.jdbc.bind - binding parameter [3] as [TIMESTAMP_UTC] - [2026-03-23T14:05:23Z]
01:38:27 TRACE org.hibernate.orm.jdbc.bind - binding parameter [4] as [NUMERIC] - [7455.00]
01:38:27 TRACE org.hibernate.orm.jdbc.bind - binding parameter [5] as [VARCHAR] - [noureenaboarab@gmail.com]
01:38:27 TRACE org.hibernate.orm.jdbc.bind - binding parameter [6] as [VARCHAR] - [FEMALE]
01:38:27 TRACE org.hibernate.orm.jdbc.bind - binding parameter [7] as [VARCHAR] - [null]
01:38:27 TRACE org.hibernate.orm.jdbc.bind - binding parameter [8] as [VARCHAR] - [Noureen Ashraf Aboarab]
01:38:27 TRACE org.hibernate.orm.jdbc.bind - binding parameter [9] as [VARCHAR] - [$2a$12$C1.IwRbXGPUSErmZb9S8QueI6JqJ/EMsDEwCj3I.RM9X7Z.MYB3V.]
01:38:27 TRACE org.hibernate.orm.jdbc.bind - binding parameter [10] as [VARCHAR] - [USER]
01:38:27 TRACE org.hibernate.orm.jdbc.bind - binding parameter [11] as [INTEGER] - [4]
01:38:27 INFO  org.hibernate.SQL_SLOW - SlowQuery: 6 milliseconds. SQL: 'update users set address=?,birthday=?,created_at=?,credit_limit=?,email=?,gender=?,job=?,name=?,password_hash=?,role=? where id=?'
01:38:27 DEBUG org.hibernate.SQL - 
    update
        product_variants 
    set
        color=?,
        product_id=?,
        quantity=?,
        size=? 
    where
        id=?
01:38:27 TRACE org.hibernate.orm.jdbc.bind - binding parameter [1] as [VARCHAR] - [#F4C2C2-Blush Pink]
01:38:27 TRACE org.hibernate.orm.jdbc.bind - binding parameter [2] as [INTEGER] - [2]
01:38:27 TRACE org.hibernate.orm.jdbc.bind - binding parameter [3] as [INTEGER] - [1]
01:38:27 TRACE org.hibernate.orm.jdbc.bind - binding parameter [4] as [VARCHAR] - [XS]
01:38:27 TRACE org.hibernate.orm.jdbc.bind - binding parameter [5] as [INTEGER] - [9]
01:38:27 DEBUG org.hibernate.SQL - 
    update
        product_variants 
    set
        color=?,
        product_id=?,
        quantity=?,
        size=? 
    where
        id=?
01:38:27 TRACE org.hibernate.orm.jdbc.bind - binding parameter [1] as [VARCHAR] - [#1B2A4A-Midnight Navy]
01:38:27 TRACE org.hibernate.orm.jdbc.bind - binding parameter [2] as [INTEGER] - [1]
01:38:27 TRACE org.hibernate.orm.jdbc.bind - binding parameter [3] as [INTEGER] - [2]
01:38:27 TRACE org.hibernate.orm.jdbc.bind - binding parameter [4] as [VARCHAR] - [S]
01:38:27 TRACE org.hibernate.orm.jdbc.bind - binding parameter [5] as [INTEGER] - [2]
01:38:27 DEBUG org.hibernate.SQL - 
    select
        c1_0.cart_id,
        c1_0.id,
        c1_0.end_date,
        c1_0.quantity,
        c1_0.start_date,
        c1_0.variant_id 
    from
        cart_items c1_0 
    where
        c1_0.cart_id=?
01:38:27 TRACE org.hibernate.orm.jdbc.bind - binding parameter [1] as [INTEGER] - [3]
01:38:27 INFO  org.hibernate.SQL_SLOW - SlowQuery: 2 milliseconds. SQL: 'com.mysql.cj.jdbc.ClientPreparedStatement: select c1_0.cart_id,c1_0.id,c1_0.end_date,c1_0.quantity,c1_0.start_date,c1_0.variant_id from cart_items c1_0 where c1_0.cart_id=3'
01:38:27 DEBUG org.hibernate.SQL - 
    delete 
    from
        cart_items 
    where
        id=?
01:38:27 TRACE org.hibernate.orm.jdbc.bind - binding parameter [1] as [INTEGER] - [21]
01:38:27 DEBUG org.hibernate.SQL - 
    delete 
    from
        cart_items 
    where
        id=?
01:38:27 TRACE org.hibernate.orm.jdbc.bind - binding parameter [1] as [INTEGER] - [22]
01:38:27 DEBUG org.hibernate.SQL - 
    select
        c1_0.id,
        c1_0.description,
        c1_0.gender,
        c1_0.name 
    from
        categories c1_0
01:38:27 DEBUG org.hibernate.SQL - 
    select
        c1_0.id,
        c1_0.description,
        c1_0.gender,
        c1_0.name 
    from
        categories c1_0
01:38:28 DEBUG org.hibernate.SQL - 
    select
        u1_0.id,
        u1_0.address,
        u1_0.birthday,
        c1_0.id,
        c1_0.created_at,
        u1_0.created_at,
        u1_0.credit_limit,
        u1_0.email,
        u1_0.gender,
        u1_0.job,
        u1_0.name,
        u1_0.password_hash,
        u1_0.role 
    from
        users u1_0 
    left join
        carts c1_0 
            on u1_0.id=c1_0.user_id 
    where
        u1_0.id=?
01:38:28 TRACE org.hibernate.orm.jdbc.bind - binding parameter [1] as [INTEGER] - [4]
01:38:28 DEBUG org.hibernate.SQL - 
    select
        c1_0.cart_id,
        c1_0.id,
        c1_0.end_date,
        c1_0.quantity,
        c1_0.start_date,
        c1_0.variant_id 
    from
        cart_items c1_0 
    where
        c1_0.cart_id=?
01:38:28 TRACE org.hibernate.orm.jdbc.bind - binding parameter [1] as [INTEGER] - [3]
01:38:28 DEBUG org.hibernate.SQL - 
    select
        distinct o1_0.id,
        o1_0.created_at,
        o2_0.order_id,
        o2_0.id,
        o2_0.end_date,
        o2_0.price_at_purchase,
        o2_0.quantity,
        o2_0.start_date,
        v1_0.id,
        v1_0.color,
        v1_0.product_id,
        p1_0.id,
        p1_0.base_price,
        p1_0.category_id,
        p1_0.created_at,
        p1_0.description,
        p1_0.image_url,
        p1_0.name,
        v1_0.quantity,
        v1_0.size,
        o1_0.status,
        o1_0.total_amount,
        o1_0.user_id 
    from
        orders o1_0 
    left join
        order_items o2_0 
            on o1_0.id=o2_0.order_id 
    left join
        product_variants v1_0 
            on v1_0.id=o2_0.variant_id 
    left join
        products p1_0 
            on p1_0.id=v1_0.product_id 
    where
        o1_0.user_id=? 
    order by
        o1_0.created_at desc
01:38:28 TRACE org.hibernate.orm.jdbc.bind - binding parameter [1] as [INTEGER] - [4]
01:38:28 INFO  org.hibernate.SQL_SLOW - SlowQuery: 2 milliseconds. SQL: 'com.mysql.cj.jdbc.ClientPreparedStatement: select distinct o1_0.id,o1_0.created_at,o2_0.order_id,o2_0.id,o2_0.end_date,o2_0.price_at_purchase,o2_0.quantity,o2_0.start_date,v1_0.id,v1_0.color,v1_0.product_id,p1_0.id,p1_0.base_price,p1_0.category_id,p1_0.created_at,p1_0.description,p1_0.image_url,p1_0.name,v1_0.quantity,v1_0.size,o1_0.status,o1_0.total_amount,o1_0.user_id from orders o1_0 left join order_items o2_0 on o1_0.id=o2_0.order_id left join product_variants v1_0 on v1_0.id=o2_0.variant_id left join products p1_0 on p1_0.id=v1_0.product_id where o1_0.user_id=4 order by o1_0.created_at desc'
01:38:28 DEBUG org.hibernate.SQL - 
    select
        p1_0.product_id,
        p1_0.id,
        p1_0.color,
        p1_0.image_url 
    from
        product_images p1_0 
    where
        p1_0.product_id=? 
    order by
        p1_0.id
01:38:28 TRACE org.hibernate.orm.jdbc.bind - binding parameter [1] as [INTEGER] - [2]
01:38:28 DEBUG org.hibernate.SQL - 
    select
        p1_0.product_id,
        p1_0.id,
        p1_0.color,
        p1_0.image_url 
    from
        product_images p1_0 
    where
        p1_0.product_id=? 
    order by
        p1_0.id
01:38:28 TRACE org.hibernate.orm.jdbc.bind - binding parameter [1] as [INTEGER] - [1]
01:38:28 DEBUG org.hibernate.SQL - 
    select
        p1_0.product_id,
        p1_0.id,
        p1_0.color,
        p1_0.image_url 
    from
        product_images p1_0 
    where
        p1_0.product_id=? 
    order by
        p1_0.id
01:38:28 TRACE org.hibernate.orm.jdbc.bind - binding parameter [1] as [INTEGER] - [3]
01:40:29 DEBUG org.hibernate.SQL - 
    select
        c1_0.id,
        c1_0.description,
        c1_0.gender,
        c1_0.name 
    from
        categories c1_0
01:40:29 DEBUG org.hibernate.SQL - 
    select
        c1_0.id,
        c1_0.description,
        c1_0.gender,
        c1_0.name 
    from
        categories c1_0 
    where
        c1_0.gender=? 
    order by
        c1_0.name
01:40:29 TRACE org.hibernate.orm.jdbc.bind - binding parameter [1] as [VARCHAR] - [FEMALE]
01:40:29 DEBUG org.hibernate.SQL - 
    select
        c1_0.id,
        c1_0.description,
        c1_0.gender,
        c1_0.name 
    from
        categories c1_0 
    where
        c1_0.gender=? 
    order by
        c1_0.name
01:40:29 TRACE org.hibernate.orm.jdbc.bind - binding parameter [1] as [VARCHAR] - [MALE]
01:40:29 DEBUG org.hibernate.SQL - 
    select
        u1_0.id,
        u1_0.address,
        u1_0.birthday,
        c1_0.id,
        c1_0.created_at,
        u1_0.created_at,
        u1_0.credit_limit,
        u1_0.email,
        u1_0.gender,
        u1_0.job,
        u1_0.name,
        u1_0.password_hash,
        u1_0.role 
    from
        users u1_0 
    left join
        carts c1_0 
            on u1_0.id=c1_0.user_id 
    where
        u1_0.id=?
01:40:29 TRACE org.hibernate.orm.jdbc.bind - binding parameter [1] as [INTEGER] - [4]
01:40:29 DEBUG org.hibernate.SQL - 
    select
        c1_0.cart_id,
        c1_0.id,
        c1_0.end_date,
        c1_0.quantity,
        c1_0.start_date,
        c1_0.variant_id 
    from
        cart_items c1_0 
    where
        c1_0.cart_id=?
01:40:29 TRACE org.hibernate.orm.jdbc.bind - binding parameter [1] as [INTEGER] - [3]
01:40:29 DEBUG org.hibernate.SQL - 
    select
        c1_0.id,
        c1_0.description,
        c1_0.gender,
        c1_0.name 
    from
        categories c1_0
01:40:29 DEBUG org.hibernate.SQL - 
    select
        c1_0.id,
        c1_0.description,
        c1_0.gender,
        c1_0.name 
    from
        categories c1_0
01:40:29 DEBUG org.hibernate.SQL - 
    select
        c1_0.id,
        c1_0.description,
        c1_0.gender,
        c1_0.name 
    from
        categories c1_0
01:40:29 DEBUG org.hibernate.SQL - 
    select
        c1_0.id,
        c1_0.description,
        c1_0.gender,
        c1_0.name 
    from
        categories c1_0
01:40:29 DEBUG org.hibernate.SQL - 
    select
        p1_0.id 
    from
        products p1_0 
    left join
        categories c1_0 
            on c1_0.id=p1_0.category_id 
    where
        (
            ? is null 
            or c1_0.gender=?
        ) 
        and (
            ? is null 
            or p1_0.base_price>=?
        ) 
        and (
            ? is null 
            or p1_0.base_price<=?
        ) 
    order by
        p1_0.created_at desc limit ?,
        ?
01:40:29 DEBUG org.hibernate.SQL - 
    select
        p1_0.id 
    from
        products p1_0 
    left join
        categories c1_0 
            on c1_0.id=p1_0.category_id 
    where
        (
            ? is null 
            or c1_0.gender=?
        ) 
        and (
            ? is null 
            or p1_0.base_price>=?
        ) 
        and (
            ? is null 
            or p1_0.base_price<=?
        ) 
    order by
        p1_0.created_at desc limit ?,
        ?
01:40:29 TRACE org.hibernate.orm.jdbc.bind - binding parameter [1] as [VARCHAR] - [FEMALE]
01:40:29 TRACE org.hibernate.orm.jdbc.bind - binding parameter [2] as [VARCHAR] - [FEMALE]
01:40:29 TRACE org.hibernate.orm.jdbc.bind - binding parameter [3] as [NUMERIC] - [null]
01:40:29 TRACE org.hibernate.orm.jdbc.bind - binding parameter [4] as [NUMERIC] - [null]
01:40:29 TRACE org.hibernate.orm.jdbc.bind - binding parameter [5] as [NUMERIC] - [null]
01:40:29 TRACE org.hibernate.orm.jdbc.bind - binding parameter [6] as [NUMERIC] - [null]
01:40:29 TRACE org.hibernate.orm.jdbc.bind - binding parameter [7] as [INTEGER] - [0]
01:40:29 TRACE org.hibernate.orm.jdbc.bind - binding parameter [8] as [INTEGER] - [4]
01:40:29 DEBUG org.hibernate.SQL - 
    select
        p1_0.id 
    from
        products p1_0 
    where
        p1_0.created_at>=? 
    order by
        p1_0.created_at desc limit ?,
        ?
01:40:29 INFO  org.hibernate.SQL_SLOW - SlowQuery: 4 milliseconds. SQL: 'com.mysql.cj.jdbc.ClientPreparedStatement: select c1_0.id,c1_0.description,c1_0.gender,c1_0.name from categories c1_0'
01:40:29 TRACE org.hibernate.orm.jdbc.bind - binding parameter [1] as [VARCHAR] - [MALE]
01:40:29 TRACE org.hibernate.orm.jdbc.bind - binding parameter [2] as [VARCHAR] - [MALE]
01:40:29 TRACE org.hibernate.orm.jdbc.bind - binding parameter [3] as [NUMERIC] - [null]
01:40:29 DEBUG org.hibernate.SQL - 
    select
        distinct p1_0.id,
        p1_0.base_price,
        c1_0.id,
        c1_0.description,
        c1_0.gender,
        c1_0.name,
        p1_0.created_at,
        p1_0.description,
        p1_0.image_url,
        p1_0.name,
        p2_0.product_id,
        p2_0.id,
        p2_0.color,
        p2_0.quantity,
        p2_0.size 
    from
        products p1_0 
    left join
        product_variants p2_0 
            on p1_0.id=p2_0.product_id 
    left join
        categories c1_0 
            on c1_0.id=p1_0.category_id 
    where
        p1_0.id in(?,?,?,?) 
    order by
        p1_0.created_at desc,
        p2_0.id
01:40:29 TRACE org.hibernate.orm.jdbc.bind - binding parameter [4] as [NUMERIC] - [null]
01:40:29 TRACE org.hibernate.orm.jdbc.bind - binding parameter [5] as [NUMERIC] - [null]
01:40:29 TRACE org.hibernate.orm.jdbc.bind - binding parameter [6] as [NUMERIC] - [null]
01:40:29 TRACE org.hibernate.orm.jdbc.bind - binding parameter [1] as [TIMESTAMP_UTC] - [2026-02-21T23:40:29.463417300Z]
01:40:29 TRACE org.hibernate.orm.jdbc.bind - binding parameter [7] as [INTEGER] - [0]
01:40:29 TRACE org.hibernate.orm.jdbc.bind - binding parameter [8] as [INTEGER] - [4]
01:40:29 TRACE org.hibernate.orm.jdbc.bind - binding parameter [2] as [INTEGER] - [0]
01:40:29 TRACE org.hibernate.orm.jdbc.bind - binding parameter [3] as [INTEGER] - [4]
01:40:29 DEBUG org.hibernate.SQL - 
    select
        p1_0.id 
    from
        products p1_0 
    left join
        categories c1_0 
            on c1_0.id=p1_0.category_id 
    where
        p1_0.category_id in(?,?,?) 
        and (
            ? is null 
            or c1_0.gender=?
        ) 
        and (
            ? is null 
            or p1_0.base_price>=?
        ) 
        and (
            ? is null 
            or p1_0.base_price<=?
        ) 
    order by
        p1_0.created_at desc limit ?,
        ?
01:40:29 TRACE org.hibernate.orm.jdbc.bind - binding parameter [1] as [INTEGER] - [1]
01:40:29 TRACE org.hibernate.orm.jdbc.bind - binding parameter [2] as [INTEGER] - [8]
01:40:29 TRACE org.hibernate.orm.jdbc.bind - binding parameter [3] as [INTEGER] - [2]
01:40:29 TRACE org.hibernate.orm.jdbc.bind - binding parameter [4] as [INTEGER] - [3]
01:40:29 TRACE org.hibernate.orm.jdbc.bind - binding parameter [1] as [INTEGER] - [1]
01:40:29 TRACE org.hibernate.orm.jdbc.bind - binding parameter [2] as [INTEGER] - [3]
01:40:29 TRACE org.hibernate.orm.jdbc.bind - binding parameter [3] as [INTEGER] - [4]
01:40:29 TRACE org.hibernate.orm.jdbc.bind - binding parameter [4] as [VARCHAR] - [null]
01:40:29 TRACE org.hibernate.orm.jdbc.bind - binding parameter [5] as [VARCHAR] - [null]
01:40:29 TRACE org.hibernate.orm.jdbc.bind - binding parameter [6] as [NUMERIC] - [null]
01:40:29 TRACE org.hibernate.orm.jdbc.bind - binding parameter [7] as [NUMERIC] - [null]
01:40:29 DEBUG org.hibernate.SQL - 
    select
        distinct p1_0.id,
        p1_0.base_price,
        c1_0.id,
        c1_0.description,
        c1_0.gender,
        c1_0.name,
        p1_0.created_at,
        p1_0.description,
        p1_0.image_url,
        p1_0.name,
        p2_0.product_id,
        p2_0.id,
        p2_0.color,
        p2_0.quantity,
        p2_0.size 
    from
        products p1_0 
    left join
        product_variants p2_0 
            on p1_0.id=p2_0.product_id 
    left join
        categories c1_0 
            on c1_0.id=p1_0.category_id 
    where
        p1_0.id in(?,?) 
    order by
        p1_0.created_at desc,
        p2_0.id
01:40:29 DEBUG org.hibernate.SQL - 
    select
        count(distinct p1_0.id) 
    from
        products p1_0 
    left join
        categories c1_0 
            on c1_0.id=p1_0.category_id 
    where
        (
            ? is null 
            or c1_0.gender=?
        ) 
        and (
            ? is null 
            or p1_0.base_price>=?
        ) 
        and (
            ? is null 
            or p1_0.base_price<=?
        )
01:40:29 INFO  org.hibernate.SQL_SLOW - SlowQuery: 2 milliseconds. SQL: 'com.mysql.cj.jdbc.ClientPreparedStatement: select p1_0.id from products p1_0 where p1_0.created_at>='2026-02-21 23:40:29.463417' order by p1_0.created_at desc limit 0,4'
01:40:29 TRACE org.hibernate.orm.jdbc.bind - binding parameter [8] as [NUMERIC] - [null]
01:40:29 TRACE org.hibernate.orm.jdbc.bind - binding parameter [9] as [NUMERIC] - [null]
01:40:29 TRACE org.hibernate.orm.jdbc.bind - binding parameter [10] as [INTEGER] - [0]
01:40:29 TRACE org.hibernate.orm.jdbc.bind - binding parameter [11] as [INTEGER] - [4]
01:40:29 TRACE org.hibernate.orm.jdbc.bind - binding parameter [1] as [INTEGER] - [6]
01:40:29 TRACE org.hibernate.orm.jdbc.bind - binding parameter [2] as [INTEGER] - [7]
01:40:29 TRACE org.hibernate.orm.jdbc.bind - binding parameter [1] as [VARCHAR] - [FEMALE]
01:40:29 TRACE org.hibernate.orm.jdbc.bind - binding parameter [2] as [VARCHAR] - [FEMALE]
01:40:29 TRACE org.hibernate.orm.jdbc.bind - binding parameter [3] as [NUMERIC] - [null]
01:40:29 TRACE org.hibernate.orm.jdbc.bind - binding parameter [4] as [NUMERIC] - [null]
01:40:29 TRACE org.hibernate.orm.jdbc.bind - binding parameter [5] as [NUMERIC] - [null]
01:40:29 TRACE org.hibernate.orm.jdbc.bind - binding parameter [6] as [NUMERIC] - [null]
01:40:29 DEBUG org.hibernate.SQL - 
    select
        distinct p1_0.id,
        p1_0.base_price,
        c1_0.id,
        c1_0.description,
        c1_0.gender,
        c1_0.name,
        p1_0.created_at,
        p1_0.description,
        p1_0.image_url,
        p1_0.name,
        p2_0.product_id,
        p2_0.id,
        p2_0.color,
        p2_0.quantity,
        p2_0.size 
    from
        products p1_0 
    left join
        product_variants p2_0 
            on p1_0.id=p2_0.product_id 
    left join
        categories c1_0 
            on c1_0.id=p1_0.category_id 
    where
        p1_0.id in(?,?,?,?) 
    order by
        p1_0.created_at desc,
        p2_0.id
01:40:29 DEBUG org.hibernate.SQL - 
    select
        count(distinct p1_0.id) 
    from
        products p1_0 
    left join
        categories c1_0 
            on c1_0.id=p1_0.category_id 
    where
        (
            ? is null 
            or c1_0.gender=?
        ) 
        and (
            ? is null 
            or p1_0.base_price>=?
        ) 
        and (
            ? is null 
            or p1_0.base_price<=?
        )
01:40:29 DEBUG org.hibernate.SQL - 
    select
        min(p1_0.base_price),
        max(p1_0.base_price) 
    from
        products p1_0 
    left join
        categories c1_0 
            on c1_0.id=p1_0.category_id 
    where
        (
            ? is null 
            or c1_0.gender=?
        )
01:40:29 DEBUG org.hibernate.SQL - 
    select
        distinct p1_0.id,
        p1_0.base_price,
        c1_0.id,
        c1_0.description,
        c1_0.gender,
        c1_0.name,
        p1_0.created_at,
        p1_0.description,
        p1_0.image_url,
        p1_0.name,
        p2_0.product_id,
        p2_0.id,
        p2_0.color,
        p2_0.quantity,
        p2_0.size 
    from
        products p1_0 
    left join
        product_variants p2_0 
            on p1_0.id=p2_0.product_id 
    left join
        categories c1_0 
            on c1_0.id=p1_0.category_id 
    where
        p1_0.id in(?,?,?,?) 
    order by
        p1_0.created_at desc,
        p2_0.id
01:40:29 TRACE org.hibernate.orm.jdbc.bind - binding parameter [1] as [VARCHAR] - [MALE]
01:40:29 TRACE org.hibernate.orm.jdbc.bind - binding parameter [1] as [VARCHAR] - [FEMALE]
01:40:29 TRACE org.hibernate.orm.jdbc.bind - binding parameter [2] as [VARCHAR] - [MALE]
01:40:29 TRACE org.hibernate.orm.jdbc.bind - binding parameter [2] as [VARCHAR] - [FEMALE]
01:40:29 TRACE org.hibernate.orm.jdbc.bind - binding parameter [3] as [NUMERIC] - [null]
01:40:29 TRACE org.hibernate.orm.jdbc.bind - binding parameter [4] as [NUMERIC] - [null]
01:40:29 TRACE org.hibernate.orm.jdbc.bind - binding parameter [5] as [NUMERIC] - [null]
01:40:29 DEBUG org.hibernate.SQL - 
    select
        p1_0.id,
        p1_0.color,
        p1_0.image_url,
        p1_0.product_id 
    from
        product_images p1_0 
    where
        p1_0.product_id in(?,?,?,?) 
        and p1_0.id=(
            select
                min(p3_0.id) 
            from
                product_images p3_0,
                products p5_0 
            where
                p3_0.product_id=p5_0.id 
                and p3_0.color=p1_0.color 
                and p5_0.id=p1_0.product_id
        ) 
    order by
        p1_0.product_id,
        p1_0.id
01:40:29 TRACE org.hibernate.orm.jdbc.bind - binding parameter [1] as [INTEGER] - [1]
01:40:29 TRACE org.hibernate.orm.jdbc.bind - binding parameter [1] as [INTEGER] - [1]
01:40:29 TRACE org.hibernate.orm.jdbc.bind - binding parameter [6] as [NUMERIC] - [null]
01:40:29 TRACE org.hibernate.orm.jdbc.bind - binding parameter [2] as [INTEGER] - [8]
01:40:29 TRACE org.hibernate.orm.jdbc.bind - binding parameter [2] as [INTEGER] - [8]
01:40:29 TRACE org.hibernate.orm.jdbc.bind - binding parameter [3] as [INTEGER] - [2]
01:40:29 TRACE org.hibernate.orm.jdbc.bind - binding parameter [3] as [INTEGER] - [2]
01:40:29 TRACE org.hibernate.orm.jdbc.bind - binding parameter [4] as [INTEGER] - [3]
01:40:29 TRACE org.hibernate.orm.jdbc.bind - binding parameter [4] as [INTEGER] - [3]
01:40:29 TRACE org.hibernate.orm.jdbc.bind - binding parameter [1] as [INTEGER] - [1]
01:40:29 TRACE org.hibernate.orm.jdbc.bind - binding parameter [2] as [INTEGER] - [8]
01:40:29 TRACE org.hibernate.orm.jdbc.bind - binding parameter [3] as [INTEGER] - [2]
01:40:29 TRACE org.hibernate.orm.jdbc.bind - binding parameter [4] as [INTEGER] - [3]
01:40:29 DEBUG org.hibernate.SQL - 
    select
        min(p1_0.base_price),
        max(p1_0.base_price) 
    from
        products p1_0 
    left join
        categories c1_0 
            on c1_0.id=p1_0.category_id 
    where
        (
            ? is null 
            or c1_0.gender=?
        )
01:40:29 TRACE org.hibernate.orm.jdbc.bind - binding parameter [1] as [VARCHAR] - [MALE]
01:40:29 TRACE org.hibernate.orm.jdbc.bind - binding parameter [2] as [VARCHAR] - [MALE]
01:40:29 DEBUG org.hibernate.SQL - 
    select
        count(p1_0.id) 
    from
        products p1_0 
    where
        p1_0.created_at>=?
01:40:29 TRACE org.hibernate.orm.jdbc.bind - binding parameter [1] as [TIMESTAMP_UTC] - [2026-02-21T23:40:29.513798400Z]
01:40:29 DEBUG org.hibernate.SQL - 
    select
        p1_0.id,
        p1_0.color,
        p1_0.image_url,
        p1_0.product_id 
    from
        product_images p1_0 
    where
        p1_0.product_id in(?,?) 
        and p1_0.id=(
            select
                min(p3_0.id) 
            from
                product_images p3_0,
                products p5_0 
            where
                p3_0.product_id=p5_0.id 
                and p3_0.color=p1_0.color 
                and p5_0.id=p1_0.product_id
        ) 
    order by
        p1_0.product_id,
        p1_0.id
01:40:29 DEBUG org.hibernate.SQL - 
    select
        min(p1_0.base_price),
        max(p1_0.base_price) 
    from
        products p1_0 
    left join
        categories c1_0 
            on c1_0.id=p1_0.category_id 
    where
        (
            ? is null 
            or c1_0.gender=?
        )
01:40:29 DEBUG org.hibernate.SQL - 
    select
        count(distinct p1_0.id) 
    from
        products p1_0 
    left join
        categories c1_0 
            on c1_0.id=p1_0.category_id 
    where
        p1_0.category_id in(?,?,?) 
        and (
            ? is null 
            or c1_0.gender=?
        ) 
        and (
            ? is null 
            or p1_0.base_price>=?
        ) 
        and (
            ? is null 
            or p1_0.base_price<=?
        )
01:40:29 TRACE org.hibernate.orm.jdbc.bind - binding parameter [1] as [VARCHAR] - [null]
01:40:29 TRACE org.hibernate.orm.jdbc.bind - binding parameter [1] as [INTEGER] - [6]
01:40:29 TRACE org.hibernate.orm.jdbc.bind - binding parameter [2] as [VARCHAR] - [null]
01:40:29 TRACE org.hibernate.orm.jdbc.bind - binding parameter [1] as [INTEGER] - [1]
01:40:29 TRACE org.hibernate.orm.jdbc.bind - binding parameter [2] as [INTEGER] - [7]
01:40:29 TRACE org.hibernate.orm.jdbc.bind - binding parameter [2] as [INTEGER] - [3]
01:40:29 TRACE org.hibernate.orm.jdbc.bind - binding parameter [3] as [INTEGER] - [4]
01:40:29 TRACE org.hibernate.orm.jdbc.bind - binding parameter [4] as [VARCHAR] - [null]
01:40:29 TRACE org.hibernate.orm.jdbc.bind - binding parameter [5] as [VARCHAR] - [null]
01:40:29 TRACE org.hibernate.orm.jdbc.bind - binding parameter [6] as [NUMERIC] - [null]
01:40:29 TRACE org.hibernate.orm.jdbc.bind - binding parameter [7] as [NUMERIC] - [null]
01:40:29 TRACE org.hibernate.orm.jdbc.bind - binding parameter [8] as [NUMERIC] - [null]
01:40:29 TRACE org.hibernate.orm.jdbc.bind - binding parameter [9] as [NUMERIC] - [null]
01:40:29 DEBUG org.hibernate.SQL - 
    select
        min(p1_0.base_price),
        max(p1_0.base_price) 
    from
        products p1_0 
    left join
        categories c1_0 
            on c1_0.id=p1_0.category_id 
    where
        p1_0.category_id in(?,?,?) 
        and (
            ? is null 
            or c1_0.gender=?
        )
01:40:29 TRACE org.hibernate.orm.jdbc.bind - binding parameter [1] as [INTEGER] - [1]
01:40:29 TRACE org.hibernate.orm.jdbc.bind - binding parameter [2] as [INTEGER] - [3]
01:40:29 TRACE org.hibernate.orm.jdbc.bind - binding parameter [3] as [INTEGER] - [4]
01:40:29 TRACE org.hibernate.orm.jdbc.bind - binding parameter [4] as [VARCHAR] - [null]
01:40:29 TRACE org.hibernate.orm.jdbc.bind - binding parameter [5] as [VARCHAR] - [null]
01:40:29 DEBUG org.hibernate.SQL - 
    select
        p1_0.id,
        p1_0.color,
        p1_0.image_url,
        p1_0.product_id 
    from
        product_images p1_0 
    where
        p1_0.product_id in(?,?,?,?) 
        and p1_0.id=(
            select
                min(p3_0.id) 
            from
                product_images p3_0,
                products p5_0 
            where
                p3_0.product_id=p5_0.id 
                and p3_0.color=p1_0.color 
                and p5_0.id=p1_0.product_id
        ) 
    order by
        p1_0.product_id,
        p1_0.id
01:40:29 DEBUG org.hibernate.SQL - 
    select
        p1_0.id,
        p1_0.color,
        p1_0.image_url,
        p1_0.product_id 
    from
        product_images p1_0 
    where
        p1_0.product_id in(?,?,?,?) 
        and p1_0.id=(
            select
                min(p3_0.id) 
            from
                product_images p3_0,
                products p5_0 
            where
                p3_0.product_id=p5_0.id 
                and p3_0.color=p1_0.color 
                and p5_0.id=p1_0.product_id
        ) 
    order by
        p1_0.product_id,
        p1_0.id
01:40:29 TRACE org.hibernate.orm.jdbc.bind - binding parameter [1] as [INTEGER] - [1]
01:40:29 TRACE org.hibernate.orm.jdbc.bind - binding parameter [1] as [INTEGER] - [1]
01:40:29 TRACE org.hibernate.orm.jdbc.bind - binding parameter [2] as [INTEGER] - [8]
01:40:29 TRACE org.hibernate.orm.jdbc.bind - binding parameter [2] as [INTEGER] - [8]
01:40:29 TRACE org.hibernate.orm.jdbc.bind - binding parameter [3] as [INTEGER] - [2]
01:40:29 TRACE org.hibernate.orm.jdbc.bind - binding parameter [3] as [INTEGER] - [2]
01:40:29 TRACE org.hibernate.orm.jdbc.bind - binding parameter [4] as [INTEGER] - [3]
01:40:29 TRACE org.hibernate.orm.jdbc.bind - binding parameter [4] as [INTEGER] - [3]
01:40:32 DEBUG org.hibernate.SQL - 
    select
        c1_0.id,
        c1_0.description,
        c1_0.gender,
        c1_0.name 
    from
        categories c1_0
01:40:32 DEBUG org.hibernate.SQL - 
    select
        c1_0.id,
        c1_0.description,
        c1_0.gender,
        c1_0.name 
    from
        categories c1_0
01:40:32 DEBUG org.hibernate.SQL - 
    select
        p1_0.id,
        p1_0.base_price,
        p1_0.category_id,
        p1_0.created_at,
        p1_0.description,
        p1_0.image_url,
        p1_0.name 
    from
        products p1_0 
    where
        p1_0.id=?
01:40:32 TRACE org.hibernate.orm.jdbc.bind - binding parameter [1] as [INTEGER] - [2]
01:40:32 DEBUG org.hibernate.SQL - 
    select
        p1_0.id,
        p1_0.color,
        p1_0.product_id,
        p1_0.quantity,
        p1_0.size 
    from
        product_variants p1_0 
    where
        p1_0.product_id=? 
    order by
        p1_0.id
01:40:32 TRACE org.hibernate.orm.jdbc.bind - binding parameter [1] as [INTEGER] - [2]
01:40:32 DEBUG org.hibernate.SQL - 
    select
        p1_0.id,
        p1_0.color,
        p1_0.image_url,
        p1_0.product_id 
    from
        product_images p1_0 
    where
        p1_0.product_id=? 
    order by
        p1_0.id
01:40:32 TRACE org.hibernate.orm.jdbc.bind - binding parameter [1] as [INTEGER] - [2]
01:40:32 DEBUG org.hibernate.SQL - 
    select
        c1_0.id,
        c1_0.description,
        c1_0.gender,
        c1_0.name 
    from
        categories c1_0 
    where
        c1_0.id=?
01:40:32 TRACE org.hibernate.orm.jdbc.bind - binding parameter [1] as [INTEGER] - [1]
01:40:32 DEBUG org.hibernate.SQL - 
    select
        c1_0.id,
        c1_0.description,
        c1_0.gender,
        c1_0.name 
    from
        categories c1_0
01:40:38 DEBUG org.hibernate.SQL - 
    select
        u1_0.id,
        u1_0.address,
        u1_0.birthday,
        c1_0.id,
        c1_0.created_at,
        u1_0.created_at,
        u1_0.credit_limit,
        u1_0.email,
        u1_0.gender,
        u1_0.job,
        u1_0.name,
        u1_0.password_hash,
        u1_0.role 
    from
        users u1_0 
    left join
        carts c1_0 
            on u1_0.id=c1_0.user_id 
    where
        u1_0.id=?
01:40:38 TRACE org.hibernate.orm.jdbc.bind - binding parameter [1] as [INTEGER] - [4]
01:40:38 DEBUG org.hibernate.SQL - 
    select
        p1_0.id,
        p1_0.color,
        p1_0.product_id,
        p1_0.quantity,
        p1_0.size 
    from
        product_variants p1_0 
    where
        p1_0.id=?
01:40:38 TRACE org.hibernate.orm.jdbc.bind - binding parameter [1] as [INTEGER] - [9]
01:40:38 DEBUG org.hibernate.SQL - 
    insert 
    into
        cart_items
        (cart_id,end_date,quantity,start_date,variant_id) 
    values
        (?,?,?,?,?)
01:40:38 TRACE org.hibernate.orm.jdbc.bind - binding parameter [1] as [INTEGER] - [3]
01:40:38 TRACE org.hibernate.orm.jdbc.bind - binding parameter [2] as [DATE] - [2026-03-29]
01:40:38 TRACE org.hibernate.orm.jdbc.bind - binding parameter [3] as [INTEGER] - [1]
01:40:38 TRACE org.hibernate.orm.jdbc.bind - binding parameter [4] as [DATE] - [2026-03-24]
01:40:38 TRACE org.hibernate.orm.jdbc.bind - binding parameter [5] as [INTEGER] - [9]
01:40:44 DEBUG org.hibernate.SQL - 
    select
        c1_0.id,
        c1_0.description,
        c1_0.gender,
        c1_0.name 
    from
        categories c1_0
01:40:44 DEBUG org.hibernate.SQL - 
    select
        c1_0.id,
        c1_0.description,
        c1_0.gender,
        c1_0.name 
    from
        categories c1_0
01:40:44 DEBUG org.hibernate.SQL - 
    select
        u1_0.id,
        u1_0.address,
        u1_0.birthday,
        c1_0.id,
        c1_0.created_at,
        u1_0.created_at,
        u1_0.credit_limit,
        u1_0.email,
        u1_0.gender,
        u1_0.job,
        u1_0.name,
        u1_0.password_hash,
        u1_0.role 
    from
        users u1_0 
    left join
        carts c1_0 
            on u1_0.id=c1_0.user_id 
    where
        u1_0.id=?
01:40:44 TRACE org.hibernate.orm.jdbc.bind - binding parameter [1] as [INTEGER] - [4]
01:40:44 DEBUG org.hibernate.SQL - 
    select
        c1_0.cart_id,
        c1_0.id,
        c1_0.end_date,
        c1_0.quantity,
        c1_0.start_date,
        c1_0.variant_id 
    from
        cart_items c1_0 
    where
        c1_0.cart_id=?
01:40:44 TRACE org.hibernate.orm.jdbc.bind - binding parameter [1] as [INTEGER] - [3]
01:40:44 DEBUG org.hibernate.SQL - 
    select
        p1_0.id,
        p1_0.color,
        p1_0.product_id,
        p1_0.quantity,
        p1_0.size 
    from
        product_variants p1_0 
    where
        p1_0.id=?
01:40:44 TRACE org.hibernate.orm.jdbc.bind - binding parameter [1] as [INTEGER] - [9]
01:40:44 DEBUG org.hibernate.SQL - 
    select
        distinct o1_0.id,
        o1_0.created_at,
        o2_0.order_id,
        o2_0.id,
        o2_0.end_date,
        o2_0.price_at_purchase,
        o2_0.quantity,
        o2_0.start_date,
        v1_0.id,
        v1_0.color,
        v1_0.product_id,
        p1_0.id,
        p1_0.base_price,
        p1_0.category_id,
        p1_0.created_at,
        p1_0.description,
        p1_0.image_url,
        p1_0.name,
        v1_0.quantity,
        v1_0.size,
        o1_0.status,
        o1_0.total_amount,
        o1_0.user_id 
    from
        orders o1_0 
    left join
        order_items o2_0 
            on o1_0.id=o2_0.order_id 
    left join
        product_variants v1_0 
            on v1_0.id=o2_0.variant_id 
    left join
        products p1_0 
            on p1_0.id=v1_0.product_id 
    where
        o1_0.user_id=? 
    order by
        o1_0.created_at desc
01:40:44 TRACE org.hibernate.orm.jdbc.bind - binding parameter [1] as [INTEGER] - [4]
01:40:44 DEBUG org.hibernate.SQL - 
    select
        p1_0.id,
        p1_0.base_price,
        p1_0.category_id,
        p1_0.created_at,
        p1_0.description,
        p1_0.image_url,
        p1_0.name 
    from
        products p1_0 
    where
        p1_0.id=?
01:40:44 TRACE org.hibernate.orm.jdbc.bind - binding parameter [1] as [INTEGER] - [2]
01:40:44 DEBUG org.hibernate.SQL - 
    select
        c1_0.id,
        c1_0.description,
        c1_0.gender,
        c1_0.name 
    from
        categories c1_0 
    where
        c1_0.id=?
01:40:44 TRACE org.hibernate.orm.jdbc.bind - binding parameter [1] as [INTEGER] - [1]
01:40:44 INFO  org.hibernate.SQL_SLOW - SlowQuery: 4 milliseconds. SQL: 'com.mysql.cj.jdbc.ClientPreparedStatement: select distinct o1_0.id,o1_0.created_at,o2_0.order_id,o2_0.id,o2_0.end_date,o2_0.price_at_purchase,o2_0.quantity,o2_0.start_date,v1_0.id,v1_0.color,v1_0.product_id,p1_0.id,p1_0.base_price,p1_0.category_id,p1_0.created_at,p1_0.description,p1_0.image_url,p1_0.name,v1_0.quantity,v1_0.size,o1_0.status,o1_0.total_amount,o1_0.user_id from orders o1_0 left join order_items o2_0 on o1_0.id=o2_0.order_id left join product_variants v1_0 on v1_0.id=o2_0.variant_id left join products p1_0 on p1_0.id=v1_0.product_id where o1_0.user_id=4 order by o1_0.created_at desc'
01:40:44 DEBUG org.hibernate.SQL - 
    select
        p1_0.product_id,
        p1_0.id,
        p1_0.color,
        p1_0.image_url 
    from
        product_images p1_0 
    where
        p1_0.product_id=? 
    order by
        p1_0.id
01:40:44 TRACE org.hibernate.orm.jdbc.bind - binding parameter [1] as [INTEGER] - [2]
01:40:44 DEBUG org.hibernate.SQL - 
    select
        p1_0.product_id,
        p1_0.id,
        p1_0.color,
        p1_0.image_url 
    from
        product_images p1_0 
    where
        p1_0.product_id=? 
    order by
        p1_0.id
01:40:44 TRACE org.hibernate.orm.jdbc.bind - binding parameter [1] as [INTEGER] - [1]
01:40:44 DEBUG org.hibernate.SQL - 
    select
        p1_0.product_id,
        p1_0.id,
        p1_0.color,
        p1_0.image_url 
    from
        product_images p1_0 
    where
        p1_0.product_id=? 
    order by
        p1_0.id
01:40:44 TRACE org.hibernate.orm.jdbc.bind - binding parameter [1] as [INTEGER] - [3]
01:41:03 DEBUG org.hibernate.SQL - 
    select
        c1_0.id,
        c1_0.description,
        c1_0.gender,
        c1_0.name 
    from
        categories c1_0
01:41:03 DEBUG org.hibernate.SQL - 
    select
        c1_0.id,
        c1_0.description,
        c1_0.gender,
        c1_0.name 
    from
        categories c1_0 
    where
        c1_0.gender=? 
    order by
        c1_0.name
01:41:03 TRACE org.hibernate.orm.jdbc.bind - binding parameter [1] as [VARCHAR] - [FEMALE]
01:41:03 DEBUG org.hibernate.SQL - 
    select
        c1_0.id,
        c1_0.description,
        c1_0.gender,
        c1_0.name 
    from
        categories c1_0 
    where
        c1_0.gender=? 
    order by
        c1_0.name
01:41:03 TRACE org.hibernate.orm.jdbc.bind - binding parameter [1] as [VARCHAR] - [MALE]
01:41:03 DEBUG org.hibernate.SQL - 
    select
        u1_0.id,
        u1_0.address,
        u1_0.birthday,
        c1_0.id,
        c1_0.created_at,
        u1_0.created_at,
        u1_0.credit_limit,
        u1_0.email,
        u1_0.gender,
        u1_0.job,
        u1_0.name,
        u1_0.password_hash,
        u1_0.role 
    from
        users u1_0 
    left join
        carts c1_0 
            on u1_0.id=c1_0.user_id 
    where
        u1_0.id=?
01:41:03 TRACE org.hibernate.orm.jdbc.bind - binding parameter [1] as [INTEGER] - [4]
01:41:03 DEBUG org.hibernate.SQL - 
    select
        c1_0.cart_id,
        c1_0.id,
        c1_0.end_date,
        c1_0.quantity,
        c1_0.start_date,
        c1_0.variant_id 
    from
        cart_items c1_0 
    where
        c1_0.cart_id=?
01:41:03 TRACE org.hibernate.orm.jdbc.bind - binding parameter [1] as [INTEGER] - [3]
01:41:03 DEBUG org.hibernate.SQL - 
    select
        p1_0.id,
        p1_0.color,
        p1_0.product_id,
        p1_0.quantity,
        p1_0.size 
    from
        product_variants p1_0 
    where
        p1_0.id=?
01:41:03 TRACE org.hibernate.orm.jdbc.bind - binding parameter [1] as [INTEGER] - [9]
01:41:03 DEBUG org.hibernate.SQL - 
    select
        p1_0.id,
        p1_0.base_price,
        p1_0.category_id,
        p1_0.created_at,
        p1_0.description,
        p1_0.image_url,
        p1_0.name 
    from
        products p1_0 
    where
        p1_0.id=?
01:41:03 TRACE org.hibernate.orm.jdbc.bind - binding parameter [1] as [INTEGER] - [2]
01:41:03 DEBUG org.hibernate.SQL - 
    select
        c1_0.id,
        c1_0.description,
        c1_0.gender,
        c1_0.name 
    from
        categories c1_0 
    where
        c1_0.id=?
01:41:03 TRACE org.hibernate.orm.jdbc.bind - binding parameter [1] as [INTEGER] - [1]
01:41:03 DEBUG org.hibernate.SQL - 
    select
        c1_0.id,
        c1_0.description,
        c1_0.gender,
        c1_0.name 
    from
        categories c1_0
01:41:03 DEBUG org.hibernate.SQL - 
    select
        c1_0.id,
        c1_0.description,
        c1_0.gender,
        c1_0.name 
    from
        categories c1_0
01:41:03 DEBUG org.hibernate.SQL - 
    select
        c1_0.id,
        c1_0.description,
        c1_0.gender,
        c1_0.name 
    from
        categories c1_0
01:41:03 DEBUG org.hibernate.SQL - 
    select
        c1_0.id,
        c1_0.description,
        c1_0.gender,
        c1_0.name 
    from
        categories c1_0
01:41:03 DEBUG org.hibernate.SQL - 
    select
        p1_0.id 
    from
        products p1_0 
    where
        p1_0.created_at>=? 
    order by
        p1_0.created_at desc limit ?,
        ?
01:41:03 DEBUG org.hibernate.SQL - 
    select
        p1_0.id 
    from
        products p1_0 
    left join
        categories c1_0 
            on c1_0.id=p1_0.category_id 
    where
        (
            ? is null 
            or c1_0.gender=?
        ) 
        and (
            ? is null 
            or p1_0.base_price>=?
        ) 
        and (
            ? is null 
            or p1_0.base_price<=?
        ) 
    order by
        p1_0.created_at desc limit ?,
        ?
01:41:03 DEBUG org.hibernate.SQL - 
    select
        p1_0.id 
    from
        products p1_0 
    left join
        categories c1_0 
            on c1_0.id=p1_0.category_id 
    where
        (
            ? is null 
            or c1_0.gender=?
        ) 
        and (
            ? is null 
            or p1_0.base_price>=?
        ) 
        and (
            ? is null 
            or p1_0.base_price<=?
        ) 
    order by
        p1_0.created_at desc limit ?,
        ?
01:41:03 TRACE org.hibernate.orm.jdbc.bind - binding parameter [1] as [VARCHAR] - [MALE]
01:41:03 TRACE org.hibernate.orm.jdbc.bind - binding parameter [2] as [VARCHAR] - [MALE]
01:41:03 TRACE org.hibernate.orm.jdbc.bind - binding parameter [3] as [NUMERIC] - [null]
01:41:03 TRACE org.hibernate.orm.jdbc.bind - binding parameter [4] as [NUMERIC] - [null]
01:41:03 TRACE org.hibernate.orm.jdbc.bind - binding parameter [5] as [NUMERIC] - [null]
01:41:03 TRACE org.hibernate.orm.jdbc.bind - binding parameter [6] as [NUMERIC] - [null]
01:41:03 TRACE org.hibernate.orm.jdbc.bind - binding parameter [7] as [INTEGER] - [0]
01:41:03 TRACE org.hibernate.orm.jdbc.bind - binding parameter [8] as [INTEGER] - [4]
01:41:03 DEBUG org.hibernate.SQL - 
    select
        p1_0.id 
    from
        products p1_0 
    left join
        categories c1_0 
            on c1_0.id=p1_0.category_id 
    where
        p1_0.category_id in(?,?,?) 
        and (
            ? is null 
            or c1_0.gender=?
        ) 
        and (
            ? is null 
            or p1_0.base_price>=?
        ) 
        and (
            ? is null 
            or p1_0.base_price<=?
        ) 
    order by
        p1_0.created_at desc limit ?,
        ?
01:41:03 TRACE org.hibernate.orm.jdbc.bind - binding parameter [1] as [VARCHAR] - [FEMALE]
01:41:03 TRACE org.hibernate.orm.jdbc.bind - binding parameter [1] as [TIMESTAMP_UTC] - [2026-02-21T23:41:03.905924800Z]
01:41:03 TRACE org.hibernate.orm.jdbc.bind - binding parameter [2] as [VARCHAR] - [FEMALE]
01:41:03 TRACE org.hibernate.orm.jdbc.bind - binding parameter [3] as [NUMERIC] - [null]
01:41:03 TRACE org.hibernate.orm.jdbc.bind - binding parameter [4] as [NUMERIC] - [null]
01:41:03 TRACE org.hibernate.orm.jdbc.bind - binding parameter [5] as [NUMERIC] - [null]
01:41:03 TRACE org.hibernate.orm.jdbc.bind - binding parameter [6] as [NUMERIC] - [null]
01:41:03 TRACE org.hibernate.orm.jdbc.bind - binding parameter [7] as [INTEGER] - [0]
01:41:03 TRACE org.hibernate.orm.jdbc.bind - binding parameter [8] as [INTEGER] - [4]
01:41:03 TRACE org.hibernate.orm.jdbc.bind - binding parameter [2] as [INTEGER] - [0]
01:41:03 TRACE org.hibernate.orm.jdbc.bind - binding parameter [3] as [INTEGER] - [4]
01:41:03 TRACE org.hibernate.orm.jdbc.bind - binding parameter [1] as [INTEGER] - [1]
01:41:03 TRACE org.hibernate.orm.jdbc.bind - binding parameter [2] as [INTEGER] - [3]
01:41:03 TRACE org.hibernate.orm.jdbc.bind - binding parameter [3] as [INTEGER] - [4]
01:41:03 TRACE org.hibernate.orm.jdbc.bind - binding parameter [4] as [VARCHAR] - [null]
01:41:03 TRACE org.hibernate.orm.jdbc.bind - binding parameter [5] as [VARCHAR] - [null]
01:41:03 TRACE org.hibernate.orm.jdbc.bind - binding parameter [6] as [NUMERIC] - [null]
01:41:03 TRACE org.hibernate.orm.jdbc.bind - binding parameter [7] as [NUMERIC] - [null]
01:41:03 TRACE org.hibernate.orm.jdbc.bind - binding parameter [8] as [NUMERIC] - [null]
01:41:03 TRACE org.hibernate.orm.jdbc.bind - binding parameter [9] as [NUMERIC] - [null]
01:41:03 TRACE org.hibernate.orm.jdbc.bind - binding parameter [10] as [INTEGER] - [0]
01:41:03 TRACE org.hibernate.orm.jdbc.bind - binding parameter [11] as [INTEGER] - [4]
01:41:03 DEBUG org.hibernate.SQL - 
    select
        distinct p1_0.id,
        p1_0.base_price,
        c1_0.id,
        c1_0.description,
        c1_0.gender,
        c1_0.name,
        p1_0.created_at,
        p1_0.description,
        p1_0.image_url,
        p1_0.name,
        p2_0.product_id,
        p2_0.id,
        p2_0.color,
        p2_0.quantity,
        p2_0.size 
    from
        products p1_0 
    left join
        product_variants p2_0 
            on p1_0.id=p2_0.product_id 
    left join
        categories c1_0 
            on c1_0.id=p1_0.category_id 
    where
        p1_0.id in(?,?,?,?) 
    order by
        p1_0.created_at desc,
        p2_0.id
01:41:03 TRACE org.hibernate.orm.jdbc.bind - binding parameter [1] as [INTEGER] - [1]
01:41:03 TRACE org.hibernate.orm.jdbc.bind - binding parameter [2] as [INTEGER] - [8]
01:41:03 TRACE org.hibernate.orm.jdbc.bind - binding parameter [3] as [INTEGER] - [2]
01:41:03 DEBUG org.hibernate.SQL - 
    select
        distinct p1_0.id,
        p1_0.base_price,
        c1_0.id,
        c1_0.description,
        c1_0.gender,
        c1_0.name,
        p1_0.created_at,
        p1_0.description,
        p1_0.image_url,
        p1_0.name,
        p2_0.product_id,
        p2_0.id,
        p2_0.color,
        p2_0.quantity,
        p2_0.size 
    from
        products p1_0 
    left join
        product_variants p2_0 
            on p1_0.id=p2_0.product_id 
    left join
        categories c1_0 
            on c1_0.id=p1_0.category_id 
    where
        p1_0.id in(?,?,?,?) 
    order by
        p1_0.created_at desc,
        p2_0.id
01:41:03 DEBUG org.hibernate.SQL - 
    select
        distinct p1_0.id,
        p1_0.base_price,
        c1_0.id,
        c1_0.description,
        c1_0.gender,
        c1_0.name,
        p1_0.created_at,
        p1_0.description,
        p1_0.image_url,
        p1_0.name,
        p2_0.product_id,
        p2_0.id,
        p2_0.color,
        p2_0.quantity,
        p2_0.size 
    from
        products p1_0 
    left join
        product_variants p2_0 
            on p1_0.id=p2_0.product_id 
    left join
        categories c1_0 
            on c1_0.id=p1_0.category_id 
    where
        p1_0.id in(?,?) 
    order by
        p1_0.created_at desc,
        p2_0.id
01:41:03 TRACE org.hibernate.orm.jdbc.bind - binding parameter [4] as [INTEGER] - [3]
01:41:03 DEBUG org.hibernate.SQL - 
    select
        distinct p1_0.id,
        p1_0.base_price,
        c1_0.id,
        c1_0.description,
        c1_0.gender,
        c1_0.name,
        p1_0.created_at,
        p1_0.description,
        p1_0.image_url,
        p1_0.name,
        p2_0.product_id,
        p2_0.id,
        p2_0.color,
        p2_0.quantity,
        p2_0.size 
    from
        products p1_0 
    left join
        product_variants p2_0 
            on p1_0.id=p2_0.product_id 
    left join
        categories c1_0 
            on c1_0.id=p1_0.category_id 
    where
        p1_0.id in(?,?,?,?) 
    order by
        p1_0.created_at desc,
        p2_0.id
01:41:03 TRACE org.hibernate.orm.jdbc.bind - binding parameter [1] as [INTEGER] - [1]
01:41:03 TRACE org.hibernate.orm.jdbc.bind - binding parameter [1] as [INTEGER] - [6]
01:41:03 DEBUG org.hibernate.SQL - 
    select
        count(distinct p1_0.id) 
    from
        products p1_0 
    left join
        categories c1_0 
            on c1_0.id=p1_0.category_id 
    where
        (
            ? is null 
            or c1_0.gender=?
        ) 
        and (
            ? is null 
            or p1_0.base_price>=?
        ) 
        and (
            ? is null 
            or p1_0.base_price<=?
        )
01:41:03 TRACE org.hibernate.orm.jdbc.bind - binding parameter [2] as [INTEGER] - [8]
01:41:03 TRACE org.hibernate.orm.jdbc.bind - binding parameter [2] as [INTEGER] - [7]
01:41:03 TRACE org.hibernate.orm.jdbc.bind - binding parameter [3] as [INTEGER] - [2]
01:41:03 TRACE org.hibernate.orm.jdbc.bind - binding parameter [4] as [INTEGER] - [3]
01:41:03 TRACE org.hibernate.orm.jdbc.bind - binding parameter [1] as [VARCHAR] - [FEMALE]
01:41:03 TRACE org.hibernate.orm.jdbc.bind - binding parameter [1] as [INTEGER] - [1]
01:41:03 TRACE org.hibernate.orm.jdbc.bind - binding parameter [2] as [VARCHAR] - [FEMALE]
01:41:03 TRACE org.hibernate.orm.jdbc.bind - binding parameter [2] as [INTEGER] - [8]
01:41:03 TRACE org.hibernate.orm.jdbc.bind - binding parameter [3] as [NUMERIC] - [null]
01:41:03 TRACE org.hibernate.orm.jdbc.bind - binding parameter [3] as [INTEGER] - [2]
01:41:03 TRACE org.hibernate.orm.jdbc.bind - binding parameter [4] as [NUMERIC] - [null]
01:41:03 TRACE org.hibernate.orm.jdbc.bind - binding parameter [4] as [INTEGER] - [3]
01:41:03 TRACE org.hibernate.orm.jdbc.bind - binding parameter [5] as [NUMERIC] - [null]
01:41:03 TRACE org.hibernate.orm.jdbc.bind - binding parameter [6] as [NUMERIC] - [null]
01:41:03 DEBUG org.hibernate.SQL - 
    select
        min(p1_0.base_price),
        max(p1_0.base_price) 
    from
        products p1_0 
    left join
        categories c1_0 
            on c1_0.id=p1_0.category_id 
    where
        (
            ? is null 
            or c1_0.gender=?
        )
01:41:03 TRACE org.hibernate.orm.jdbc.bind - binding parameter [1] as [VARCHAR] - [FEMALE]
01:41:03 TRACE org.hibernate.orm.jdbc.bind - binding parameter [2] as [VARCHAR] - [FEMALE]
01:41:03 DEBUG org.hibernate.SQL - 
    select
        count(distinct p1_0.id) 
    from
        products p1_0 
    left join
        categories c1_0 
            on c1_0.id=p1_0.category_id 
    where
        (
            ? is null 
            or c1_0.gender=?
        ) 
        and (
            ? is null 
            or p1_0.base_price>=?
        ) 
        and (
            ? is null 
            or p1_0.base_price<=?
        )
01:41:03 TRACE org.hibernate.orm.jdbc.bind - binding parameter [1] as [VARCHAR] - [MALE]
01:41:03 DEBUG org.hibernate.SQL - 
    select
        count(p1_0.id) 
    from
        products p1_0 
    where
        p1_0.created_at>=?
01:41:03 DEBUG org.hibernate.SQL - 
    select
        p1_0.id,
        p1_0.color,
        p1_0.image_url,
        p1_0.product_id 
    from
        product_images p1_0 
    where
        p1_0.product_id in(?,?,?,?) 
        and p1_0.id=(
            select
                min(p3_0.id) 
            from
                product_images p3_0,
                products p5_0 
            where
                p3_0.product_id=p5_0.id 
                and p3_0.color=p1_0.color 
                and p5_0.id=p1_0.product_id
        ) 
    order by
        p1_0.product_id,
        p1_0.id
01:41:03 TRACE org.hibernate.orm.jdbc.bind - binding parameter [2] as [VARCHAR] - [MALE]
01:41:03 DEBUG org.hibernate.SQL - 
    select
        count(distinct p1_0.id) 
    from
        products p1_0 
    left join
        categories c1_0 
            on c1_0.id=p1_0.category_id 
    where
        p1_0.category_id in(?,?,?) 
        and (
            ? is null 
            or c1_0.gender=?
        ) 
        and (
            ? is null 
            or p1_0.base_price>=?
        ) 
        and (
            ? is null 
            or p1_0.base_price<=?
        )
01:41:03 TRACE org.hibernate.orm.jdbc.bind - binding parameter [3] as [NUMERIC] - [null]
01:41:03 TRACE org.hibernate.orm.jdbc.bind - binding parameter [4] as [NUMERIC] - [null]
01:41:03 TRACE org.hibernate.orm.jdbc.bind - binding parameter [5] as [NUMERIC] - [null]
01:41:03 TRACE org.hibernate.orm.jdbc.bind - binding parameter [6] as [NUMERIC] - [null]
01:41:03 TRACE org.hibernate.orm.jdbc.bind - binding parameter [1] as [TIMESTAMP_UTC] - [2026-02-21T23:41:03.940698700Z]
01:41:03 TRACE org.hibernate.orm.jdbc.bind - binding parameter [1] as [INTEGER] - [1]
01:41:03 TRACE org.hibernate.orm.jdbc.bind - binding parameter [1] as [INTEGER] - [1]
01:41:03 TRACE org.hibernate.orm.jdbc.bind - binding parameter [2] as [INTEGER] - [3]
01:41:03 TRACE org.hibernate.orm.jdbc.bind - binding parameter [2] as [INTEGER] - [8]
01:41:03 TRACE org.hibernate.orm.jdbc.bind - binding parameter [3] as [INTEGER] - [4]
01:41:03 TRACE org.hibernate.orm.jdbc.bind - binding parameter [4] as [VARCHAR] - [null]
01:41:03 TRACE org.hibernate.orm.jdbc.bind - binding parameter [5] as [VARCHAR] - [null]
01:41:03 TRACE org.hibernate.orm.jdbc.bind - binding parameter [6] as [NUMERIC] - [null]
01:41:03 TRACE org.hibernate.orm.jdbc.bind - binding parameter [7] as [NUMERIC] - [null]
01:41:03 TRACE org.hibernate.orm.jdbc.bind - binding parameter [8] as [NUMERIC] - [null]
01:41:03 TRACE org.hibernate.orm.jdbc.bind - binding parameter [9] as [NUMERIC] - [null]
01:41:03 TRACE org.hibernate.orm.jdbc.bind - binding parameter [3] as [INTEGER] - [2]
01:41:03 TRACE org.hibernate.orm.jdbc.bind - binding parameter [4] as [INTEGER] - [3]
01:41:03 DEBUG org.hibernate.SQL - 
    select
        min(p1_0.base_price),
        max(p1_0.base_price) 
    from
        products p1_0 
    left join
        categories c1_0 
            on c1_0.id=p1_0.category_id 
    where
        (
            ? is null 
            or c1_0.gender=?
        )
01:41:03 DEBUG org.hibernate.SQL - 
    select
        min(p1_0.base_price),
        max(p1_0.base_price) 
    from
        products p1_0 
    left join
        categories c1_0 
            on c1_0.id=p1_0.category_id 
    where
        p1_0.category_id in(?,?,?) 
        and (
            ? is null 
            or c1_0.gender=?
        )
01:41:03 DEBUG org.hibernate.SQL - 
    select
        min(p1_0.base_price),
        max(p1_0.base_price) 
    from
        products p1_0 
    left join
        categories c1_0 
            on c1_0.id=p1_0.category_id 
    where
        (
            ? is null 
            or c1_0.gender=?
        )
01:41:03 TRACE org.hibernate.orm.jdbc.bind - binding parameter [1] as [VARCHAR] - [null]
01:41:03 TRACE org.hibernate.orm.jdbc.bind - binding parameter [1] as [INTEGER] - [1]
01:41:03 TRACE org.hibernate.orm.jdbc.bind - binding parameter [1] as [VARCHAR] - [MALE]
01:41:03 TRACE org.hibernate.orm.jdbc.bind - binding parameter [2] as [VARCHAR] - [null]
01:41:03 TRACE org.hibernate.orm.jdbc.bind - binding parameter [2] as [INTEGER] - [3]
01:41:03 TRACE org.hibernate.orm.jdbc.bind - binding parameter [2] as [VARCHAR] - [MALE]
01:41:03 TRACE org.hibernate.orm.jdbc.bind - binding parameter [3] as [INTEGER] - [4]
01:41:03 TRACE org.hibernate.orm.jdbc.bind - binding parameter [4] as [VARCHAR] - [null]
01:41:03 TRACE org.hibernate.orm.jdbc.bind - binding parameter [5] as [VARCHAR] - [null]
01:41:03 DEBUG org.hibernate.SQL - 
    select
        p1_0.id,
        p1_0.color,
        p1_0.image_url,
        p1_0.product_id 
    from
        product_images p1_0 
    where
        p1_0.product_id in(?,?,?,?) 
        and p1_0.id=(
            select
                min(p3_0.id) 
            from
                product_images p3_0,
                products p5_0 
            where
                p3_0.product_id=p5_0.id 
                and p3_0.color=p1_0.color 
                and p5_0.id=p1_0.product_id
        ) 
    order by
        p1_0.product_id,
        p1_0.id
01:41:03 DEBUG org.hibernate.SQL - 
    select
        p1_0.id,
        p1_0.color,
        p1_0.image_url,
        p1_0.product_id 
    from
        product_images p1_0 
    where
        p1_0.product_id in(?,?) 
        and p1_0.id=(
            select
                min(p3_0.id) 
            from
                product_images p3_0,
                products p5_0 
            where
                p3_0.product_id=p5_0.id 
                and p3_0.color=p1_0.color 
                and p5_0.id=p1_0.product_id
        ) 
    order by
        p1_0.product_id,
        p1_0.id
01:41:03 DEBUG org.hibernate.SQL - 
    select
        p1_0.id,
        p1_0.color,
        p1_0.image_url,
        p1_0.product_id 
    from
        product_images p1_0 
    where
        p1_0.product_id in(?,?,?,?) 
        and p1_0.id=(
            select
                min(p3_0.id) 
            from
                product_images p3_0,
                products p5_0 
            where
                p3_0.product_id=p5_0.id 
                and p3_0.color=p1_0.color 
                and p5_0.id=p1_0.product_id
        ) 
    order by
        p1_0.product_id,
        p1_0.id
01:41:03 TRACE org.hibernate.orm.jdbc.bind - binding parameter [1] as [INTEGER] - [1]
01:41:03 TRACE org.hibernate.orm.jdbc.bind - binding parameter [1] as [INTEGER] - [1]
01:41:03 TRACE org.hibernate.orm.jdbc.bind - binding parameter [2] as [INTEGER] - [8]
01:41:03 TRACE org.hibernate.orm.jdbc.bind - binding parameter [2] as [INTEGER] - [8]
01:41:03 TRACE org.hibernate.orm.jdbc.bind - binding parameter [1] as [INTEGER] - [6]
01:41:03 TRACE org.hibernate.orm.jdbc.bind - binding parameter [3] as [INTEGER] - [2]
01:41:03 TRACE org.hibernate.orm.jdbc.bind - binding parameter [3] as [INTEGER] - [2]
01:41:03 TRACE org.hibernate.orm.jdbc.bind - binding parameter [4] as [INTEGER] - [3]
01:41:03 TRACE org.hibernate.orm.jdbc.bind - binding parameter [4] as [INTEGER] - [3]
01:41:03 TRACE org.hibernate.orm.jdbc.bind - binding parameter [2] as [INTEGER] - [7]
01:41:09 DEBUG org.hibernate.SQL - 
    select
        c1_0.id,
        c1_0.description,
        c1_0.gender,
        c1_0.name 
    from
        categories c1_0
01:41:09 DEBUG org.hibernate.SQL - 
    select
        c1_0.id,
        c1_0.description,
        c1_0.gender,
        c1_0.name 
    from
        categories c1_0
01:41:09 DEBUG org.hibernate.SQL - 
    select
        p1_0.id,
        p1_0.base_price,
        p1_0.category_id,
        p1_0.created_at,
        p1_0.description,
        p1_0.image_url,
        p1_0.name 
    from
        products p1_0 
    where
        p1_0.id=?
01:41:09 TRACE org.hibernate.orm.jdbc.bind - binding parameter [1] as [INTEGER] - [2]
01:41:09 DEBUG org.hibernate.SQL - 
    select
        p1_0.id,
        p1_0.color,
        p1_0.product_id,
        p1_0.quantity,
        p1_0.size 
    from
        product_variants p1_0 
    where
        p1_0.product_id=? 
    order by
        p1_0.id
01:41:09 TRACE org.hibernate.orm.jdbc.bind - binding parameter [1] as [INTEGER] - [2]
01:41:09 DEBUG org.hibernate.SQL - 
    select
        p1_0.id,
        p1_0.color,
        p1_0.image_url,
        p1_0.product_id 
    from
        product_images p1_0 
    where
        p1_0.product_id=? 
    order by
        p1_0.id
01:41:09 TRACE org.hibernate.orm.jdbc.bind - binding parameter [1] as [INTEGER] - [2]
01:41:09 DEBUG org.hibernate.SQL - 
    select
        c1_0.id,
        c1_0.description,
        c1_0.gender,
        c1_0.name 
    from
        categories c1_0 
    where
        c1_0.id=?
01:41:09 TRACE org.hibernate.orm.jdbc.bind - binding parameter [1] as [INTEGER] - [1]
01:41:09 DEBUG org.hibernate.SQL - 
    select
        c1_0.id,
        c1_0.description,
        c1_0.gender,
        c1_0.name 
    from
        categories c1_0
01:41:09 DEBUG org.hibernate.SQL - 
    select
        c1_0.id,
        c1_0.description,
        c1_0.gender,
        c1_0.name 
    from
        categories c1_0
01:41:09 INFO  org.hibernate.SQL_SLOW - SlowQuery: 2 milliseconds. SQL: 'com.mysql.cj.jdbc.ClientPreparedStatement: select c1_0.id,c1_0.description,c1_0.gender,c1_0.name from categories c1_0'
01:41:13 DEBUG org.hibernate.SQL - 
    select
        c1_0.id,
        c1_0.description,
        c1_0.gender,
        c1_0.name 
    from
        categories c1_0
01:41:13 DEBUG org.hibernate.SQL - 
    select
        c1_0.id,
        c1_0.description,
        c1_0.gender,
        c1_0.name 
    from
        categories c1_0
01:41:13 DEBUG org.hibernate.SQL - 
    select
        p1_0.id,
        p1_0.base_price,
        p1_0.category_id,
        p1_0.created_at,
        p1_0.description,
        p1_0.image_url,
        p1_0.name 
    from
        products p1_0 
    where
        p1_0.id=?
01:41:13 TRACE org.hibernate.orm.jdbc.bind - binding parameter [1] as [INTEGER] - [2]
01:41:13 DEBUG org.hibernate.SQL - 
    select
        p1_0.id,
        p1_0.color,
        p1_0.product_id,
        p1_0.quantity,
        p1_0.size 
    from
        product_variants p1_0 
    where
        p1_0.product_id=? 
    order by
        p1_0.id
01:41:13 TRACE org.hibernate.orm.jdbc.bind - binding parameter [1] as [INTEGER] - [2]
01:41:13 DEBUG org.hibernate.SQL - 
    select
        p1_0.id,
        p1_0.color,
        p1_0.image_url,
        p1_0.product_id 
    from
        product_images p1_0 
    where
        p1_0.product_id=? 
    order by
        p1_0.id
01:41:13 TRACE org.hibernate.orm.jdbc.bind - binding parameter [1] as [INTEGER] - [2]
01:41:13 DEBUG org.hibernate.SQL - 
    select
        c1_0.id,
        c1_0.description,
        c1_0.gender,
        c1_0.name 
    from
        categories c1_0 
    where
        c1_0.id=?
01:41:13 TRACE org.hibernate.orm.jdbc.bind - binding parameter [1] as [INTEGER] - [1]
01:41:13 INFO  org.hibernate.SQL_SLOW - SlowQuery: 2 milliseconds. SQL: 'com.mysql.cj.jdbc.ClientPreparedStatement: select c1_0.id,c1_0.description,c1_0.gender,c1_0.name from categories c1_0 where c1_0.id=1'
01:41:13 DEBUG org.hibernate.SQL - 
    select
        c1_0.id,
        c1_0.description,
        c1_0.gender,
        c1_0.name 
    from
        categories c1_0
01:41:16 DEBUG org.hibernate.SQL - 
    select
        c1_0.id,
        c1_0.description,
        c1_0.gender,
        c1_0.name 
    from
        categories c1_0
01:41:22 DEBUG org.hibernate.SQL - 
    select
        u1_0.id,
        u1_0.address,
        u1_0.birthday,
        c1_0.id,
        c1_0.created_at,
        u1_0.created_at,
        u1_0.credit_limit,
        u1_0.email,
        u1_0.gender,
        u1_0.job,
        u1_0.name,
        u1_0.password_hash,
        u1_0.role 
    from
        users u1_0 
    left join
        carts c1_0 
            on u1_0.id=c1_0.user_id 
    where
        u1_0.id=?
01:41:22 TRACE org.hibernate.orm.jdbc.bind - binding parameter [1] as [INTEGER] - [4]
01:41:22 INFO  org.hibernate.SQL_SLOW - SlowQuery: 3 milliseconds. SQL: 'com.mysql.cj.jdbc.ClientPreparedStatement: select u1_0.id,u1_0.address,u1_0.birthday,c1_0.id,c1_0.created_at,u1_0.created_at,u1_0.credit_limit,u1_0.email,u1_0.gender,u1_0.job,u1_0.name,u1_0.password_hash,u1_0.role from users u1_0 left join carts c1_0 on u1_0.id=c1_0.user_id where u1_0.id=4'
01:41:22 DEBUG org.hibernate.SQL - 
    select
        p1_0.id,
        p1_0.color,
        p1_0.product_id,
        p1_0.quantity,
        p1_0.size 
    from
        product_variants p1_0 
    where
        p1_0.id=?
01:41:22 TRACE org.hibernate.orm.jdbc.bind - binding parameter [1] as [INTEGER] - [15]
01:41:22 DEBUG org.hibernate.SQL - 
    insert 
    into
        cart_items
        (cart_id,end_date,quantity,start_date,variant_id) 
    values
        (?,?,?,?,?)
01:41:22 TRACE org.hibernate.orm.jdbc.bind - binding parameter [1] as [INTEGER] - [3]
01:41:22 TRACE org.hibernate.orm.jdbc.bind - binding parameter [2] as [DATE] - [2026-03-30]
01:41:22 TRACE org.hibernate.orm.jdbc.bind - binding parameter [3] as [INTEGER] - [1]
01:41:22 TRACE org.hibernate.orm.jdbc.bind - binding parameter [4] as [DATE] - [2026-03-24]
01:41:22 TRACE org.hibernate.orm.jdbc.bind - binding parameter [5] as [INTEGER] - [15]
01:41:22 INFO  org.hibernate.SQL_SLOW - SlowQuery: 3 milliseconds. SQL: 'insert into cart_items (cart_id,end_date,quantity,start_date,variant_id) values (?,?,?,?,?)'
01:41:24 DEBUG org.hibernate.SQL - 
    select
        c1_0.id,
        c1_0.description,
        c1_0.gender,
        c1_0.name 
    from
        categories c1_0
01:41:24 DEBUG org.hibernate.SQL - 
    select
        c1_0.id,
        c1_0.description,
        c1_0.gender,
        c1_0.name 
    from
        categories c1_0
01:41:24 DEBUG org.hibernate.SQL - 
    select
        p1_0.id,
        p1_0.base_price,
        p1_0.category_id,
        p1_0.created_at,
        p1_0.description,
        p1_0.image_url,
        p1_0.name 
    from
        products p1_0 
    where
        p1_0.id=?
01:41:24 TRACE org.hibernate.orm.jdbc.bind - binding parameter [1] as [INTEGER] - [2]
01:41:24 DEBUG org.hibernate.SQL - 
    select
        p1_0.id,
        p1_0.color,
        p1_0.product_id,
        p1_0.quantity,
        p1_0.size 
    from
        product_variants p1_0 
    where
        p1_0.product_id=? 
    order by
        p1_0.id
01:41:24 TRACE org.hibernate.orm.jdbc.bind - binding parameter [1] as [INTEGER] - [2]
01:41:24 DEBUG org.hibernate.SQL - 
    select
        p1_0.id,
        p1_0.color,
        p1_0.image_url,
        p1_0.product_id 
    from
        product_images p1_0 
    where
        p1_0.product_id=? 
    order by
        p1_0.id
01:41:24 TRACE org.hibernate.orm.jdbc.bind - binding parameter [1] as [INTEGER] - [2]
01:41:24 DEBUG org.hibernate.SQL - 
    select
        c1_0.id,
        c1_0.description,
        c1_0.gender,
        c1_0.name 
    from
        categories c1_0 
    where
        c1_0.id=?
01:41:24 TRACE org.hibernate.orm.jdbc.bind - binding parameter [1] as [INTEGER] - [1]
01:41:24 DEBUG org.hibernate.SQL - 
    select
        c1_0.id,
        c1_0.description,
        c1_0.gender,
        c1_0.name 
    from
        categories c1_0
01:41:29 DEBUG org.hibernate.SQL - 
    select
        u1_0.id,
        u1_0.address,
        u1_0.birthday,
        c1_0.id,
        c1_0.created_at,
        u1_0.created_at,
        u1_0.credit_limit,
        u1_0.email,
        u1_0.gender,
        u1_0.job,
        u1_0.name,
        u1_0.password_hash,
        u1_0.role 
    from
        users u1_0 
    left join
        carts c1_0 
            on u1_0.id=c1_0.user_id 
    where
        u1_0.id=?
01:41:29 TRACE org.hibernate.orm.jdbc.bind - binding parameter [1] as [INTEGER] - [4]
01:41:29 DEBUG org.hibernate.SQL - 
    select
        p1_0.id,
        p1_0.color,
        p1_0.product_id,
        p1_0.quantity,
        p1_0.size 
    from
        product_variants p1_0 
    where
        p1_0.id=?
01:41:29 TRACE org.hibernate.orm.jdbc.bind - binding parameter [1] as [INTEGER] - [11]
01:41:29 DEBUG org.hibernate.SQL - 
    insert 
    into
        cart_items
        (cart_id,end_date,quantity,start_date,variant_id) 
    values
        (?,?,?,?,?)
01:41:29 TRACE org.hibernate.orm.jdbc.bind - binding parameter [1] as [INTEGER] - [3]
01:41:29 TRACE org.hibernate.orm.jdbc.bind - binding parameter [2] as [DATE] - [2026-03-27]
01:41:29 TRACE org.hibernate.orm.jdbc.bind - binding parameter [3] as [INTEGER] - [1]
01:41:29 TRACE org.hibernate.orm.jdbc.bind - binding parameter [4] as [DATE] - [2026-03-25]
01:41:29 TRACE org.hibernate.orm.jdbc.bind - binding parameter [5] as [INTEGER] - [11]
01:42:01 DEBUG org.hibernate.SQL - 
    select
        c1_0.id,
        c1_0.description,
        c1_0.gender,
        c1_0.name 
    from
        categories c1_0
01:42:02 DEBUG org.hibernate.SQL - 
    select
        u1_0.id,
        u1_0.address,
        u1_0.birthday,
        c1_0.id,
        c1_0.created_at,
        u1_0.created_at,
        u1_0.credit_limit,
        u1_0.email,
        u1_0.gender,
        u1_0.job,
        u1_0.name,
        u1_0.password_hash,
        u1_0.role 
    from
        users u1_0 
    left join
        carts c1_0 
            on u1_0.id=c1_0.user_id 
    where
        u1_0.id=?
01:42:02 TRACE org.hibernate.orm.jdbc.bind - binding parameter [1] as [INTEGER] - [4]
01:42:02 DEBUG org.hibernate.SQL - 
    select
        c1_0.cart_id,
        c1_0.id,
        c1_0.end_date,
        c1_0.quantity,
        c1_0.start_date,
        c1_0.variant_id 
    from
        cart_items c1_0 
    where
        c1_0.cart_id=?
01:42:02 TRACE org.hibernate.orm.jdbc.bind - binding parameter [1] as [INTEGER] - [3]
01:42:02 DEBUG org.hibernate.SQL - 
    select
        p1_0.id,
        p1_0.color,
        p1_0.product_id,
        p1_0.quantity,
        p1_0.size 
    from
        product_variants p1_0 
    where
        p1_0.id=?
01:42:02 TRACE org.hibernate.orm.jdbc.bind - binding parameter [1] as [INTEGER] - [9]
01:42:02 DEBUG org.hibernate.SQL - 
    select
        p1_0.id,
        p1_0.base_price,
        p1_0.category_id,
        p1_0.created_at,
        p1_0.description,
        p1_0.image_url,
        p1_0.name 
    from
        products p1_0 
    where
        p1_0.id=?
01:42:02 TRACE org.hibernate.orm.jdbc.bind - binding parameter [1] as [INTEGER] - [2]
01:42:02 DEBUG org.hibernate.SQL - 
    select
        c1_0.id,
        c1_0.description,
        c1_0.gender,
        c1_0.name 
    from
        categories c1_0 
    where
        c1_0.id=?
01:42:02 TRACE org.hibernate.orm.jdbc.bind - binding parameter [1] as [INTEGER] - [1]
01:42:02 DEBUG org.hibernate.SQL - 
    select
        p1_0.id,
        p1_0.color,
        p1_0.product_id,
        p1_0.quantity,
        p1_0.size 
    from
        product_variants p1_0 
    where
        p1_0.id=?
01:42:02 TRACE org.hibernate.orm.jdbc.bind - binding parameter [1] as [INTEGER] - [15]
01:42:02 DEBUG org.hibernate.SQL - 
    select
        p1_0.id,
        p1_0.color,
        p1_0.product_id,
        p1_0.quantity,
        p1_0.size 
    from
        product_variants p1_0 
    where
        p1_0.id=?
01:42:02 TRACE org.hibernate.orm.jdbc.bind - binding parameter [1] as [INTEGER] - [11]
01:42:14 DEBUG org.hibernate.SQL - 
    select
        c1_0.id,
        c1_0.description,
        c1_0.gender,
        c1_0.name 
    from
        categories c1_0
01:42:14 DEBUG org.hibernate.SQL - 
    select
        u1_0.id,
        u1_0.address,
        u1_0.birthday,
        c1_0.id,
        c1_0.created_at,
        u1_0.created_at,
        u1_0.credit_limit,
        u1_0.email,
        u1_0.gender,
        u1_0.job,
        u1_0.name,
        u1_0.password_hash,
        u1_0.role 
    from
        users u1_0 
    left join
        carts c1_0 
            on u1_0.id=c1_0.user_id 
    where
        u1_0.id=?
01:42:14 TRACE org.hibernate.orm.jdbc.bind - binding parameter [1] as [INTEGER] - [4]
01:42:14 DEBUG org.hibernate.SQL - 
    select
        c1_0.cart_id,
        c1_0.id,
        c1_0.end_date,
        c1_0.quantity,
        c1_0.start_date,
        c1_0.variant_id 
    from
        cart_items c1_0 
    where
        c1_0.cart_id=?
01:42:14 TRACE org.hibernate.orm.jdbc.bind - binding parameter [1] as [INTEGER] - [3]
01:42:14 DEBUG org.hibernate.SQL - 
    select
        p1_0.id,
        p1_0.color,
        p1_0.product_id,
        p1_0.quantity,
        p1_0.size 
    from
        product_variants p1_0 
    where
        p1_0.id=?
01:42:14 TRACE org.hibernate.orm.jdbc.bind - binding parameter [1] as [INTEGER] - [9]
01:42:14 DEBUG org.hibernate.SQL - 
    select
        p1_0.id,
        p1_0.base_price,
        p1_0.category_id,
        p1_0.created_at,
        p1_0.description,
        p1_0.image_url,
        p1_0.name 
    from
        products p1_0 
    where
        p1_0.id=?
01:42:14 TRACE org.hibernate.orm.jdbc.bind - binding parameter [1] as [INTEGER] - [2]
01:42:14 DEBUG org.hibernate.SQL - 
    select
        c1_0.id,
        c1_0.description,
        c1_0.gender,
        c1_0.name 
    from
        categories c1_0 
    where
        c1_0.id=?
01:42:14 TRACE org.hibernate.orm.jdbc.bind - binding parameter [1] as [INTEGER] - [1]
01:42:14 DEBUG org.hibernate.SQL - 
    select
        p1_0.id,
        p1_0.color,
        p1_0.product_id,
        p1_0.quantity,
        p1_0.size 
    from
        product_variants p1_0 
    where
        p1_0.id=?
01:42:14 TRACE org.hibernate.orm.jdbc.bind - binding parameter [1] as [INTEGER] - [15]
01:42:14 DEBUG org.hibernate.SQL - 
    select
        p1_0.id,
        p1_0.color,
        p1_0.product_id,
        p1_0.quantity,
        p1_0.size 
    from
        product_variants p1_0 
    where
        p1_0.id=?
01:42:14 TRACE org.hibernate.orm.jdbc.bind - binding parameter [1] as [INTEGER] - [11]
01:42:19 DEBUG org.hibernate.SQL - 
    select
        u1_0.id,
        u1_0.address,
        u1_0.birthday,
        c1_0.id,
        c1_0.created_at,
        u1_0.created_at,
        u1_0.credit_limit,
        u1_0.email,
        u1_0.gender,
        u1_0.job,
        u1_0.name,
        u1_0.password_hash,
        u1_0.role 
    from
        users u1_0 
    left join
        carts c1_0 
            on u1_0.id=c1_0.user_id 
    where
        u1_0.id=?
01:42:19 TRACE org.hibernate.orm.jdbc.bind - binding parameter [1] as [INTEGER] - [4]
01:42:19 DEBUG org.hibernate.SQL - 
    select
        p1_0.id,
        p1_0.color,
        p1_0.product_id,
        p1_0.quantity,
        p1_0.size 
    from
        product_variants p1_0 
    where
        p1_0.id=?
01:42:19 TRACE org.hibernate.orm.jdbc.bind - binding parameter [1] as [INTEGER] - [9]
01:42:19 DEBUG org.hibernate.SQL - 
    select
        p1_0.id,
        p1_0.base_price,
        p1_0.category_id,
        p1_0.created_at,
        p1_0.description,
        p1_0.image_url,
        p1_0.name 
    from
        products p1_0 
    where
        p1_0.id=?
01:42:19 TRACE org.hibernate.orm.jdbc.bind - binding parameter [1] as [INTEGER] - [2]
01:42:19 DEBUG org.hibernate.SQL - 
    select
        p1_0.id,
        p1_0.color,
        p1_0.product_id,
        p1_0.quantity,
        p1_0.size 
    from
        product_variants p1_0 
    where
        p1_0.id=?
01:42:19 TRACE org.hibernate.orm.jdbc.bind - binding parameter [1] as [INTEGER] - [15]
01:42:19 DEBUG org.hibernate.SQL - 
    select
        p1_0.id,
        p1_0.color,
        p1_0.product_id,
        p1_0.quantity,
        p1_0.size 
    from
        product_variants p1_0 
    where
        p1_0.id=?
01:42:19 TRACE org.hibernate.orm.jdbc.bind - binding parameter [1] as [INTEGER] - [11]
01:42:19 DEBUG org.hibernate.SQL - 
    insert 
    into
        orders
        (created_at,status,total_amount,user_id) 
    values
        (?,?,?,?)
01:42:19 TRACE org.hibernate.orm.jdbc.bind - binding parameter [1] as [TIMESTAMP_UTC] - [2026-03-23T23:42:19.749996400Z]
01:42:19 TRACE org.hibernate.orm.jdbc.bind - binding parameter [2] as [VARCHAR] - [ORDERED]
01:42:19 TRACE org.hibernate.orm.jdbc.bind - binding parameter [3] as [NUMERIC] - [715.00]
01:42:19 TRACE org.hibernate.orm.jdbc.bind - binding parameter [4] as [INTEGER] - [4]
01:42:19 INFO  org.hibernate.SQL_SLOW - SlowQuery: 5 milliseconds. SQL: 'insert into orders (created_at,status,total_amount,user_id) values (?,?,?,?)'
01:42:19 DEBUG org.hibernate.SQL - 
    insert 
    into
        order_items
        (end_date,order_id,price_at_purchase,quantity,start_date,variant_id) 
    values
        (?,?,?,?,?,?)
01:42:19 TRACE org.hibernate.orm.jdbc.bind - binding parameter [1] as [DATE] - [2026-03-29]
01:42:19 TRACE org.hibernate.orm.jdbc.bind - binding parameter [2] as [INTEGER] - [9]
01:42:19 TRACE org.hibernate.orm.jdbc.bind - binding parameter [3] as [NUMERIC] - [55.00]
01:42:19 TRACE org.hibernate.orm.jdbc.bind - binding parameter [4] as [INTEGER] - [1]
01:42:19 TRACE org.hibernate.orm.jdbc.bind - binding parameter [5] as [DATE] - [2026-03-24]
01:42:19 TRACE org.hibernate.orm.jdbc.bind - binding parameter [6] as [INTEGER] - [9]
01:42:19 INFO  org.hibernate.SQL_SLOW - SlowQuery: 3 milliseconds. SQL: 'insert into order_items (end_date,order_id,price_at_purchase,quantity,start_date,variant_id) values (?,?,?,?,?,?)'
01:42:19 DEBUG org.hibernate.SQL - 
    insert 
    into
        order_items
        (end_date,order_id,price_at_purchase,quantity,start_date,variant_id) 
    values
        (?,?,?,?,?,?)
01:42:19 TRACE org.hibernate.orm.jdbc.bind - binding parameter [1] as [DATE] - [2026-03-30]
01:42:19 TRACE org.hibernate.orm.jdbc.bind - binding parameter [2] as [INTEGER] - [9]
01:42:19 TRACE org.hibernate.orm.jdbc.bind - binding parameter [3] as [NUMERIC] - [55.00]
01:42:19 TRACE org.hibernate.orm.jdbc.bind - binding parameter [4] as [INTEGER] - [1]
01:42:19 TRACE org.hibernate.orm.jdbc.bind - binding parameter [5] as [DATE] - [2026-03-24]
01:42:19 TRACE org.hibernate.orm.jdbc.bind - binding parameter [6] as [INTEGER] - [15]
01:42:19 DEBUG org.hibernate.SQL - 
    insert 
    into
        order_items
        (end_date,order_id,price_at_purchase,quantity,start_date,variant_id) 
    values
        (?,?,?,?,?,?)
01:42:19 TRACE org.hibernate.orm.jdbc.bind - binding parameter [1] as [DATE] - [2026-03-27]
01:42:19 TRACE org.hibernate.orm.jdbc.bind - binding parameter [2] as [INTEGER] - [9]
01:42:19 TRACE org.hibernate.orm.jdbc.bind - binding parameter [3] as [NUMERIC] - [55.00]
01:42:19 TRACE org.hibernate.orm.jdbc.bind - binding parameter [4] as [INTEGER] - [1]
01:42:19 TRACE org.hibernate.orm.jdbc.bind - binding parameter [5] as [DATE] - [2026-03-25]
01:42:19 TRACE org.hibernate.orm.jdbc.bind - binding parameter [6] as [INTEGER] - [11]
01:42:19 DEBUG org.hibernate.SQL - 
    update
        users 
    set
        address=?,
        birthday=?,
        created_at=?,
        credit_limit=?,
        email=?,
        gender=?,
        job=?,
        name=?,
        password_hash=?,
        role=? 
    where
        id=?
01:42:19 TRACE org.hibernate.orm.jdbc.bind - binding parameter [1] as [VARCHAR] - [Nasr city,cairo]
01:42:19 TRACE org.hibernate.orm.jdbc.bind - binding parameter [2] as [DATE] - [2003-03-06]
01:42:19 TRACE org.hibernate.orm.jdbc.bind - binding parameter [3] as [TIMESTAMP_UTC] - [2026-03-23T14:05:23Z]
01:42:19 TRACE org.hibernate.orm.jdbc.bind - binding parameter [4] as [NUMERIC] - [6740.00]
01:42:19 TRACE org.hibernate.orm.jdbc.bind - binding parameter [5] as [VARCHAR] - [noureenaboarab@gmail.com]
01:42:19 TRACE org.hibernate.orm.jdbc.bind - binding parameter [6] as [VARCHAR] - [FEMALE]
01:42:19 TRACE org.hibernate.orm.jdbc.bind - binding parameter [7] as [VARCHAR] - [null]
01:42:19 TRACE org.hibernate.orm.jdbc.bind - binding parameter [8] as [VARCHAR] - [Noureen Ashraf Aboarab]
01:42:19 TRACE org.hibernate.orm.jdbc.bind - binding parameter [9] as [VARCHAR] - [$2a$12$C1.IwRbXGPUSErmZb9S8QueI6JqJ/EMsDEwCj3I.RM9X7Z.MYB3V.]
01:42:19 TRACE org.hibernate.orm.jdbc.bind - binding parameter [10] as [VARCHAR] - [USER]
01:42:19 TRACE org.hibernate.orm.jdbc.bind - binding parameter [11] as [INTEGER] - [4]
01:42:19 DEBUG org.hibernate.SQL - 
    update
        product_variants 
    set
        color=?,
        product_id=?,
        quantity=?,
        size=? 
    where
        id=?
01:42:19 TRACE org.hibernate.orm.jdbc.bind - binding parameter [1] as [VARCHAR] - [#F4C2C2-Blush Pink]
01:42:19 TRACE org.hibernate.orm.jdbc.bind - binding parameter [2] as [INTEGER] - [2]
01:42:19 TRACE org.hibernate.orm.jdbc.bind - binding parameter [3] as [INTEGER] - [0]
01:42:19 TRACE org.hibernate.orm.jdbc.bind - binding parameter [4] as [VARCHAR] - [XS]
01:42:19 TRACE org.hibernate.orm.jdbc.bind - binding parameter [5] as [INTEGER] - [9]
01:42:19 DEBUG org.hibernate.SQL - 
    update
        product_variants 
    set
        color=?,
        product_id=?,
        quantity=?,
        size=? 
    where
        id=?
01:42:19 TRACE org.hibernate.orm.jdbc.bind - binding parameter [1] as [VARCHAR] - [#8FAF8F-Sage Green]
01:42:19 TRACE org.hibernate.orm.jdbc.bind - binding parameter [2] as [INTEGER] - [2]
01:42:19 TRACE org.hibernate.orm.jdbc.bind - binding parameter [3] as [INTEGER] - [2]
01:42:19 TRACE org.hibernate.orm.jdbc.bind - binding parameter [4] as [VARCHAR] - [S]
01:42:19 TRACE org.hibernate.orm.jdbc.bind - binding parameter [5] as [INTEGER] - [15]
01:42:19 DEBUG org.hibernate.SQL - 
    update
        product_variants 
    set
        color=?,
        product_id=?,
        quantity=?,
        size=? 
    where
        id=?
01:42:19 TRACE org.hibernate.orm.jdbc.bind - binding parameter [1] as [VARCHAR] - [#F4C2C2-Blush Pink]
01:42:19 TRACE org.hibernate.orm.jdbc.bind - binding parameter [2] as [INTEGER] - [2]
01:42:19 TRACE org.hibernate.orm.jdbc.bind - binding parameter [3] as [INTEGER] - [3]
01:42:19 TRACE org.hibernate.orm.jdbc.bind - binding parameter [4] as [VARCHAR] - [M]
01:42:19 TRACE org.hibernate.orm.jdbc.bind - binding parameter [5] as [INTEGER] - [11]
01:42:19 DEBUG org.hibernate.SQL - 
    select
        c1_0.cart_id,
        c1_0.id,
        c1_0.end_date,
        c1_0.quantity,
        c1_0.start_date,
        c1_0.variant_id 
    from
        cart_items c1_0 
    where
        c1_0.cart_id=?
01:42:19 TRACE org.hibernate.orm.jdbc.bind - binding parameter [1] as [INTEGER] - [3]
01:42:19 DEBUG org.hibernate.SQL - 
    delete 
    from
        cart_items 
    where
        id=?
01:42:19 TRACE org.hibernate.orm.jdbc.bind - binding parameter [1] as [INTEGER] - [23]
01:42:19 DEBUG org.hibernate.SQL - 
    delete 
    from
        cart_items 
    where
        id=?
01:42:19 TRACE org.hibernate.orm.jdbc.bind - binding parameter [1] as [INTEGER] - [24]
01:42:19 DEBUG org.hibernate.SQL - 
    delete 
    from
        cart_items 
    where
        id=?
01:42:19 TRACE org.hibernate.orm.jdbc.bind - binding parameter [1] as [INTEGER] - [25]
01:42:19 DEBUG org.hibernate.SQL - 
    select
        c1_0.id,
        c1_0.description,
        c1_0.gender,
        c1_0.name 
    from
        categories c1_0
01:42:19 DEBUG org.hibernate.SQL - 
    select
        c1_0.id,
        c1_0.description,
        c1_0.gender,
        c1_0.name 
    from
        categories c1_0
01:42:19 DEBUG org.hibernate.SQL - 
    select
        u1_0.id,
        u1_0.address,
        u1_0.birthday,
        c1_0.id,
        c1_0.created_at,
        u1_0.created_at,
        u1_0.credit_limit,
        u1_0.email,
        u1_0.gender,
        u1_0.job,
        u1_0.name,
        u1_0.password_hash,
        u1_0.role 
    from
        users u1_0 
    left join
        carts c1_0 
            on u1_0.id=c1_0.user_id 
    where
        u1_0.id=?
01:42:19 TRACE org.hibernate.orm.jdbc.bind - binding parameter [1] as [INTEGER] - [4]
01:42:19 DEBUG org.hibernate.SQL - 
    select
        c1_0.cart_id,
        c1_0.id,
        c1_0.end_date,
        c1_0.quantity,
        c1_0.start_date,
        c1_0.variant_id 
    from
        cart_items c1_0 
    where
        c1_0.cart_id=?
01:42:19 TRACE org.hibernate.orm.jdbc.bind - binding parameter [1] as [INTEGER] - [3]
01:42:19 DEBUG org.hibernate.SQL - 
    select
        distinct o1_0.id,
        o1_0.created_at,
        o2_0.order_id,
        o2_0.id,
        o2_0.end_date,
        o2_0.price_at_purchase,
        o2_0.quantity,
        o2_0.start_date,
        v1_0.id,
        v1_0.color,
        v1_0.product_id,
        p1_0.id,
        p1_0.base_price,
        p1_0.category_id,
        p1_0.created_at,
        p1_0.description,
        p1_0.image_url,
        p1_0.name,
        v1_0.quantity,
        v1_0.size,
        o1_0.status,
        o1_0.total_amount,
        o1_0.user_id 
    from
        orders o1_0 
    left join
        order_items o2_0 
            on o1_0.id=o2_0.order_id 
    left join
        product_variants v1_0 
            on v1_0.id=o2_0.variant_id 
    left join
        products p1_0 
            on p1_0.id=v1_0.product_id 
    where
        o1_0.user_id=? 
    order by
        o1_0.created_at desc
01:42:19 TRACE org.hibernate.orm.jdbc.bind - binding parameter [1] as [INTEGER] - [4]
01:42:19 DEBUG org.hibernate.SQL - 
    select
        p1_0.product_id,
        p1_0.id,
        p1_0.color,
        p1_0.image_url 
    from
        product_images p1_0 
    where
        p1_0.product_id=? 
    order by
        p1_0.id
01:42:19 TRACE org.hibernate.orm.jdbc.bind - binding parameter [1] as [INTEGER] - [2]
01:42:19 DEBUG org.hibernate.SQL - 
    select
        p1_0.product_id,
        p1_0.id,
        p1_0.color,
        p1_0.image_url 
    from
        product_images p1_0 
    where
        p1_0.product_id=? 
    order by
        p1_0.id
01:42:19 TRACE org.hibernate.orm.jdbc.bind - binding parameter [1] as [INTEGER] - [1]
01:42:19 DEBUG org.hibernate.SQL - 
    select
        p1_0.product_id,
        p1_0.id,
        p1_0.color,
        p1_0.image_url 
    from
        product_images p1_0 
    where
        p1_0.product_id=? 
    order by
        p1_0.id
01:42:19 TRACE org.hibernate.orm.jdbc.bind - binding parameter [1] as [INTEGER] - [3]
01:42:21 DEBUG org.hibernate.SQL - 
    select
        c1_0.id,
        c1_0.description,
        c1_0.gender,
        c1_0.name 
    from
        categories c1_0
01:42:21 DEBUG org.hibernate.SQL - 
    select
        c1_0.id,
        c1_0.description,
        c1_0.gender,
        c1_0.name 
    from
        categories c1_0 
    where
        c1_0.gender=? 
    order by
        c1_0.name
01:42:21 TRACE org.hibernate.orm.jdbc.bind - binding parameter [1] as [VARCHAR] - [FEMALE]
01:42:21 DEBUG org.hibernate.SQL - 
    select
        c1_0.id,
        c1_0.description,
        c1_0.gender,
        c1_0.name 
    from
        categories c1_0 
    where
        c1_0.gender=? 
    order by
        c1_0.name
01:42:21 TRACE org.hibernate.orm.jdbc.bind - binding parameter [1] as [VARCHAR] - [MALE]
01:42:21 DEBUG org.hibernate.SQL - 
    select
        u1_0.id,
        u1_0.address,
        u1_0.birthday,
        c1_0.id,
        c1_0.created_at,
        u1_0.created_at,
        u1_0.credit_limit,
        u1_0.email,
        u1_0.gender,
        u1_0.job,
        u1_0.name,
        u1_0.password_hash,
        u1_0.role 
    from
        users u1_0 
    left join
        carts c1_0 
            on u1_0.id=c1_0.user_id 
    where
        u1_0.id=?
01:42:21 TRACE org.hibernate.orm.jdbc.bind - binding parameter [1] as [INTEGER] - [4]
01:42:21 DEBUG org.hibernate.SQL - 
    select
        c1_0.cart_id,
        c1_0.id,
        c1_0.end_date,
        c1_0.quantity,
        c1_0.start_date,
        c1_0.variant_id 
    from
        cart_items c1_0 
    where
        c1_0.cart_id=?
01:42:21 TRACE org.hibernate.orm.jdbc.bind - binding parameter [1] as [INTEGER] - [3]
01:42:21 DEBUG org.hibernate.SQL - 
    select
        c1_0.id,
        c1_0.description,
        c1_0.gender,
        c1_0.name 
    from
        categories c1_0
01:42:21 DEBUG org.hibernate.SQL - 
    select
        c1_0.id,
        c1_0.description,
        c1_0.gender,
        c1_0.name 
    from
        categories c1_0
01:42:21 DEBUG org.hibernate.SQL - 
    select
        c1_0.id,
        c1_0.description,
        c1_0.gender,
        c1_0.name 
    from
        categories c1_0
01:42:21 DEBUG org.hibernate.SQL - 
    select
        c1_0.id,
        c1_0.description,
        c1_0.gender,
        c1_0.name 
    from
        categories c1_0
01:42:21 DEBUG org.hibernate.SQL - 
    select
        p1_0.id 
    from
        products p1_0 
    where
        p1_0.created_at>=? 
    order by
        p1_0.created_at desc limit ?,
        ?
01:42:21 DEBUG org.hibernate.SQL - 
    select
        p1_0.id 
    from
        products p1_0 
    left join
        categories c1_0 
            on c1_0.id=p1_0.category_id 
    where
        (
            ? is null 
            or c1_0.gender=?
        ) 
        and (
            ? is null 
            or p1_0.base_price>=?
        ) 
        and (
            ? is null 
            or p1_0.base_price<=?
        ) 
    order by
        p1_0.created_at desc limit ?,
        ?
01:42:21 DEBUG org.hibernate.SQL - 
    select
        p1_0.id 
    from
        products p1_0 
    left join
        categories c1_0 
            on c1_0.id=p1_0.category_id 
    where
        (
            ? is null 
            or c1_0.gender=?
        ) 
        and (
            ? is null 
            or p1_0.base_price>=?
        ) 
        and (
            ? is null 
            or p1_0.base_price<=?
        ) 
    order by
        p1_0.created_at desc limit ?,
        ?
01:42:21 TRACE org.hibernate.orm.jdbc.bind - binding parameter [1] as [VARCHAR] - [MALE]
01:42:21 TRACE org.hibernate.orm.jdbc.bind - binding parameter [1] as [TIMESTAMP_UTC] - [2026-02-21T23:42:21.854587600Z]
01:42:21 TRACE org.hibernate.orm.jdbc.bind - binding parameter [1] as [VARCHAR] - [FEMALE]
01:42:21 TRACE org.hibernate.orm.jdbc.bind - binding parameter [2] as [INTEGER] - [0]
01:42:21 TRACE org.hibernate.orm.jdbc.bind - binding parameter [3] as [INTEGER] - [4]
01:42:21 TRACE org.hibernate.orm.jdbc.bind - binding parameter [2] as [VARCHAR] - [MALE]
01:42:21 TRACE org.hibernate.orm.jdbc.bind - binding parameter [2] as [VARCHAR] - [FEMALE]
01:42:21 TRACE org.hibernate.orm.jdbc.bind - binding parameter [3] as [NUMERIC] - [null]
01:42:21 TRACE org.hibernate.orm.jdbc.bind - binding parameter [3] as [NUMERIC] - [null]
01:42:21 TRACE org.hibernate.orm.jdbc.bind - binding parameter [4] as [NUMERIC] - [null]
01:42:21 TRACE org.hibernate.orm.jdbc.bind - binding parameter [4] as [NUMERIC] - [null]
01:42:21 TRACE org.hibernate.orm.jdbc.bind - binding parameter [5] as [NUMERIC] - [null]
01:42:21 TRACE org.hibernate.orm.jdbc.bind - binding parameter [5] as [NUMERIC] - [null]
01:42:21 TRACE org.hibernate.orm.jdbc.bind - binding parameter [6] as [NUMERIC] - [null]
01:42:21 TRACE org.hibernate.orm.jdbc.bind - binding parameter [6] as [NUMERIC] - [null]
01:42:21 TRACE org.hibernate.orm.jdbc.bind - binding parameter [7] as [INTEGER] - [0]
01:42:21 TRACE org.hibernate.orm.jdbc.bind - binding parameter [7] as [INTEGER] - [0]
01:42:21 TRACE org.hibernate.orm.jdbc.bind - binding parameter [8] as [INTEGER] - [4]
01:42:21 TRACE org.hibernate.orm.jdbc.bind - binding parameter [8] as [INTEGER] - [4]
01:42:21 DEBUG org.hibernate.SQL - 
    select
        p1_0.id 
    from
        products p1_0 
    left join
        categories c1_0 
            on c1_0.id=p1_0.category_id 
    where
        p1_0.category_id in(?,?,?) 
        and (
            ? is null 
            or c1_0.gender=?
        ) 
        and (
            ? is null 
            or p1_0.base_price>=?
        ) 
        and (
            ? is null 
            or p1_0.base_price<=?
        ) 
    order by
        p1_0.created_at desc limit ?,
        ?
01:42:21 DEBUG org.hibernate.SQL - 
    select
        distinct p1_0.id,
        p1_0.base_price,
        c1_0.id,
        c1_0.description,
        c1_0.gender,
        c1_0.name,
        p1_0.created_at,
        p1_0.description,
        p1_0.image_url,
        p1_0.name,
        p2_0.product_id,
        p2_0.id,
        p2_0.color,
        p2_0.quantity,
        p2_0.size 
    from
        products p1_0 
    left join
        product_variants p2_0 
            on p1_0.id=p2_0.product_id 
    left join
        categories c1_0 
            on c1_0.id=p1_0.category_id 
    where
        p1_0.id in(?,?,?,?) 
    order by
        p1_0.created_at desc,
        p2_0.id
01:42:21 DEBUG org.hibernate.SQL - 
    select
        distinct p1_0.id,
        p1_0.base_price,
        c1_0.id,
        c1_0.description,
        c1_0.gender,
        c1_0.name,
        p1_0.created_at,
        p1_0.description,
        p1_0.image_url,
        p1_0.name,
        p2_0.product_id,
        p2_0.id,
        p2_0.color,
        p2_0.quantity,
        p2_0.size 
    from
        products p1_0 
    left join
        product_variants p2_0 
            on p1_0.id=p2_0.product_id 
    left join
        categories c1_0 
            on c1_0.id=p1_0.category_id 
    where
        p1_0.id in(?,?,?,?) 
    order by
        p1_0.created_at desc,
        p2_0.id
01:42:21 DEBUG org.hibernate.SQL - 
    select
        distinct p1_0.id,
        p1_0.base_price,
        c1_0.id,
        c1_0.description,
        c1_0.gender,
        c1_0.name,
        p1_0.created_at,
        p1_0.description,
        p1_0.image_url,
        p1_0.name,
        p2_0.product_id,
        p2_0.id,
        p2_0.color,
        p2_0.quantity,
        p2_0.size 
    from
        products p1_0 
    left join
        product_variants p2_0 
            on p1_0.id=p2_0.product_id 
    left join
        categories c1_0 
            on c1_0.id=p1_0.category_id 
    where
        p1_0.id in(?,?) 
    order by
        p1_0.created_at desc,
        p2_0.id
01:42:21 TRACE org.hibernate.orm.jdbc.bind - binding parameter [1] as [INTEGER] - [1]
01:42:21 TRACE org.hibernate.orm.jdbc.bind - binding parameter [1] as [INTEGER] - [1]
01:42:21 TRACE org.hibernate.orm.jdbc.bind - binding parameter [1] as [INTEGER] - [1]
01:42:21 TRACE org.hibernate.orm.jdbc.bind - binding parameter [2] as [INTEGER] - [3]
01:42:21 TRACE org.hibernate.orm.jdbc.bind - binding parameter [2] as [INTEGER] - [8]
01:42:21 TRACE org.hibernate.orm.jdbc.bind - binding parameter [2] as [INTEGER] - [8]
01:42:21 TRACE org.hibernate.orm.jdbc.bind - binding parameter [3] as [INTEGER] - [4]
01:42:21 TRACE org.hibernate.orm.jdbc.bind - binding parameter [3] as [INTEGER] - [2]
01:42:21 TRACE org.hibernate.orm.jdbc.bind - binding parameter [3] as [INTEGER] - [2]
01:42:21 TRACE org.hibernate.orm.jdbc.bind - binding parameter [4] as [VARCHAR] - [null]
01:42:21 TRACE org.hibernate.orm.jdbc.bind - binding parameter [4] as [INTEGER] - [3]
01:42:21 TRACE org.hibernate.orm.jdbc.bind - binding parameter [4] as [INTEGER] - [3]
01:42:21 TRACE org.hibernate.orm.jdbc.bind - binding parameter [5] as [VARCHAR] - [null]
01:42:21 TRACE org.hibernate.orm.jdbc.bind - binding parameter [6] as [NUMERIC] - [null]
01:42:21 TRACE org.hibernate.orm.jdbc.bind - binding parameter [7] as [NUMERIC] - [null]
01:42:21 TRACE org.hibernate.orm.jdbc.bind - binding parameter [8] as [NUMERIC] - [null]
01:42:21 TRACE org.hibernate.orm.jdbc.bind - binding parameter [9] as [NUMERIC] - [null]
01:42:21 TRACE org.hibernate.orm.jdbc.bind - binding parameter [10] as [INTEGER] - [0]
01:42:21 TRACE org.hibernate.orm.jdbc.bind - binding parameter [11] as [INTEGER] - [4]
01:42:21 TRACE org.hibernate.orm.jdbc.bind - binding parameter [1] as [INTEGER] - [6]
01:42:21 TRACE org.hibernate.orm.jdbc.bind - binding parameter [2] as [INTEGER] - [7]
01:42:21 DEBUG org.hibernate.SQL - 
    select
        count(p1_0.id) 
    from
        products p1_0 
    where
        p1_0.created_at>=?
01:42:21 DEBUG org.hibernate.SQL - 
    select
        distinct p1_0.id,
        p1_0.base_price,
        c1_0.id,
        c1_0.description,
        c1_0.gender,
        c1_0.name,
        p1_0.created_at,
        p1_0.description,
        p1_0.image_url,
        p1_0.name,
        p2_0.product_id,
        p2_0.id,
        p2_0.color,
        p2_0.quantity,
        p2_0.size 
    from
        products p1_0 
    left join
        product_variants p2_0 
            on p1_0.id=p2_0.product_id 
    left join
        categories c1_0 
            on c1_0.id=p1_0.category_id 
    where
        p1_0.id in(?,?,?,?) 
    order by
        p1_0.created_at desc,
        p2_0.id
01:42:21 DEBUG org.hibernate.SQL - 
    select
        count(distinct p1_0.id) 
    from
        products p1_0 
    left join
        categories c1_0 
            on c1_0.id=p1_0.category_id 
    where
        (
            ? is null 
            or c1_0.gender=?
        ) 
        and (
            ? is null 
            or p1_0.base_price>=?
        ) 
        and (
            ? is null 
            or p1_0.base_price<=?
        )
01:42:21 DEBUG org.hibernate.SQL - 
    select
        count(distinct p1_0.id) 
    from
        products p1_0 
    left join
        categories c1_0 
            on c1_0.id=p1_0.category_id 
    where
        (
            ? is null 
            or c1_0.gender=?
        ) 
        and (
            ? is null 
            or p1_0.base_price>=?
        ) 
        and (
            ? is null 
            or p1_0.base_price<=?
        )
01:42:21 TRACE org.hibernate.orm.jdbc.bind - binding parameter [1] as [TIMESTAMP_UTC] - [2026-02-21T23:42:21.880409200Z]
01:42:21 TRACE org.hibernate.orm.jdbc.bind - binding parameter [1] as [VARCHAR] - [FEMALE]
01:42:21 TRACE org.hibernate.orm.jdbc.bind - binding parameter [1] as [INTEGER] - [1]
01:42:21 TRACE org.hibernate.orm.jdbc.bind - binding parameter [1] as [VARCHAR] - [MALE]
01:42:21 TRACE org.hibernate.orm.jdbc.bind - binding parameter [2] as [INTEGER] - [8]
01:42:21 TRACE org.hibernate.orm.jdbc.bind - binding parameter [2] as [VARCHAR] - [FEMALE]
01:42:21 TRACE org.hibernate.orm.jdbc.bind - binding parameter [3] as [INTEGER] - [2]
01:42:21 TRACE org.hibernate.orm.jdbc.bind - binding parameter [2] as [VARCHAR] - [MALE]
01:42:21 TRACE org.hibernate.orm.jdbc.bind - binding parameter [3] as [NUMERIC] - [null]
01:42:21 TRACE org.hibernate.orm.jdbc.bind - binding parameter [3] as [NUMERIC] - [null]
01:42:21 TRACE org.hibernate.orm.jdbc.bind - binding parameter [4] as [INTEGER] - [3]
01:42:21 TRACE org.hibernate.orm.jdbc.bind - binding parameter [4] as [NUMERIC] - [null]
01:42:21 TRACE org.hibernate.orm.jdbc.bind - binding parameter [5] as [NUMERIC] - [null]
01:42:21 TRACE org.hibernate.orm.jdbc.bind - binding parameter [6] as [NUMERIC] - [null]
01:42:21 TRACE org.hibernate.orm.jdbc.bind - binding parameter [4] as [NUMERIC] - [null]
01:42:21 TRACE org.hibernate.orm.jdbc.bind - binding parameter [5] as [NUMERIC] - [null]
01:42:21 TRACE org.hibernate.orm.jdbc.bind - binding parameter [6] as [NUMERIC] - [null]
01:42:21 DEBUG org.hibernate.SQL - 
    select
        min(p1_0.base_price),
        max(p1_0.base_price) 
    from
        products p1_0 
    left join
        categories c1_0 
            on c1_0.id=p1_0.category_id 
    where
        (
            ? is null 
            or c1_0.gender=?
        )
01:42:21 TRACE org.hibernate.orm.jdbc.bind - binding parameter [1] as [VARCHAR] - [null]
01:42:21 TRACE org.hibernate.orm.jdbc.bind - binding parameter [2] as [VARCHAR] - [null]
01:42:21 DEBUG org.hibernate.SQL - 
    select
        min(p1_0.base_price),
        max(p1_0.base_price) 
    from
        products p1_0 
    left join
        categories c1_0 
            on c1_0.id=p1_0.category_id 
    where
        (
            ? is null 
            or c1_0.gender=?
        )
01:42:21 DEBUG org.hibernate.SQL - 
    select
        min(p1_0.base_price),
        max(p1_0.base_price) 
    from
        products p1_0 
    left join
        categories c1_0 
            on c1_0.id=p1_0.category_id 
    where
        (
            ? is null 
            or c1_0.gender=?
        )
01:42:21 DEBUG org.hibernate.SQL - 
    select
        count(distinct p1_0.id) 
    from
        products p1_0 
    left join
        categories c1_0 
            on c1_0.id=p1_0.category_id 
    where
        p1_0.category_id in(?,?,?) 
        and (
            ? is null 
            or c1_0.gender=?
        ) 
        and (
            ? is null 
            or p1_0.base_price>=?
        ) 
        and (
            ? is null 
            or p1_0.base_price<=?
        )
01:42:21 DEBUG org.hibernate.SQL - 
    select
        p1_0.id,
        p1_0.color,
        p1_0.image_url,
        p1_0.product_id 
    from
        product_images p1_0 
    where
        p1_0.product_id in(?,?,?,?) 
        and p1_0.id=(
            select
                min(p3_0.id) 
            from
                product_images p3_0,
                products p5_0 
            where
                p3_0.product_id=p5_0.id 
                and p3_0.color=p1_0.color 
                and p5_0.id=p1_0.product_id
        ) 
    order by
        p1_0.product_id,
        p1_0.id
01:42:21 TRACE org.hibernate.orm.jdbc.bind - binding parameter [1] as [VARCHAR] - [MALE]
01:42:21 TRACE org.hibernate.orm.jdbc.bind - binding parameter [1] as [INTEGER] - [1]
01:42:21 TRACE org.hibernate.orm.jdbc.bind - binding parameter [1] as [VARCHAR] - [FEMALE]
01:42:21 TRACE org.hibernate.orm.jdbc.bind - binding parameter [2] as [VARCHAR] - [FEMALE]
01:42:21 TRACE org.hibernate.orm.jdbc.bind - binding parameter [2] as [INTEGER] - [3]
01:42:21 TRACE org.hibernate.orm.jdbc.bind - binding parameter [1] as [INTEGER] - [1]
01:42:21 TRACE org.hibernate.orm.jdbc.bind - binding parameter [3] as [INTEGER] - [4]
01:42:21 TRACE org.hibernate.orm.jdbc.bind - binding parameter [2] as [INTEGER] - [8]
01:42:21 TRACE org.hibernate.orm.jdbc.bind - binding parameter [2] as [VARCHAR] - [MALE]
01:42:21 TRACE org.hibernate.orm.jdbc.bind - binding parameter [4] as [VARCHAR] - [null]
01:42:21 TRACE org.hibernate.orm.jdbc.bind - binding parameter [3] as [INTEGER] - [2]
01:42:21 TRACE org.hibernate.orm.jdbc.bind - binding parameter [5] as [VARCHAR] - [null]
01:42:21 TRACE org.hibernate.orm.jdbc.bind - binding parameter [4] as [INTEGER] - [3]
01:42:21 TRACE org.hibernate.orm.jdbc.bind - binding parameter [6] as [NUMERIC] - [null]
01:42:21 TRACE org.hibernate.orm.jdbc.bind - binding parameter [7] as [NUMERIC] - [null]
01:42:21 TRACE org.hibernate.orm.jdbc.bind - binding parameter [8] as [NUMERIC] - [null]
01:42:21 TRACE org.hibernate.orm.jdbc.bind - binding parameter [9] as [NUMERIC] - [null]
01:42:21 DEBUG org.hibernate.SQL - 
    select
        p1_0.id,
        p1_0.color,
        p1_0.image_url,
        p1_0.product_id 
    from
        product_images p1_0 
    where
        p1_0.product_id in(?,?) 
        and p1_0.id=(
            select
                min(p3_0.id) 
            from
                product_images p3_0,
                products p5_0 
            where
                p3_0.product_id=p5_0.id 
                and p3_0.color=p1_0.color 
                and p5_0.id=p1_0.product_id
        ) 
    order by
        p1_0.product_id,
        p1_0.id
01:42:21 DEBUG org.hibernate.SQL - 
    select
        min(p1_0.base_price),
        max(p1_0.base_price) 
    from
        products p1_0 
    left join
        categories c1_0 
            on c1_0.id=p1_0.category_id 
    where
        p1_0.category_id in(?,?,?) 
        and (
            ? is null 
            or c1_0.gender=?
        )
01:42:21 DEBUG org.hibernate.SQL - 
    select
        p1_0.id,
        p1_0.color,
        p1_0.image_url,
        p1_0.product_id 
    from
        product_images p1_0 
    where
        p1_0.product_id in(?,?,?,?) 
        and p1_0.id=(
            select
                min(p3_0.id) 
            from
                product_images p3_0,
                products p5_0 
            where
                p3_0.product_id=p5_0.id 
                and p3_0.color=p1_0.color 
                and p5_0.id=p1_0.product_id
        ) 
    order by
        p1_0.product_id,
        p1_0.id
01:42:21 TRACE org.hibernate.orm.jdbc.bind - binding parameter [1] as [INTEGER] - [1]
01:42:21 TRACE org.hibernate.orm.jdbc.bind - binding parameter [2] as [INTEGER] - [3]
01:42:21 TRACE org.hibernate.orm.jdbc.bind - binding parameter [3] as [INTEGER] - [4]
01:42:21 TRACE org.hibernate.orm.jdbc.bind - binding parameter [4] as [VARCHAR] - [null]
01:42:21 TRACE org.hibernate.orm.jdbc.bind - binding parameter [1] as [INTEGER] - [6]
01:42:21 TRACE org.hibernate.orm.jdbc.bind - binding parameter [5] as [VARCHAR] - [null]
01:42:21 TRACE org.hibernate.orm.jdbc.bind - binding parameter [1] as [INTEGER] - [1]
01:42:21 TRACE org.hibernate.orm.jdbc.bind - binding parameter [2] as [INTEGER] - [7]
01:42:21 TRACE org.hibernate.orm.jdbc.bind - binding parameter [2] as [INTEGER] - [8]
01:42:21 TRACE org.hibernate.orm.jdbc.bind - binding parameter [3] as [INTEGER] - [2]
01:42:21 TRACE org.hibernate.orm.jdbc.bind - binding parameter [4] as [INTEGER] - [3]
01:42:21 DEBUG org.hibernate.SQL - 
    select
        p1_0.id,
        p1_0.color,
        p1_0.image_url,
        p1_0.product_id 
    from
        product_images p1_0 
    where
        p1_0.product_id in(?,?,?,?) 
        and p1_0.id=(
            select
                min(p3_0.id) 
            from
                product_images p3_0,
                products p5_0 
            where
                p3_0.product_id=p5_0.id 
                and p3_0.color=p1_0.color 
                and p5_0.id=p1_0.product_id
        ) 
    order by
        p1_0.product_id,
        p1_0.id
01:42:21 TRACE org.hibernate.orm.jdbc.bind - binding parameter [1] as [INTEGER] - [1]
01:42:21 TRACE org.hibernate.orm.jdbc.bind - binding parameter [2] as [INTEGER] - [8]
01:42:21 TRACE org.hibernate.orm.jdbc.bind - binding parameter [3] as [INTEGER] - [2]
01:42:21 TRACE org.hibernate.orm.jdbc.bind - binding parameter [4] as [INTEGER] - [3]
01:42:37 DEBUG org.hibernate.SQL - 
    select
        c1_0.id,
        c1_0.description,
        c1_0.gender,
        c1_0.name 
    from
        categories c1_0
01:42:37 DEBUG org.hibernate.SQL - 
    select
        c1_0.id,
        c1_0.description,
        c1_0.gender,
        c1_0.name 
    from
        categories c1_0
01:42:37 DEBUG org.hibernate.SQL - 
    select
        u1_0.id,
        u1_0.address,
        u1_0.birthday,
        c1_0.id,
        c1_0.created_at,
        u1_0.created_at,
        u1_0.credit_limit,
        u1_0.email,
        u1_0.gender,
        u1_0.job,
        u1_0.name,
        u1_0.password_hash,
        u1_0.role 
    from
        users u1_0 
    left join
        carts c1_0 
            on u1_0.id=c1_0.user_id 
    where
        u1_0.id=?
01:42:37 TRACE org.hibernate.orm.jdbc.bind - binding parameter [1] as [INTEGER] - [4]
01:42:37 DEBUG org.hibernate.SQL - 
    select
        c1_0.cart_id,
        c1_0.id,
        c1_0.end_date,
        c1_0.quantity,
        c1_0.start_date,
        c1_0.variant_id 
    from
        cart_items c1_0 
    where
        c1_0.cart_id=?
01:42:37 TRACE org.hibernate.orm.jdbc.bind - binding parameter [1] as [INTEGER] - [3]
01:42:37 DEBUG org.hibernate.SQL - 
    select
        distinct o1_0.id,
        o1_0.created_at,
        o2_0.order_id,
        o2_0.id,
        o2_0.end_date,
        o2_0.price_at_purchase,
        o2_0.quantity,
        o2_0.start_date,
        v1_0.id,
        v1_0.color,
        v1_0.product_id,
        p1_0.id,
        p1_0.base_price,
        p1_0.category_id,
        p1_0.created_at,
        p1_0.description,
        p1_0.image_url,
        p1_0.name,
        v1_0.quantity,
        v1_0.size,
        o1_0.status,
        o1_0.total_amount,
        o1_0.user_id 
    from
        orders o1_0 
    left join
        order_items o2_0 
            on o1_0.id=o2_0.order_id 
    left join
        product_variants v1_0 
            on v1_0.id=o2_0.variant_id 
    left join
        products p1_0 
            on p1_0.id=v1_0.product_id 
    where
        o1_0.user_id=? 
    order by
        o1_0.created_at desc
01:42:37 TRACE org.hibernate.orm.jdbc.bind - binding parameter [1] as [INTEGER] - [4]
01:42:37 DEBUG org.hibernate.SQL - 
    select
        p1_0.product_id,
        p1_0.id,
        p1_0.color,
        p1_0.image_url 
    from
        product_images p1_0 
    where
        p1_0.product_id=? 
    order by
        p1_0.id
01:42:37 TRACE org.hibernate.orm.jdbc.bind - binding parameter [1] as [INTEGER] - [2]
01:42:37 DEBUG org.hibernate.SQL - 
    select
        p1_0.product_id,
        p1_0.id,
        p1_0.color,
        p1_0.image_url 
    from
        product_images p1_0 
    where
        p1_0.product_id=? 
    order by
        p1_0.id
01:42:37 TRACE org.hibernate.orm.jdbc.bind - binding parameter [1] as [INTEGER] - [1]
01:42:37 DEBUG org.hibernate.SQL - 
    select
        p1_0.product_id,
        p1_0.id,
        p1_0.color,
        p1_0.image_url 
    from
        product_images p1_0 
    where
        p1_0.product_id=? 
    order by
        p1_0.id
01:42:37 TRACE org.hibernate.orm.jdbc.bind - binding parameter [1] as [INTEGER] - [3]
01:46:03 DEBUG org.hibernate.SQL - 
    select
        c1_0.id,
        c1_0.description,
        c1_0.gender,
        c1_0.name 
    from
        categories c1_0
01:46:03 DEBUG org.hibernate.SQL - 
    select
        u1_0.id,
        u1_0.address,
        u1_0.birthday,
        c1_0.id,
        c1_0.created_at,
        u1_0.created_at,
        u1_0.credit_limit,
        u1_0.email,
        u1_0.gender,
        u1_0.job,
        u1_0.name,
        u1_0.password_hash,
        u1_0.role 
    from
        users u1_0 
    left join
        carts c1_0 
            on u1_0.id=c1_0.user_id 
    where
        u1_0.id=?
01:46:03 TRACE org.hibernate.orm.jdbc.bind - binding parameter [1] as [INTEGER] - [4]
01:46:03 DEBUG org.hibernate.SQL - 
    update
        users 
    set
        address=?,
        birthday=?,
        created_at=?,
        credit_limit=?,
        email=?,
        gender=?,
        job=?,
        name=?,
        password_hash=?,
        role=? 
    where
        id=?
01:46:03 TRACE org.hibernate.orm.jdbc.bind - binding parameter [1] as [VARCHAR] - [Nasr city,cairo]
01:46:03 TRACE org.hibernate.orm.jdbc.bind - binding parameter [2] as [DATE] - [2003-03-06]
01:46:03 TRACE org.hibernate.orm.jdbc.bind - binding parameter [3] as [TIMESTAMP_UTC] - [2026-03-23T14:05:23Z]
01:46:03 TRACE org.hibernate.orm.jdbc.bind - binding parameter [4] as [NUMERIC] - [7240.00]
01:46:03 TRACE org.hibernate.orm.jdbc.bind - binding parameter [5] as [VARCHAR] - [noureenaboarab@gmail.com]
01:46:03 TRACE org.hibernate.orm.jdbc.bind - binding parameter [6] as [VARCHAR] - [FEMALE]
01:46:03 TRACE org.hibernate.orm.jdbc.bind - binding parameter [7] as [VARCHAR] - [null]
01:46:03 TRACE org.hibernate.orm.jdbc.bind - binding parameter [8] as [VARCHAR] - [Noureen Ashraf Aboarab]
01:46:03 TRACE org.hibernate.orm.jdbc.bind - binding parameter [9] as [VARCHAR] - [$2a$12$C1.IwRbXGPUSErmZb9S8QueI6JqJ/EMsDEwCj3I.RM9X7Z.MYB3V.]
01:46:03 TRACE org.hibernate.orm.jdbc.bind - binding parameter [10] as [VARCHAR] - [USER]
01:46:03 TRACE org.hibernate.orm.jdbc.bind - binding parameter [11] as [INTEGER] - [4]
01:46:07 DEBUG org.hibernate.SQL - 
    select
        c1_0.id,
        c1_0.description,
        c1_0.gender,
        c1_0.name 
    from
        categories c1_0
01:46:07 DEBUG org.hibernate.SQL - 
    select
        c1_0.id,
        c1_0.description,
        c1_0.gender,
        c1_0.name 
    from
        categories c1_0
01:46:07 DEBUG org.hibernate.SQL - 
    select
        u1_0.id,
        u1_0.address,
        u1_0.birthday,
        c1_0.id,
        c1_0.created_at,
        u1_0.created_at,
        u1_0.credit_limit,
        u1_0.email,
        u1_0.gender,
        u1_0.job,
        u1_0.name,
        u1_0.password_hash,
        u1_0.role 
    from
        users u1_0 
    left join
        carts c1_0 
            on u1_0.id=c1_0.user_id 
    where
        u1_0.id=?
01:46:07 TRACE org.hibernate.orm.jdbc.bind - binding parameter [1] as [INTEGER] - [4]
01:46:07 DEBUG org.hibernate.SQL - 
    select
        c1_0.cart_id,
        c1_0.id,
        c1_0.end_date,
        c1_0.quantity,
        c1_0.start_date,
        c1_0.variant_id 
    from
        cart_items c1_0 
    where
        c1_0.cart_id=?
01:46:07 TRACE org.hibernate.orm.jdbc.bind - binding parameter [1] as [INTEGER] - [3]
01:46:07 DEBUG org.hibernate.SQL - 
    select
        distinct o1_0.id,
        o1_0.created_at,
        o2_0.order_id,
        o2_0.id,
        o2_0.end_date,
        o2_0.price_at_purchase,
        o2_0.quantity,
        o2_0.start_date,
        v1_0.id,
        v1_0.color,
        v1_0.product_id,
        p1_0.id,
        p1_0.base_price,
        p1_0.category_id,
        p1_0.created_at,
        p1_0.description,
        p1_0.image_url,
        p1_0.name,
        v1_0.quantity,
        v1_0.size,
        o1_0.status,
        o1_0.total_amount,
        o1_0.user_id 
    from
        orders o1_0 
    left join
        order_items o2_0 
            on o1_0.id=o2_0.order_id 
    left join
        product_variants v1_0 
            on v1_0.id=o2_0.variant_id 
    left join
        products p1_0 
            on p1_0.id=v1_0.product_id 
    where
        o1_0.user_id=? 
    order by
        o1_0.created_at desc
01:46:07 TRACE org.hibernate.orm.jdbc.bind - binding parameter [1] as [INTEGER] - [4]
01:46:07 DEBUG org.hibernate.SQL - 
    select
        p1_0.product_id,
        p1_0.id,
        p1_0.color,
        p1_0.image_url 
    from
        product_images p1_0 
    where
        p1_0.product_id=? 
    order by
        p1_0.id
01:46:07 TRACE org.hibernate.orm.jdbc.bind - binding parameter [1] as [INTEGER] - [2]
01:46:07 DEBUG org.hibernate.SQL - 
    select
        p1_0.product_id,
        p1_0.id,
        p1_0.color,
        p1_0.image_url 
    from
        product_images p1_0 
    where
        p1_0.product_id=? 
    order by
        p1_0.id
01:46:07 TRACE org.hibernate.orm.jdbc.bind - binding parameter [1] as [INTEGER] - [1]
01:46:07 DEBUG org.hibernate.SQL - 
    select
        p1_0.product_id,
        p1_0.id,
        p1_0.color,
        p1_0.image_url 
    from
        product_images p1_0 
    where
        p1_0.product_id=? 
    order by
        p1_0.id
01:46:07 TRACE org.hibernate.orm.jdbc.bind - binding parameter [1] as [INTEGER] - [3]
01:46:22 DEBUG org.hibernate.SQL - 
    select
        c1_0.id,
        c1_0.description,
        c1_0.gender,
        c1_0.name 
    from
        categories c1_0
01:46:22 DEBUG org.hibernate.SQL - 
    select
        c1_0.id,
        c1_0.description,
        c1_0.gender,
        c1_0.name 
    from
        categories c1_0 
    where
        c1_0.gender=? 
    order by
        c1_0.name
01:46:22 TRACE org.hibernate.orm.jdbc.bind - binding parameter [1] as [VARCHAR] - [FEMALE]
01:46:22 DEBUG org.hibernate.SQL - 
    select
        c1_0.id,
        c1_0.description,
        c1_0.gender,
        c1_0.name 
    from
        categories c1_0 
    where
        c1_0.gender=? 
    order by
        c1_0.name
01:46:22 TRACE org.hibernate.orm.jdbc.bind - binding parameter [1] as [VARCHAR] - [MALE]
01:46:22 DEBUG org.hibernate.SQL - 
    select
        u1_0.id,
        u1_0.address,
        u1_0.birthday,
        c1_0.id,
        c1_0.created_at,
        u1_0.created_at,
        u1_0.credit_limit,
        u1_0.email,
        u1_0.gender,
        u1_0.job,
        u1_0.name,
        u1_0.password_hash,
        u1_0.role 
    from
        users u1_0 
    left join
        carts c1_0 
            on u1_0.id=c1_0.user_id 
    where
        u1_0.id=?
01:46:22 TRACE org.hibernate.orm.jdbc.bind - binding parameter [1] as [INTEGER] - [4]
01:46:22 DEBUG org.hibernate.SQL - 
    select
        c1_0.cart_id,
        c1_0.id,
        c1_0.end_date,
        c1_0.quantity,
        c1_0.start_date,
        c1_0.variant_id 
    from
        cart_items c1_0 
    where
        c1_0.cart_id=?
01:46:22 TRACE org.hibernate.orm.jdbc.bind - binding parameter [1] as [INTEGER] - [3]
01:46:22 DEBUG org.hibernate.SQL - 
    select
        c1_0.id,
        c1_0.description,
        c1_0.gender,
        c1_0.name 
    from
        categories c1_0
01:46:22 DEBUG org.hibernate.SQL - 
    select
        c1_0.id,
        c1_0.description,
        c1_0.gender,
        c1_0.name 
    from
        categories c1_0
01:46:22 DEBUG org.hibernate.SQL - 
    select
        c1_0.id,
        c1_0.description,
        c1_0.gender,
        c1_0.name 
    from
        categories c1_0
01:46:22 DEBUG org.hibernate.SQL - 
    select
        c1_0.id,
        c1_0.description,
        c1_0.gender,
        c1_0.name 
    from
        categories c1_0
01:46:22 DEBUG org.hibernate.SQL - 
    select
        p1_0.id 
    from
        products p1_0 
    left join
        categories c1_0 
            on c1_0.id=p1_0.category_id 
    where
        (
            ? is null 
            or c1_0.gender=?
        ) 
        and (
            ? is null 
            or p1_0.base_price>=?
        ) 
        and (
            ? is null 
            or p1_0.base_price<=?
        ) 
    order by
        p1_0.created_at desc limit ?,
        ?
01:46:22 DEBUG org.hibernate.SQL - 
    select
        p1_0.id 
    from
        products p1_0 
    where
        p1_0.created_at>=? 
    order by
        p1_0.created_at desc limit ?,
        ?
01:46:22 TRACE org.hibernate.orm.jdbc.bind - binding parameter [1] as [VARCHAR] - [MALE]
01:46:22 TRACE org.hibernate.orm.jdbc.bind - binding parameter [2] as [VARCHAR] - [MALE]
01:46:22 TRACE org.hibernate.orm.jdbc.bind - binding parameter [3] as [NUMERIC] - [null]
01:46:22 TRACE org.hibernate.orm.jdbc.bind - binding parameter [4] as [NUMERIC] - [null]
01:46:22 TRACE org.hibernate.orm.jdbc.bind - binding parameter [5] as [NUMERIC] - [null]
01:46:22 TRACE org.hibernate.orm.jdbc.bind - binding parameter [6] as [NUMERIC] - [null]
01:46:22 TRACE org.hibernate.orm.jdbc.bind - binding parameter [7] as [INTEGER] - [0]
01:46:22 TRACE org.hibernate.orm.jdbc.bind - binding parameter [8] as [INTEGER] - [4]
01:46:22 TRACE org.hibernate.orm.jdbc.bind - binding parameter [1] as [TIMESTAMP_UTC] - [2026-02-21T23:46:22.124818800Z]
01:46:22 DEBUG org.hibernate.SQL - 
    select
        distinct p1_0.id,
        p1_0.base_price,
        c1_0.id,
        c1_0.description,
        c1_0.gender,
        c1_0.name,
        p1_0.created_at,
        p1_0.description,
        p1_0.image_url,
        p1_0.name,
        p2_0.product_id,
        p2_0.id,
        p2_0.color,
        p2_0.quantity,
        p2_0.size 
    from
        products p1_0 
    left join
        product_variants p2_0 
            on p1_0.id=p2_0.product_id 
    left join
        categories c1_0 
            on c1_0.id=p1_0.category_id 
    where
        p1_0.id in(?,?) 
    order by
        p1_0.created_at desc,
        p2_0.id
01:46:22 TRACE org.hibernate.orm.jdbc.bind - binding parameter [2] as [INTEGER] - [0]
01:46:22 TRACE org.hibernate.orm.jdbc.bind - binding parameter [3] as [INTEGER] - [4]
01:46:22 TRACE org.hibernate.orm.jdbc.bind - binding parameter [1] as [INTEGER] - [6]
01:46:22 DEBUG org.hibernate.SQL - 
    select
        p1_0.id 
    from
        products p1_0 
    left join
        categories c1_0 
            on c1_0.id=p1_0.category_id 
    where
        (
            ? is null 
            or c1_0.gender=?
        ) 
        and (
            ? is null 
            or p1_0.base_price>=?
        ) 
        and (
            ? is null 
            or p1_0.base_price<=?
        ) 
    order by
        p1_0.created_at desc limit ?,
        ?
01:46:22 TRACE org.hibernate.orm.jdbc.bind - binding parameter [2] as [INTEGER] - [7]
01:46:22 DEBUG org.hibernate.SQL - 
    select
        p1_0.id 
    from
        products p1_0 
    left join
        categories c1_0 
            on c1_0.id=p1_0.category_id 
    where
        p1_0.category_id in(?,?,?) 
        and (
            ? is null 
            or c1_0.gender=?
        ) 
        and (
            ? is null 
            or p1_0.base_price>=?
        ) 
        and (
            ? is null 
            or p1_0.base_price<=?
        ) 
    order by
        p1_0.created_at desc limit ?,
        ?
01:46:22 TRACE org.hibernate.orm.jdbc.bind - binding parameter [1] as [VARCHAR] - [FEMALE]
01:46:22 TRACE org.hibernate.orm.jdbc.bind - binding parameter [2] as [VARCHAR] - [FEMALE]
01:46:22 TRACE org.hibernate.orm.jdbc.bind - binding parameter [3] as [NUMERIC] - [null]
01:46:22 TRACE org.hibernate.orm.jdbc.bind - binding parameter [4] as [NUMERIC] - [null]
01:46:22 TRACE org.hibernate.orm.jdbc.bind - binding parameter [5] as [NUMERIC] - [null]
01:46:22 TRACE org.hibernate.orm.jdbc.bind - binding parameter [6] as [NUMERIC] - [null]
01:46:22 TRACE org.hibernate.orm.jdbc.bind - binding parameter [7] as [INTEGER] - [0]
01:46:22 TRACE org.hibernate.orm.jdbc.bind - binding parameter [8] as [INTEGER] - [4]
01:46:22 DEBUG org.hibernate.SQL - 
    select
        count(distinct p1_0.id) 
    from
        products p1_0 
    left join
        categories c1_0 
            on c1_0.id=p1_0.category_id 
    where
        (
            ? is null 
            or c1_0.gender=?
        ) 
        and (
            ? is null 
            or p1_0.base_price>=?
        ) 
        and (
            ? is null 
            or p1_0.base_price<=?
        )
01:46:22 DEBUG org.hibernate.SQL - 
    select
        distinct p1_0.id,
        p1_0.base_price,
        c1_0.id,
        c1_0.description,
        c1_0.gender,
        c1_0.name,
        p1_0.created_at,
        p1_0.description,
        p1_0.image_url,
        p1_0.name,
        p2_0.product_id,
        p2_0.id,
        p2_0.color,
        p2_0.quantity,
        p2_0.size 
    from
        products p1_0 
    left join
        product_variants p2_0 
            on p1_0.id=p2_0.product_id 
    left join
        categories c1_0 
            on c1_0.id=p1_0.category_id 
    where
        p1_0.id in(?,?,?,?) 
    order by
        p1_0.created_at desc,
        p2_0.id
01:46:22 TRACE org.hibernate.orm.jdbc.bind - binding parameter [1] as [INTEGER] - [1]
01:46:22 TRACE org.hibernate.orm.jdbc.bind - binding parameter [2] as [INTEGER] - [8]
01:46:22 TRACE org.hibernate.orm.jdbc.bind - binding parameter [3] as [INTEGER] - [2]
01:46:22 TRACE org.hibernate.orm.jdbc.bind - binding parameter [4] as [INTEGER] - [3]
01:46:22 TRACE org.hibernate.orm.jdbc.bind - binding parameter [1] as [INTEGER] - [1]
01:46:22 TRACE org.hibernate.orm.jdbc.bind - binding parameter [2] as [INTEGER] - [3]
01:46:22 TRACE org.hibernate.orm.jdbc.bind - binding parameter [3] as [INTEGER] - [4]
01:46:22 TRACE org.hibernate.orm.jdbc.bind - binding parameter [4] as [VARCHAR] - [null]
01:46:22 TRACE org.hibernate.orm.jdbc.bind - binding parameter [5] as [VARCHAR] - [null]
01:46:22 TRACE org.hibernate.orm.jdbc.bind - binding parameter [6] as [NUMERIC] - [null]
01:46:22 TRACE org.hibernate.orm.jdbc.bind - binding parameter [7] as [NUMERIC] - [null]
01:46:22 TRACE org.hibernate.orm.jdbc.bind - binding parameter [8] as [NUMERIC] - [null]
01:46:22 TRACE org.hibernate.orm.jdbc.bind - binding parameter [9] as [NUMERIC] - [null]
01:46:22 TRACE org.hibernate.orm.jdbc.bind - binding parameter [10] as [INTEGER] - [0]
01:46:22 TRACE org.hibernate.orm.jdbc.bind - binding parameter [11] as [INTEGER] - [4]
01:46:22 TRACE org.hibernate.orm.jdbc.bind - binding parameter [1] as [VARCHAR] - [MALE]
01:46:22 INFO  org.hibernate.SQL_SLOW - SlowQuery: 4 milliseconds. SQL: 'com.mysql.cj.jdbc.ClientPreparedStatement: select distinct p1_0.id,p1_0.base_price,c1_0.id,c1_0.description,c1_0.gender,c1_0.name,p1_0.created_at,p1_0.description,p1_0.image_url,p1_0.name,p2_0.product_id,p2_0.id,p2_0.color,p2_0.quantity,p2_0.size from products p1_0 left join product_variants p2_0 on p1_0.id=p2_0.product_id left join categories c1_0 on c1_0.id=p1_0.category_id where p1_0.id in(1,8,2,3) order by p1_0.created_at desc,p2_0.id'
01:46:22 TRACE org.hibernate.orm.jdbc.bind - binding parameter [2] as [VARCHAR] - [MALE]
01:46:22 TRACE org.hibernate.orm.jdbc.bind - binding parameter [3] as [NUMERIC] - [null]
01:46:22 TRACE org.hibernate.orm.jdbc.bind - binding parameter [4] as [NUMERIC] - [null]
01:46:22 DEBUG org.hibernate.SQL - 
    select
        distinct p1_0.id,
        p1_0.base_price,
        c1_0.id,
        c1_0.description,
        c1_0.gender,
        c1_0.name,
        p1_0.created_at,
        p1_0.description,
        p1_0.image_url,
        p1_0.name,
        p2_0.product_id,
        p2_0.id,
        p2_0.color,
        p2_0.quantity,
        p2_0.size 
    from
        products p1_0 
    left join
        product_variants p2_0 
            on p1_0.id=p2_0.product_id 
    left join
        categories c1_0 
            on c1_0.id=p1_0.category_id 
    where
        p1_0.id in(?,?,?,?) 
    order by
        p1_0.created_at desc,
        p2_0.id
01:46:22 DEBUG org.hibernate.SQL - 
    select
        distinct p1_0.id,
        p1_0.base_price,
        c1_0.id,
        c1_0.description,
        c1_0.gender,
        c1_0.name,
        p1_0.created_at,
        p1_0.description,
        p1_0.image_url,
        p1_0.name,
        p2_0.product_id,
        p2_0.id,
        p2_0.color,
        p2_0.quantity,
        p2_0.size 
    from
        products p1_0 
    left join
        product_variants p2_0 
            on p1_0.id=p2_0.product_id 
    left join
        categories c1_0 
            on c1_0.id=p1_0.category_id 
    where
        p1_0.id in(?,?,?,?) 
    order by
        p1_0.created_at desc,
        p2_0.id
01:46:22 TRACE org.hibernate.orm.jdbc.bind - binding parameter [5] as [NUMERIC] - [null]
01:46:22 TRACE org.hibernate.orm.jdbc.bind - binding parameter [6] as [NUMERIC] - [null]
01:46:22 TRACE org.hibernate.orm.jdbc.bind - binding parameter [1] as [INTEGER] - [1]
01:46:22 TRACE org.hibernate.orm.jdbc.bind - binding parameter [2] as [INTEGER] - [8]
01:46:22 TRACE org.hibernate.orm.jdbc.bind - binding parameter [3] as [INTEGER] - [2]
01:46:22 TRACE org.hibernate.orm.jdbc.bind - binding parameter [4] as [INTEGER] - [3]
01:46:22 TRACE org.hibernate.orm.jdbc.bind - binding parameter [1] as [INTEGER] - [1]
01:46:22 TRACE org.hibernate.orm.jdbc.bind - binding parameter [2] as [INTEGER] - [8]
01:46:22 TRACE org.hibernate.orm.jdbc.bind - binding parameter [3] as [INTEGER] - [2]
01:46:22 TRACE org.hibernate.orm.jdbc.bind - binding parameter [4] as [INTEGER] - [3]
01:46:22 DEBUG org.hibernate.SQL - 
    select
        count(distinct p1_0.id) 
    from
        products p1_0 
    left join
        categories c1_0 
            on c1_0.id=p1_0.category_id 
    where
        p1_0.category_id in(?,?,?) 
        and (
            ? is null 
            or c1_0.gender=?
        ) 
        and (
            ? is null 
            or p1_0.base_price>=?
        ) 
        and (
            ? is null 
            or p1_0.base_price<=?
        )
01:46:22 DEBUG org.hibernate.SQL - 
    select
        count(distinct p1_0.id) 
    from
        products p1_0 
    left join
        categories c1_0 
            on c1_0.id=p1_0.category_id 
    where
        (
            ? is null 
            or c1_0.gender=?
        ) 
        and (
            ? is null 
            or p1_0.base_price>=?
        ) 
        and (
            ? is null 
            or p1_0.base_price<=?
        )
01:46:22 DEBUG org.hibernate.SQL - 
    select
        min(p1_0.base_price),
        max(p1_0.base_price) 
    from
        products p1_0 
    left join
        categories c1_0 
            on c1_0.id=p1_0.category_id 
    where
        (
            ? is null 
            or c1_0.gender=?
        )
01:46:22 TRACE org.hibernate.orm.jdbc.bind - binding parameter [1] as [VARCHAR] - [MALE]
01:46:22 TRACE org.hibernate.orm.jdbc.bind - binding parameter [2] as [VARCHAR] - [MALE]
01:46:22 TRACE org.hibernate.orm.jdbc.bind - binding parameter [1] as [VARCHAR] - [FEMALE]
01:46:22 TRACE org.hibernate.orm.jdbc.bind - binding parameter [2] as [VARCHAR] - [FEMALE]
01:46:22 TRACE org.hibernate.orm.jdbc.bind - binding parameter [3] as [NUMERIC] - [null]
01:46:22 TRACE org.hibernate.orm.jdbc.bind - binding parameter [4] as [NUMERIC] - [null]
01:46:22 TRACE org.hibernate.orm.jdbc.bind - binding parameter [5] as [NUMERIC] - [null]
01:46:22 TRACE org.hibernate.orm.jdbc.bind - binding parameter [6] as [NUMERIC] - [null]
01:46:22 TRACE org.hibernate.orm.jdbc.bind - binding parameter [1] as [INTEGER] - [1]
01:46:22 TRACE org.hibernate.orm.jdbc.bind - binding parameter [2] as [INTEGER] - [3]
01:46:22 TRACE org.hibernate.orm.jdbc.bind - binding parameter [3] as [INTEGER] - [4]
01:46:22 TRACE org.hibernate.orm.jdbc.bind - binding parameter [4] as [VARCHAR] - [null]
01:46:22 TRACE org.hibernate.orm.jdbc.bind - binding parameter [5] as [VARCHAR] - [null]
01:46:22 TRACE org.hibernate.orm.jdbc.bind - binding parameter [6] as [NUMERIC] - [null]
01:46:22 TRACE org.hibernate.orm.jdbc.bind - binding parameter [7] as [NUMERIC] - [null]
01:46:22 TRACE org.hibernate.orm.jdbc.bind - binding parameter [8] as [NUMERIC] - [null]
01:46:22 TRACE org.hibernate.orm.jdbc.bind - binding parameter [9] as [NUMERIC] - [null]
01:46:22 DEBUG org.hibernate.SQL - 
    select
        min(p1_0.base_price),
        max(p1_0.base_price) 
    from
        products p1_0 
    left join
        categories c1_0 
            on c1_0.id=p1_0.category_id 
    where
        (
            ? is null 
            or c1_0.gender=?
        )
01:46:22 DEBUG org.hibernate.SQL - 
    select
        count(p1_0.id) 
    from
        products p1_0 
    where
        p1_0.created_at>=?
01:46:22 DEBUG org.hibernate.SQL - 
    select
        min(p1_0.base_price),
        max(p1_0.base_price) 
    from
        products p1_0 
    left join
        categories c1_0 
            on c1_0.id=p1_0.category_id 
    where
        p1_0.category_id in(?,?,?) 
        and (
            ? is null 
            or c1_0.gender=?
        )
01:46:22 DEBUG org.hibernate.SQL - 
    select
        p1_0.id,
        p1_0.color,
        p1_0.image_url,
        p1_0.product_id 
    from
        product_images p1_0 
    where
        p1_0.product_id in(?,?) 
        and p1_0.id=(
            select
                min(p3_0.id) 
            from
                product_images p3_0,
                products p5_0 
            where
                p3_0.product_id=p5_0.id 
                and p3_0.color=p1_0.color 
                and p5_0.id=p1_0.product_id
        ) 
    order by
        p1_0.product_id,
        p1_0.id
01:46:22 TRACE org.hibernate.orm.jdbc.bind - binding parameter [1] as [TIMESTAMP_UTC] - [2026-02-21T23:46:22.181657800Z]
01:46:22 TRACE org.hibernate.orm.jdbc.bind - binding parameter [1] as [VARCHAR] - [FEMALE]
01:46:22 TRACE org.hibernate.orm.jdbc.bind - binding parameter [1] as [INTEGER] - [1]
01:46:22 TRACE org.hibernate.orm.jdbc.bind - binding parameter [1] as [INTEGER] - [6]
01:46:22 TRACE org.hibernate.orm.jdbc.bind - binding parameter [2] as [VARCHAR] - [FEMALE]
01:46:22 TRACE org.hibernate.orm.jdbc.bind - binding parameter [2] as [INTEGER] - [3]
01:46:22 TRACE org.hibernate.orm.jdbc.bind - binding parameter [2] as [INTEGER] - [7]
01:46:22 TRACE org.hibernate.orm.jdbc.bind - binding parameter [3] as [INTEGER] - [4]
01:46:22 TRACE org.hibernate.orm.jdbc.bind - binding parameter [4] as [VARCHAR] - [null]
01:46:22 TRACE org.hibernate.orm.jdbc.bind - binding parameter [5] as [VARCHAR] - [null]
01:46:22 DEBUG org.hibernate.SQL - 
    select
        min(p1_0.base_price),
        max(p1_0.base_price) 
    from
        products p1_0 
    left join
        categories c1_0 
            on c1_0.id=p1_0.category_id 
    where
        (
            ? is null 
            or c1_0.gender=?
        )
01:46:22 TRACE org.hibernate.orm.jdbc.bind - binding parameter [1] as [VARCHAR] - [null]
01:46:22 TRACE org.hibernate.orm.jdbc.bind - binding parameter [2] as [VARCHAR] - [null]
01:46:22 DEBUG org.hibernate.SQL - 
    select
        p1_0.id,
        p1_0.color,
        p1_0.image_url,
        p1_0.product_id 
    from
        product_images p1_0 
    where
        p1_0.product_id in(?,?,?,?) 
        and p1_0.id=(
            select
                min(p3_0.id) 
            from
                product_images p3_0,
                products p5_0 
            where
                p3_0.product_id=p5_0.id 
                and p3_0.color=p1_0.color 
                and p5_0.id=p1_0.product_id
        ) 
    order by
        p1_0.product_id,
        p1_0.id
01:46:22 DEBUG org.hibernate.SQL - 
    select
        p1_0.id,
        p1_0.color,
        p1_0.image_url,
        p1_0.product_id 
    from
        product_images p1_0 
    where
        p1_0.product_id in(?,?,?,?) 
        and p1_0.id=(
            select
                min(p3_0.id) 
            from
                product_images p3_0,
                products p5_0 
            where
                p3_0.product_id=p5_0.id 
                and p3_0.color=p1_0.color 
                and p5_0.id=p1_0.product_id
        ) 
    order by
        p1_0.product_id,
        p1_0.id
01:46:22 TRACE org.hibernate.orm.jdbc.bind - binding parameter [1] as [INTEGER] - [1]
01:46:22 TRACE org.hibernate.orm.jdbc.bind - binding parameter [1] as [INTEGER] - [1]
01:46:22 TRACE org.hibernate.orm.jdbc.bind - binding parameter [2] as [INTEGER] - [8]
01:46:22 TRACE org.hibernate.orm.jdbc.bind - binding parameter [2] as [INTEGER] - [8]
01:46:22 TRACE org.hibernate.orm.jdbc.bind - binding parameter [3] as [INTEGER] - [2]
01:46:22 TRACE org.hibernate.orm.jdbc.bind - binding parameter [3] as [INTEGER] - [2]
01:46:22 TRACE org.hibernate.orm.jdbc.bind - binding parameter [4] as [INTEGER] - [3]
01:46:22 TRACE org.hibernate.orm.jdbc.bind - binding parameter [4] as [INTEGER] - [3]
01:46:22 DEBUG org.hibernate.SQL - 
    select
        p1_0.id,
        p1_0.color,
        p1_0.image_url,
        p1_0.product_id 
    from
        product_images p1_0 
    where
        p1_0.product_id in(?,?,?,?) 
        and p1_0.id=(
            select
                min(p3_0.id) 
            from
                product_images p3_0,
                products p5_0 
            where
                p3_0.product_id=p5_0.id 
                and p3_0.color=p1_0.color 
                and p5_0.id=p1_0.product_id
        ) 
    order by
        p1_0.product_id,
        p1_0.id
01:46:22 INFO  org.hibernate.SQL_SLOW - SlowQuery: 2 milliseconds. SQL: 'com.mysql.cj.jdbc.ClientPreparedStatement: select p1_0.id,p1_0.color,p1_0.image_url,p1_0.product_id from product_images p1_0 where p1_0.product_id in(1,8,2,3) and p1_0.id=(select min(p3_0.id) from product_images p3_0,products p5_0 where p3_0.product_id=p5_0.id and p3_0.color=p1_0.color and p5_0.id=p1_0.product_id) order by p1_0.product_id,p1_0.id'
01:46:22 TRACE org.hibernate.orm.jdbc.bind - binding parameter [1] as [INTEGER] - [1]
01:46:22 TRACE org.hibernate.orm.jdbc.bind - binding parameter [2] as [INTEGER] - [8]
01:46:22 TRACE org.hibernate.orm.jdbc.bind - binding parameter [3] as [INTEGER] - [2]
01:46:22 TRACE org.hibernate.orm.jdbc.bind - binding parameter [4] as [INTEGER] - [3]
01:46:24 DEBUG org.hibernate.SQL - 
    select
        c1_0.id,
        c1_0.description,
        c1_0.gender,
        c1_0.name 
    from
        categories c1_0
01:46:24 DEBUG org.hibernate.SQL - 
    select
        p1_0.id,
        p1_0.base_price,
        p1_0.category_id,
        p1_0.created_at,
        p1_0.description,
        p1_0.image_url,
        p1_0.name 
    from
        products p1_0 
    where
        p1_0.id=?
01:46:24 TRACE org.hibernate.orm.jdbc.bind - binding parameter [1] as [INTEGER] - [1]
01:46:24 DEBUG org.hibernate.SQL - 
    select
        p1_0.id,
        p1_0.color,
        p1_0.product_id,
        p1_0.quantity,
        p1_0.size 
    from
        product_variants p1_0 
    where
        p1_0.product_id=? 
    order by
        p1_0.id
01:46:24 TRACE org.hibernate.orm.jdbc.bind - binding parameter [1] as [INTEGER] - [1]
01:46:24 DEBUG org.hibernate.SQL - 
    select
        p1_0.id,
        p1_0.color,
        p1_0.image_url,
        p1_0.product_id 
    from
        product_images p1_0 
    where
        p1_0.product_id=? 
    order by
        p1_0.id
01:46:24 TRACE org.hibernate.orm.jdbc.bind - binding parameter [1] as [INTEGER] - [1]
01:46:24 DEBUG org.hibernate.SQL - 
    select
        c1_0.id,
        c1_0.description,
        c1_0.gender,
        c1_0.name 
    from
        categories c1_0 
    where
        c1_0.id=?
01:46:24 TRACE org.hibernate.orm.jdbc.bind - binding parameter [1] as [INTEGER] - [1]
01:52:18 DEBUG org.hibernate.SQL - 
    select
        c1_0.id,
        c1_0.description,
        c1_0.gender,
        c1_0.name 
    from
        categories c1_0
01:52:18 INFO  org.hibernate.SQL_SLOW - SlowQuery: 2 milliseconds. SQL: 'com.mysql.cj.jdbc.ClientPreparedStatement: select c1_0.id,c1_0.description,c1_0.gender,c1_0.name from categories c1_0'
01:52:18 DEBUG org.hibernate.SQL - 
    select
        c1_0.id,
        c1_0.description,
        c1_0.gender,
        c1_0.name 
    from
        categories c1_0
01:52:18 DEBUG org.hibernate.SQL - 
    select
        u1_0.id,
        u1_0.address,
        u1_0.birthday,
        c1_0.id,
        c1_0.created_at,
        u1_0.created_at,
        u1_0.credit_limit,
        u1_0.email,
        u1_0.gender,
        u1_0.job,
        u1_0.name,
        u1_0.password_hash,
        u1_0.role 
    from
        users u1_0 
    left join
        carts c1_0 
            on u1_0.id=c1_0.user_id 
    where
        u1_0.id=?
01:52:18 TRACE org.hibernate.orm.jdbc.bind - binding parameter [1] as [INTEGER] - [4]
01:52:18 DEBUG org.hibernate.SQL - 
    select
        c1_0.cart_id,
        c1_0.id,
        c1_0.end_date,
        c1_0.quantity,
        c1_0.start_date,
        c1_0.variant_id 
    from
        cart_items c1_0 
    where
        c1_0.cart_id=?
01:52:18 TRACE org.hibernate.orm.jdbc.bind - binding parameter [1] as [INTEGER] - [3]
01:52:18 DEBUG org.hibernate.SQL - 
    select
        distinct o1_0.id,
        o1_0.created_at,
        o2_0.order_id,
        o2_0.id,
        o2_0.end_date,
        o2_0.price_at_purchase,
        o2_0.quantity,
        o2_0.start_date,
        v1_0.id,
        v1_0.color,
        v1_0.product_id,
        p1_0.id,
        p1_0.base_price,
        p1_0.category_id,
        p1_0.created_at,
        p1_0.description,
        p1_0.image_url,
        p1_0.name,
        v1_0.quantity,
        v1_0.size,
        o1_0.status,
        o1_0.total_amount,
        o1_0.user_id 
    from
        orders o1_0 
    left join
        order_items o2_0 
            on o1_0.id=o2_0.order_id 
    left join
        product_variants v1_0 
            on v1_0.id=o2_0.variant_id 
    left join
        products p1_0 
            on p1_0.id=v1_0.product_id 
    where
        o1_0.user_id=? 
    order by
        o1_0.created_at desc
01:52:18 TRACE org.hibernate.orm.jdbc.bind - binding parameter [1] as [INTEGER] - [4]
01:52:18 INFO  org.hibernate.SQL_SLOW - SlowQuery: 2 milliseconds. SQL: 'com.mysql.cj.jdbc.ClientPreparedStatement: select distinct o1_0.id,o1_0.created_at,o2_0.order_id,o2_0.id,o2_0.end_date,o2_0.price_at_purchase,o2_0.quantity,o2_0.start_date,v1_0.id,v1_0.color,v1_0.product_id,p1_0.id,p1_0.base_price,p1_0.category_id,p1_0.created_at,p1_0.description,p1_0.image_url,p1_0.name,v1_0.quantity,v1_0.size,o1_0.status,o1_0.total_amount,o1_0.user_id from orders o1_0 left join order_items o2_0 on o1_0.id=o2_0.order_id left join product_variants v1_0 on v1_0.id=o2_0.variant_id left join products p1_0 on p1_0.id=v1_0.product_id where o1_0.user_id=4 order by o1_0.created_at desc'
01:52:18 DEBUG org.hibernate.SQL - 
    select
        p1_0.product_id,
        p1_0.id,
        p1_0.color,
        p1_0.image_url 
    from
        product_images p1_0 
    where
        p1_0.product_id=? 
    order by
        p1_0.id
01:52:18 TRACE org.hibernate.orm.jdbc.bind - binding parameter [1] as [INTEGER] - [2]
01:52:18 DEBUG org.hibernate.SQL - 
    select
        p1_0.product_id,
        p1_0.id,
        p1_0.color,
        p1_0.image_url 
    from
        product_images p1_0 
    where
        p1_0.product_id=? 
    order by
        p1_0.id
01:52:18 TRACE org.hibernate.orm.jdbc.bind - binding parameter [1] as [INTEGER] - [1]
01:52:18 DEBUG org.hibernate.SQL - 
    select
        p1_0.product_id,
        p1_0.id,
        p1_0.color,
        p1_0.image_url 
    from
        product_images p1_0 
    where
        p1_0.product_id=? 
    order by
        p1_0.id
01:52:18 TRACE org.hibernate.orm.jdbc.bind - binding parameter [1] as [INTEGER] - [3]
01:53:52 DEBUG org.hibernate.SQL - 
    select
        c1_0.id,
        c1_0.description,
        c1_0.gender,
        c1_0.name 
    from
        categories c1_0
01:53:52 DEBUG org.hibernate.SQL - 
    select
        c1_0.id,
        c1_0.description,
        c1_0.gender,
        c1_0.name 
    from
        categories c1_0 
    where
        c1_0.gender=? 
    order by
        c1_0.name
01:53:52 TRACE org.hibernate.orm.jdbc.bind - binding parameter [1] as [VARCHAR] - [FEMALE]
01:53:52 DEBUG org.hibernate.SQL - 
    select
        c1_0.id,
        c1_0.description,
        c1_0.gender,
        c1_0.name 
    from
        categories c1_0 
    where
        c1_0.gender=? 
    order by
        c1_0.name
01:53:52 TRACE org.hibernate.orm.jdbc.bind - binding parameter [1] as [VARCHAR] - [MALE]
01:53:52 DEBUG org.hibernate.SQL - 
    select
        u1_0.id,
        u1_0.address,
        u1_0.birthday,
        c1_0.id,
        c1_0.created_at,
        u1_0.created_at,
        u1_0.credit_limit,
        u1_0.email,
        u1_0.gender,
        u1_0.job,
        u1_0.name,
        u1_0.password_hash,
        u1_0.role 
    from
        users u1_0 
    left join
        carts c1_0 
            on u1_0.id=c1_0.user_id 
    where
        u1_0.id=?
01:53:52 TRACE org.hibernate.orm.jdbc.bind - binding parameter [1] as [INTEGER] - [4]
01:53:52 DEBUG org.hibernate.SQL - 
    select
        c1_0.cart_id,
        c1_0.id,
        c1_0.end_date,
        c1_0.quantity,
        c1_0.start_date,
        c1_0.variant_id 
    from
        cart_items c1_0 
    where
        c1_0.cart_id=?
01:53:52 TRACE org.hibernate.orm.jdbc.bind - binding parameter [1] as [INTEGER] - [3]
01:53:52 DEBUG org.hibernate.SQL - 
    select
        c1_0.id,
        c1_0.description,
        c1_0.gender,
        c1_0.name 
    from
        categories c1_0
01:53:52 DEBUG org.hibernate.SQL - 
    select
        p1_0.id 
    from
        products p1_0 
    where
        p1_0.created_at>=? 
    order by
        p1_0.created_at desc limit ?,
        ?
01:53:52 TRACE org.hibernate.orm.jdbc.bind - binding parameter [1] as [TIMESTAMP_UTC] - [2026-02-21T23:53:52.417599400Z]
01:53:52 TRACE org.hibernate.orm.jdbc.bind - binding parameter [2] as [INTEGER] - [0]
01:53:52 TRACE org.hibernate.orm.jdbc.bind - binding parameter [3] as [INTEGER] - [4]
01:53:52 DEBUG org.hibernate.SQL - 
    select
        distinct p1_0.id,
        p1_0.base_price,
        c1_0.id,
        c1_0.description,
        c1_0.gender,
        c1_0.name,
        p1_0.created_at,
        p1_0.description,
        p1_0.image_url,
        p1_0.name,
        p2_0.product_id,
        p2_0.id,
        p2_0.color,
        p2_0.quantity,
        p2_0.size 
    from
        products p1_0 
    left join
        product_variants p2_0 
            on p1_0.id=p2_0.product_id 
    left join
        categories c1_0 
            on c1_0.id=p1_0.category_id 
    where
        p1_0.id in(?,?,?,?) 
    order by
        p1_0.created_at desc,
        p2_0.id
01:53:52 TRACE org.hibernate.orm.jdbc.bind - binding parameter [1] as [INTEGER] - [1]
01:53:52 TRACE org.hibernate.orm.jdbc.bind - binding parameter [2] as [INTEGER] - [8]
01:53:52 TRACE org.hibernate.orm.jdbc.bind - binding parameter [3] as [INTEGER] - [2]
01:53:52 TRACE org.hibernate.orm.jdbc.bind - binding parameter [4] as [INTEGER] - [3]
01:53:52 DEBUG org.hibernate.SQL - 
    select
        c1_0.id,
        c1_0.description,
        c1_0.gender,
        c1_0.name 
    from
        categories c1_0
01:53:52 DEBUG org.hibernate.SQL - 
    select
        c1_0.id,
        c1_0.description,
        c1_0.gender,
        c1_0.name 
    from
        categories c1_0
01:53:52 DEBUG org.hibernate.SQL - 
    select
        c1_0.id,
        c1_0.description,
        c1_0.gender,
        c1_0.name 
    from
        categories c1_0
01:53:52 DEBUG org.hibernate.SQL - 
    select
        p1_0.id 
    from
        products p1_0 
    left join
        categories c1_0 
            on c1_0.id=p1_0.category_id 
    where
        (
            ? is null 
            or c1_0.gender=?
        ) 
        and (
            ? is null 
            or p1_0.base_price>=?
        ) 
        and (
            ? is null 
            or p1_0.base_price<=?
        ) 
    order by
        p1_0.created_at desc limit ?,
        ?
01:53:52 DEBUG org.hibernate.SQL - 
    select
        p1_0.id 
    from
        products p1_0 
    left join
        categories c1_0 
            on c1_0.id=p1_0.category_id 
    where
        (
            ? is null 
            or c1_0.gender=?
        ) 
        and (
            ? is null 
            or p1_0.base_price>=?
        ) 
        and (
            ? is null 
            or p1_0.base_price<=?
        ) 
    order by
        p1_0.created_at desc limit ?,
        ?
01:53:52 TRACE org.hibernate.orm.jdbc.bind - binding parameter [1] as [VARCHAR] - [MALE]
01:53:52 TRACE org.hibernate.orm.jdbc.bind - binding parameter [2] as [VARCHAR] - [MALE]
01:53:52 TRACE org.hibernate.orm.jdbc.bind - binding parameter [3] as [NUMERIC] - [null]
01:53:52 TRACE org.hibernate.orm.jdbc.bind - binding parameter [4] as [NUMERIC] - [null]
01:53:52 TRACE org.hibernate.orm.jdbc.bind - binding parameter [5] as [NUMERIC] - [null]
01:53:52 TRACE org.hibernate.orm.jdbc.bind - binding parameter [6] as [NUMERIC] - [null]
01:53:52 TRACE org.hibernate.orm.jdbc.bind - binding parameter [1] as [VARCHAR] - [FEMALE]
01:53:52 TRACE org.hibernate.orm.jdbc.bind - binding parameter [7] as [INTEGER] - [0]
01:53:52 TRACE org.hibernate.orm.jdbc.bind - binding parameter [2] as [VARCHAR] - [FEMALE]
01:53:52 TRACE org.hibernate.orm.jdbc.bind - binding parameter [8] as [INTEGER] - [4]
01:53:52 TRACE org.hibernate.orm.jdbc.bind - binding parameter [3] as [NUMERIC] - [null]
01:53:52 TRACE org.hibernate.orm.jdbc.bind - binding parameter [4] as [NUMERIC] - [null]
01:53:52 TRACE org.hibernate.orm.jdbc.bind - binding parameter [5] as [NUMERIC] - [null]
01:53:52 TRACE org.hibernate.orm.jdbc.bind - binding parameter [6] as [NUMERIC] - [null]
01:53:52 TRACE org.hibernate.orm.jdbc.bind - binding parameter [7] as [INTEGER] - [0]
01:53:52 TRACE org.hibernate.orm.jdbc.bind - binding parameter [8] as [INTEGER] - [4]
01:53:52 DEBUG org.hibernate.SQL - 
    select
        count(p1_0.id) 
    from
        products p1_0 
    where
        p1_0.created_at>=?
01:53:52 DEBUG org.hibernate.SQL - 
    select
        p1_0.id 
    from
        products p1_0 
    left join
        categories c1_0 
            on c1_0.id=p1_0.category_id 
    where
        p1_0.category_id in(?,?,?) 
        and (
            ? is null 
            or c1_0.gender=?
        ) 
        and (
            ? is null 
            or p1_0.base_price>=?
        ) 
        and (
            ? is null 
            or p1_0.base_price<=?
        ) 
    order by
        p1_0.created_at desc limit ?,
        ?
01:53:52 DEBUG org.hibernate.SQL - 
    select
        distinct p1_0.id,
        p1_0.base_price,
        c1_0.id,
        c1_0.description,
        c1_0.gender,
        c1_0.name,
        p1_0.created_at,
        p1_0.description,
        p1_0.image_url,
        p1_0.name,
        p2_0.product_id,
        p2_0.id,
        p2_0.color,
        p2_0.quantity,
        p2_0.size 
    from
        products p1_0 
    left join
        product_variants p2_0 
            on p1_0.id=p2_0.product_id 
    left join
        categories c1_0 
            on c1_0.id=p1_0.category_id 
    where
        p1_0.id in(?,?) 
    order by
        p1_0.created_at desc,
        p2_0.id
01:53:52 DEBUG org.hibernate.SQL - 
    select
        distinct p1_0.id,
        p1_0.base_price,
        c1_0.id,
        c1_0.description,
        c1_0.gender,
        c1_0.name,
        p1_0.created_at,
        p1_0.description,
        p1_0.image_url,
        p1_0.name,
        p2_0.product_id,
        p2_0.id,
        p2_0.color,
        p2_0.quantity,
        p2_0.size 
    from
        products p1_0 
    left join
        product_variants p2_0 
            on p1_0.id=p2_0.product_id 
    left join
        categories c1_0 
            on c1_0.id=p1_0.category_id 
    where
        p1_0.id in(?,?,?,?) 
    order by
        p1_0.created_at desc,
        p2_0.id
01:53:52 TRACE org.hibernate.orm.jdbc.bind - binding parameter [1] as [TIMESTAMP_UTC] - [2026-02-21T23:53:52.430091900Z]
01:53:52 TRACE org.hibernate.orm.jdbc.bind - binding parameter [1] as [INTEGER] - [1]
01:53:52 TRACE org.hibernate.orm.jdbc.bind - binding parameter [2] as [INTEGER] - [3]
01:53:52 TRACE org.hibernate.orm.jdbc.bind - binding parameter [3] as [INTEGER] - [4]
01:53:52 TRACE org.hibernate.orm.jdbc.bind - binding parameter [4] as [VARCHAR] - [null]
01:53:52 TRACE org.hibernate.orm.jdbc.bind - binding parameter [5] as [VARCHAR] - [null]
01:53:52 TRACE org.hibernate.orm.jdbc.bind - binding parameter [6] as [NUMERIC] - [null]
01:53:52 TRACE org.hibernate.orm.jdbc.bind - binding parameter [7] as [NUMERIC] - [null]
01:53:52 TRACE org.hibernate.orm.jdbc.bind - binding parameter [8] as [NUMERIC] - [null]
01:53:52 TRACE org.hibernate.orm.jdbc.bind - binding parameter [1] as [INTEGER] - [6]
01:53:52 DEBUG org.hibernate.SQL - 
    select
        min(p1_0.base_price),
        max(p1_0.base_price) 
    from
        products p1_0 
    left join
        categories c1_0 
            on c1_0.id=p1_0.category_id 
    where
        (
            ? is null 
            or c1_0.gender=?
        )
01:53:52 TRACE org.hibernate.orm.jdbc.bind - binding parameter [1] as [INTEGER] - [1]
01:53:52 TRACE org.hibernate.orm.jdbc.bind - binding parameter [9] as [NUMERIC] - [null]
01:53:52 TRACE org.hibernate.orm.jdbc.bind - binding parameter [2] as [INTEGER] - [7]
01:53:52 TRACE org.hibernate.orm.jdbc.bind - binding parameter [2] as [INTEGER] - [8]
01:53:52 TRACE org.hibernate.orm.jdbc.bind - binding parameter [10] as [INTEGER] - [0]
01:53:52 TRACE org.hibernate.orm.jdbc.bind - binding parameter [3] as [INTEGER] - [2]
01:53:52 TRACE org.hibernate.orm.jdbc.bind - binding parameter [11] as [INTEGER] - [4]
01:53:52 TRACE org.hibernate.orm.jdbc.bind - binding parameter [4] as [INTEGER] - [3]
01:53:52 TRACE org.hibernate.orm.jdbc.bind - binding parameter [1] as [VARCHAR] - [null]
01:53:52 TRACE org.hibernate.orm.jdbc.bind - binding parameter [2] as [VARCHAR] - [null]
01:53:52 DEBUG org.hibernate.SQL - 
    select
        count(distinct p1_0.id) 
    from
        products p1_0 
    left join
        categories c1_0 
            on c1_0.id=p1_0.category_id 
    where
        (
            ? is null 
            or c1_0.gender=?
        ) 
        and (
            ? is null 
            or p1_0.base_price>=?
        ) 
        and (
            ? is null 
            or p1_0.base_price<=?
        )
01:53:52 DEBUG org.hibernate.SQL - 
    select
        count(distinct p1_0.id) 
    from
        products p1_0 
    left join
        categories c1_0 
            on c1_0.id=p1_0.category_id 
    where
        (
            ? is null 
            or c1_0.gender=?
        ) 
        and (
            ? is null 
            or p1_0.base_price>=?
        ) 
        and (
            ? is null 
            or p1_0.base_price<=?
        )
01:53:52 DEBUG org.hibernate.SQL - 
    select
        p1_0.id,
        p1_0.color,
        p1_0.image_url,
        p1_0.product_id 
    from
        product_images p1_0 
    where
        p1_0.product_id in(?,?,?,?) 
        and p1_0.id=(
            select
                min(p3_0.id) 
            from
                product_images p3_0,
                products p5_0 
            where
                p3_0.product_id=p5_0.id 
                and p3_0.color=p1_0.color 
                and p5_0.id=p1_0.product_id
        ) 
    order by
        p1_0.product_id,
        p1_0.id
01:53:52 TRACE org.hibernate.orm.jdbc.bind - binding parameter [1] as [VARCHAR] - [MALE]
01:53:52 DEBUG org.hibernate.SQL - 
    select
        distinct p1_0.id,
        p1_0.base_price,
        c1_0.id,
        c1_0.description,
        c1_0.gender,
        c1_0.name,
        p1_0.created_at,
        p1_0.description,
        p1_0.image_url,
        p1_0.name,
        p2_0.product_id,
        p2_0.id,
        p2_0.color,
        p2_0.quantity,
        p2_0.size 
    from
        products p1_0 
    left join
        product_variants p2_0 
            on p1_0.id=p2_0.product_id 
    left join
        categories c1_0 
            on c1_0.id=p1_0.category_id 
    where
        p1_0.id in(?,?,?,?) 
    order by
        p1_0.created_at desc,
        p2_0.id
01:53:52 TRACE org.hibernate.orm.jdbc.bind - binding parameter [2] as [VARCHAR] - [MALE]
01:53:52 TRACE org.hibernate.orm.jdbc.bind - binding parameter [3] as [NUMERIC] - [null]
01:53:52 TRACE org.hibernate.orm.jdbc.bind - binding parameter [4] as [NUMERIC] - [null]
01:53:52 TRACE org.hibernate.orm.jdbc.bind - binding parameter [5] as [NUMERIC] - [null]
01:53:52 TRACE org.hibernate.orm.jdbc.bind - binding parameter [6] as [NUMERIC] - [null]
01:53:52 TRACE org.hibernate.orm.jdbc.bind - binding parameter [1] as [VARCHAR] - [FEMALE]
01:53:52 TRACE org.hibernate.orm.jdbc.bind - binding parameter [2] as [VARCHAR] - [FEMALE]
01:53:52 TRACE org.hibernate.orm.jdbc.bind - binding parameter [3] as [NUMERIC] - [null]
01:53:52 TRACE org.hibernate.orm.jdbc.bind - binding parameter [4] as [NUMERIC] - [null]
01:53:52 TRACE org.hibernate.orm.jdbc.bind - binding parameter [5] as [NUMERIC] - [null]
01:53:52 TRACE org.hibernate.orm.jdbc.bind - binding parameter [6] as [NUMERIC] - [null]
01:53:52 TRACE org.hibernate.orm.jdbc.bind - binding parameter [1] as [INTEGER] - [1]
01:53:52 TRACE org.hibernate.orm.jdbc.bind - binding parameter [1] as [INTEGER] - [1]
01:53:52 TRACE org.hibernate.orm.jdbc.bind - binding parameter [2] as [INTEGER] - [8]
01:53:52 TRACE org.hibernate.orm.jdbc.bind - binding parameter [2] as [INTEGER] - [8]
01:53:52 TRACE org.hibernate.orm.jdbc.bind - binding parameter [3] as [INTEGER] - [2]
01:53:52 TRACE org.hibernate.orm.jdbc.bind - binding parameter [3] as [INTEGER] - [2]
01:53:52 TRACE org.hibernate.orm.jdbc.bind - binding parameter [4] as [INTEGER] - [3]
01:53:52 TRACE org.hibernate.orm.jdbc.bind - binding parameter [4] as [INTEGER] - [3]
01:53:52 DEBUG org.hibernate.SQL - 
    select
        min(p1_0.base_price),
        max(p1_0.base_price) 
    from
        products p1_0 
    left join
        categories c1_0 
            on c1_0.id=p1_0.category_id 
    where
        (
            ? is null 
            or c1_0.gender=?
        )
01:53:52 DEBUG org.hibernate.SQL - 
    select
        min(p1_0.base_price),
        max(p1_0.base_price) 
    from
        products p1_0 
    left join
        categories c1_0 
            on c1_0.id=p1_0.category_id 
    where
        (
            ? is null 
            or c1_0.gender=?
        )
01:53:52 DEBUG org.hibernate.SQL - 
    select
        count(distinct p1_0.id) 
    from
        products p1_0 
    left join
        categories c1_0 
            on c1_0.id=p1_0.category_id 
    where
        p1_0.category_id in(?,?,?) 
        and (
            ? is null 
            or c1_0.gender=?
        ) 
        and (
            ? is null 
            or p1_0.base_price>=?
        ) 
        and (
            ? is null 
            or p1_0.base_price<=?
        )
01:53:52 TRACE org.hibernate.orm.jdbc.bind - binding parameter [1] as [VARCHAR] - [MALE]
01:53:52 TRACE org.hibernate.orm.jdbc.bind - binding parameter [2] as [VARCHAR] - [MALE]
01:53:52 TRACE org.hibernate.orm.jdbc.bind - binding parameter [1] as [INTEGER] - [1]
01:53:52 TRACE org.hibernate.orm.jdbc.bind - binding parameter [1] as [VARCHAR] - [FEMALE]
01:53:52 TRACE org.hibernate.orm.jdbc.bind - binding parameter [2] as [VARCHAR] - [FEMALE]
01:53:52 TRACE org.hibernate.orm.jdbc.bind - binding parameter [2] as [INTEGER] - [3]
01:53:52 TRACE org.hibernate.orm.jdbc.bind - binding parameter [3] as [INTEGER] - [4]
01:53:52 TRACE org.hibernate.orm.jdbc.bind - binding parameter [4] as [VARCHAR] - [null]
01:53:52 TRACE org.hibernate.orm.jdbc.bind - binding parameter [5] as [VARCHAR] - [null]
01:53:52 TRACE org.hibernate.orm.jdbc.bind - binding parameter [6] as [NUMERIC] - [null]
01:53:52 TRACE org.hibernate.orm.jdbc.bind - binding parameter [7] as [NUMERIC] - [null]
01:53:52 TRACE org.hibernate.orm.jdbc.bind - binding parameter [8] as [NUMERIC] - [null]
01:53:52 TRACE org.hibernate.orm.jdbc.bind - binding parameter [9] as [NUMERIC] - [null]
01:53:52 DEBUG org.hibernate.SQL - 
    select
        p1_0.id,
        p1_0.color,
        p1_0.image_url,
        p1_0.product_id 
    from
        product_images p1_0 
    where
        p1_0.product_id in(?,?,?,?) 
        and p1_0.id=(
            select
                min(p3_0.id) 
            from
                product_images p3_0,
                products p5_0 
            where
                p3_0.product_id=p5_0.id 
                and p3_0.color=p1_0.color 
                and p5_0.id=p1_0.product_id
        ) 
    order by
        p1_0.product_id,
        p1_0.id
01:53:52 DEBUG org.hibernate.SQL - 
    select
        min(p1_0.base_price),
        max(p1_0.base_price) 
    from
        products p1_0 
    left join
        categories c1_0 
            on c1_0.id=p1_0.category_id 
    where
        p1_0.category_id in(?,?,?) 
        and (
            ? is null 
            or c1_0.gender=?
        )
01:53:52 DEBUG org.hibernate.SQL - 
    select
        p1_0.id,
        p1_0.color,
        p1_0.image_url,
        p1_0.product_id 
    from
        product_images p1_0 
    where
        p1_0.product_id in(?,?) 
        and p1_0.id=(
            select
                min(p3_0.id) 
            from
                product_images p3_0,
                products p5_0 
            where
                p3_0.product_id=p5_0.id 
                and p3_0.color=p1_0.color 
                and p5_0.id=p1_0.product_id
        ) 
    order by
        p1_0.product_id,
        p1_0.id
01:53:52 TRACE org.hibernate.orm.jdbc.bind - binding parameter [1] as [INTEGER] - [1]
01:53:52 TRACE org.hibernate.orm.jdbc.bind - binding parameter [1] as [INTEGER] - [1]
01:53:52 TRACE org.hibernate.orm.jdbc.bind - binding parameter [1] as [INTEGER] - [6]
01:53:52 TRACE org.hibernate.orm.jdbc.bind - binding parameter [2] as [INTEGER] - [3]
01:53:52 TRACE org.hibernate.orm.jdbc.bind - binding parameter [2] as [INTEGER] - [8]
01:53:52 TRACE org.hibernate.orm.jdbc.bind - binding parameter [2] as [INTEGER] - [7]
01:53:52 TRACE org.hibernate.orm.jdbc.bind - binding parameter [3] as [INTEGER] - [4]
01:53:52 TRACE org.hibernate.orm.jdbc.bind - binding parameter [3] as [INTEGER] - [2]
01:53:52 TRACE org.hibernate.orm.jdbc.bind - binding parameter [4] as [VARCHAR] - [null]
01:53:52 TRACE org.hibernate.orm.jdbc.bind - binding parameter [4] as [INTEGER] - [3]
01:53:52 TRACE org.hibernate.orm.jdbc.bind - binding parameter [5] as [VARCHAR] - [null]
01:53:52 DEBUG org.hibernate.SQL - 
    select
        p1_0.id,
        p1_0.color,
        p1_0.image_url,
        p1_0.product_id 
    from
        product_images p1_0 
    where
        p1_0.product_id in(?,?,?,?) 
        and p1_0.id=(
            select
                min(p3_0.id) 
            from
                product_images p3_0,
                products p5_0 
            where
                p3_0.product_id=p5_0.id 
                and p3_0.color=p1_0.color 
                and p5_0.id=p1_0.product_id
        ) 
    order by
        p1_0.product_id,
        p1_0.id
01:53:52 TRACE org.hibernate.orm.jdbc.bind - binding parameter [1] as [INTEGER] - [1]
01:53:52 TRACE org.hibernate.orm.jdbc.bind - binding parameter [2] as [INTEGER] - [8]
01:53:52 TRACE org.hibernate.orm.jdbc.bind - binding parameter [3] as [INTEGER] - [2]
01:53:52 TRACE org.hibernate.orm.jdbc.bind - binding parameter [4] as [INTEGER] - [3]
01:53:59 DEBUG org.hibernate.SQL - 
    select
        c1_0.id,
        c1_0.description,
        c1_0.gender,
        c1_0.name 
    from
        categories c1_0
01:54:03 DEBUG org.hibernate.SQL - 
    select
        c1_0.id,
        c1_0.description,
        c1_0.gender,
        c1_0.name 
    from
        categories c1_0
01:54:03 DEBUG org.hibernate.SQL - 
    select
        c1_0.id,
        c1_0.description,
        c1_0.gender,
        c1_0.name 
    from
        categories c1_0
01:54:03 DEBUG org.hibernate.SQL - 
    select
        p1_0.id,
        p1_0.base_price,
        p1_0.category_id,
        p1_0.created_at,
        p1_0.description,
        p1_0.image_url,
        p1_0.name 
    from
        products p1_0 
    where
        p1_0.id=?
01:54:04 TRACE org.hibernate.orm.jdbc.bind - binding parameter [1] as [INTEGER] - [2]
01:54:04 DEBUG org.hibernate.SQL - 
    select
        p1_0.id,
        p1_0.color,
        p1_0.product_id,
        p1_0.quantity,
        p1_0.size 
    from
        product_variants p1_0 
    where
        p1_0.product_id=? 
    order by
        p1_0.id
01:54:04 TRACE org.hibernate.orm.jdbc.bind - binding parameter [1] as [INTEGER] - [2]
01:54:04 DEBUG org.hibernate.SQL - 
    select
        p1_0.id,
        p1_0.color,
        p1_0.image_url,
        p1_0.product_id 
    from
        product_images p1_0 
    where
        p1_0.product_id=? 
    order by
        p1_0.id
01:54:04 TRACE org.hibernate.orm.jdbc.bind - binding parameter [1] as [INTEGER] - [2]
01:54:04 DEBUG org.hibernate.SQL - 
    select
        c1_0.id,
        c1_0.description,
        c1_0.gender,
        c1_0.name 
    from
        categories c1_0 
    where
        c1_0.id=?
01:54:04 TRACE org.hibernate.orm.jdbc.bind - binding parameter [1] as [INTEGER] - [1]
01:54:04 DEBUG org.hibernate.SQL - 
    select
        c1_0.id,
        c1_0.description,
        c1_0.gender,
        c1_0.name 
    from
        categories c1_0
01:54:04 DEBUG org.hibernate.SQL - 
    select
        c1_0.id,
        c1_0.description,
        c1_0.gender,
        c1_0.name 
    from
        categories c1_0
01:54:04 INFO  org.hibernate.SQL_SLOW - SlowQuery: 2 milliseconds. SQL: 'com.mysql.cj.jdbc.ClientPreparedStatement: select c1_0.id,c1_0.description,c1_0.gender,c1_0.name from categories c1_0'
01:54:11 DEBUG org.hibernate.SQL - 
    select
        c1_0.id,
        c1_0.description,
        c1_0.gender,
        c1_0.name 
    from
        categories c1_0
01:54:11 DEBUG org.hibernate.SQL - 
    select
        c1_0.id,
        c1_0.description,
        c1_0.gender,
        c1_0.name 
    from
        categories c1_0
01:54:11 DEBUG org.hibernate.SQL - 
    select
        p1_0.id,
        p1_0.base_price,
        p1_0.category_id,
        p1_0.created_at,
        p1_0.description,
        p1_0.image_url,
        p1_0.name 
    from
        products p1_0 
    where
        p1_0.id=?
01:54:11 TRACE org.hibernate.orm.jdbc.bind - binding parameter [1] as [INTEGER] - [3]
01:54:11 DEBUG org.hibernate.SQL - 
    select
        p1_0.id,
        p1_0.color,
        p1_0.product_id,
        p1_0.quantity,
        p1_0.size 
    from
        product_variants p1_0 
    where
        p1_0.product_id=? 
    order by
        p1_0.id
01:54:11 TRACE org.hibernate.orm.jdbc.bind - binding parameter [1] as [INTEGER] - [3]
01:54:11 DEBUG org.hibernate.SQL - 
    select
        p1_0.id,
        p1_0.color,
        p1_0.image_url,
        p1_0.product_id 
    from
        product_images p1_0 
    where
        p1_0.product_id=? 
    order by
        p1_0.id
01:54:11 TRACE org.hibernate.orm.jdbc.bind - binding parameter [1] as [INTEGER] - [3]
01:54:11 DEBUG org.hibernate.SQL - 
    select
        c1_0.id,
        c1_0.description,
        c1_0.gender,
        c1_0.name 
    from
        categories c1_0 
    where
        c1_0.id=?
01:54:11 TRACE org.hibernate.orm.jdbc.bind - binding parameter [1] as [INTEGER] - [1]
01:54:11 DEBUG org.hibernate.SQL - 
    select
        c1_0.id,
        c1_0.description,
        c1_0.gender,
        c1_0.name 
    from
        categories c1_0
01:54:11 DEBUG org.hibernate.SQL - 
    select
        c1_0.id,
        c1_0.description,
        c1_0.gender,
        c1_0.name 
    from
        categories c1_0
01:55:02 DEBUG org.hibernate.SQL - 
    select
        c1_0.id,
        c1_0.description,
        c1_0.gender,
        c1_0.name 
    from
        categories c1_0
01:55:02 DEBUG org.hibernate.SQL - 
    select
        p1_0.id,
        p1_0.base_price,
        p1_0.category_id,
        p1_0.created_at,
        p1_0.description,
        p1_0.image_url,
        p1_0.name 
    from
        products p1_0 
    where
        p1_0.id=?
01:55:02 TRACE org.hibernate.orm.jdbc.bind - binding parameter [1] as [INTEGER] - [1]
01:55:02 DEBUG org.hibernate.SQL - 
    select
        p1_0.id,
        p1_0.color,
        p1_0.product_id,
        p1_0.quantity,
        p1_0.size 
    from
        product_variants p1_0 
    where
        p1_0.product_id=? 
    order by
        p1_0.id
01:55:02 TRACE org.hibernate.orm.jdbc.bind - binding parameter [1] as [INTEGER] - [1]
01:55:02 DEBUG org.hibernate.SQL - 
    select
        p1_0.id,
        p1_0.color,
        p1_0.image_url,
        p1_0.product_id 
    from
        product_images p1_0 
    where
        p1_0.product_id=? 
    order by
        p1_0.id
01:55:02 TRACE org.hibernate.orm.jdbc.bind - binding parameter [1] as [INTEGER] - [1]
01:55:02 INFO  org.hibernate.SQL_SLOW - SlowQuery: 3 milliseconds. SQL: 'com.mysql.cj.jdbc.ClientPreparedStatement: select p1_0.id,p1_0.color,p1_0.image_url,p1_0.product_id from product_images p1_0 where p1_0.product_id=1 order by p1_0.id'
01:55:02 DEBUG org.hibernate.SQL - 
    select
        c1_0.id,
        c1_0.description,
        c1_0.gender,
        c1_0.name 
    from
        categories c1_0 
    where
        c1_0.id=?
01:55:02 TRACE org.hibernate.orm.jdbc.bind - binding parameter [1] as [INTEGER] - [1]
01:55:14 DEBUG org.hibernate.SQL - 
    select
        u1_0.id,
        u1_0.address,
        u1_0.birthday,
        c1_0.id,
        c1_0.created_at,
        u1_0.created_at,
        u1_0.credit_limit,
        u1_0.email,
        u1_0.gender,
        u1_0.job,
        u1_0.name,
        u1_0.password_hash,
        u1_0.role 
    from
        users u1_0 
    left join
        carts c1_0 
            on u1_0.id=c1_0.user_id 
    where
        u1_0.id=?
01:55:14 TRACE org.hibernate.orm.jdbc.bind - binding parameter [1] as [INTEGER] - [4]
01:55:14 DEBUG org.hibernate.SQL - 
    select
        p1_0.id,
        p1_0.color,
        p1_0.product_id,
        p1_0.quantity,
        p1_0.size 
    from
        product_variants p1_0 
    where
        p1_0.id=?
01:55:14 TRACE org.hibernate.orm.jdbc.bind - binding parameter [1] as [INTEGER] - [3]
01:55:14 DEBUG org.hibernate.SQL - 
    insert 
    into
        cart_items
        (cart_id,end_date,quantity,start_date,variant_id) 
    values
        (?,?,?,?,?)
01:55:14 TRACE org.hibernate.orm.jdbc.bind - binding parameter [1] as [INTEGER] - [3]
01:55:14 TRACE org.hibernate.orm.jdbc.bind - binding parameter [2] as [DATE] - [2026-04-21]
01:55:14 TRACE org.hibernate.orm.jdbc.bind - binding parameter [3] as [INTEGER] - [1]
01:55:14 TRACE org.hibernate.orm.jdbc.bind - binding parameter [4] as [DATE] - [2026-03-31]
01:55:14 TRACE org.hibernate.orm.jdbc.bind - binding parameter [5] as [INTEGER] - [3]
01:55:14 INFO  org.hibernate.SQL_SLOW - SlowQuery: 5 milliseconds. SQL: 'insert into cart_items (cart_id,end_date,quantity,start_date,variant_id) values (?,?,?,?,?)'
01:55:32 DEBUG org.hibernate.SQL - 
    select
        c1_0.id,
        c1_0.description,
        c1_0.gender,
        c1_0.name 
    from
        categories c1_0
01:55:32 DEBUG org.hibernate.SQL - 
    select
        u1_0.id,
        u1_0.address,
        u1_0.birthday,
        c1_0.id,
        c1_0.created_at,
        u1_0.created_at,
        u1_0.credit_limit,
        u1_0.email,
        u1_0.gender,
        u1_0.job,
        u1_0.name,
        u1_0.password_hash,
        u1_0.role 
    from
        users u1_0 
    left join
        carts c1_0 
            on u1_0.id=c1_0.user_id 
    where
        u1_0.id=?
01:55:32 TRACE org.hibernate.orm.jdbc.bind - binding parameter [1] as [INTEGER] - [4]
01:55:32 DEBUG org.hibernate.SQL - 
    select
        c1_0.cart_id,
        c1_0.id,
        c1_0.end_date,
        c1_0.quantity,
        c1_0.start_date,
        c1_0.variant_id 
    from
        cart_items c1_0 
    where
        c1_0.cart_id=?
01:55:32 TRACE org.hibernate.orm.jdbc.bind - binding parameter [1] as [INTEGER] - [3]
01:55:32 DEBUG org.hibernate.SQL - 
    select
        p1_0.id,
        p1_0.color,
        p1_0.product_id,
        p1_0.quantity,
        p1_0.size 
    from
        product_variants p1_0 
    where
        p1_0.id=?
01:55:32 TRACE org.hibernate.orm.jdbc.bind - binding parameter [1] as [INTEGER] - [3]
01:55:32 DEBUG org.hibernate.SQL - 
    select
        p1_0.id,
        p1_0.base_price,
        p1_0.category_id,
        p1_0.created_at,
        p1_0.description,
        p1_0.image_url,
        p1_0.name 
    from
        products p1_0 
    where
        p1_0.id=?
01:55:32 TRACE org.hibernate.orm.jdbc.bind - binding parameter [1] as [INTEGER] - [1]
01:55:32 DEBUG org.hibernate.SQL - 
    select
        c1_0.id,
        c1_0.description,
        c1_0.gender,
        c1_0.name 
    from
        categories c1_0 
    where
        c1_0.id=?
01:55:32 TRACE org.hibernate.orm.jdbc.bind - binding parameter [1] as [INTEGER] - [1]
01:56:16 DEBUG org.hibernate.SQL - 
    select
        c1_0.id,
        c1_0.description,
        c1_0.gender,
        c1_0.name 
    from
        categories c1_0
01:56:16 DEBUG org.hibernate.SQL - 
    select
        c1_0.id,
        c1_0.description,
        c1_0.gender,
        c1_0.name 
    from
        categories c1_0 
    where
        c1_0.gender=? 
    order by
        c1_0.name
01:56:16 TRACE org.hibernate.orm.jdbc.bind - binding parameter [1] as [VARCHAR] - [FEMALE]
01:56:16 DEBUG org.hibernate.SQL - 
    select
        c1_0.id,
        c1_0.description,
        c1_0.gender,
        c1_0.name 
    from
        categories c1_0 
    where
        c1_0.gender=? 
    order by
        c1_0.name
01:56:16 TRACE org.hibernate.orm.jdbc.bind - binding parameter [1] as [VARCHAR] - [MALE]
01:56:16 DEBUG org.hibernate.SQL - 
    select
        c1_0.id,
        c1_0.description,
        c1_0.gender,
        c1_0.name 
    from
        categories c1_0
01:56:16 DEBUG org.hibernate.SQL - 
    select
        c1_0.id,
        c1_0.description,
        c1_0.gender,
        c1_0.name 
    from
        categories c1_0
01:56:16 DEBUG org.hibernate.SQL - 
    select
        c1_0.id,
        c1_0.description,
        c1_0.gender,
        c1_0.name 
    from
        categories c1_0
01:56:16 DEBUG org.hibernate.SQL - 
    select
        p1_0.id 
    from
        products p1_0 
    where
        p1_0.created_at>=? 
    order by
        p1_0.created_at desc limit ?,
        ?
01:56:16 DEBUG org.hibernate.SQL - 
    select
        p1_0.id 
    from
        products p1_0 
    left join
        categories c1_0 
            on c1_0.id=p1_0.category_id 
    where
        (
            ? is null 
            or c1_0.gender=?
        ) 
        and (
            ? is null 
            or p1_0.base_price>=?
        ) 
        and (
            ? is null 
            or p1_0.base_price<=?
        ) 
    order by
        p1_0.created_at desc limit ?,
        ?
01:56:16 TRACE org.hibernate.orm.jdbc.bind - binding parameter [1] as [VARCHAR] - [FEMALE]
01:56:16 TRACE org.hibernate.orm.jdbc.bind - binding parameter [1] as [TIMESTAMP_UTC] - [2026-02-21T23:56:16.729143300Z]
01:56:16 DEBUG org.hibernate.SQL - 
    select
        p1_0.id 
    from
        products p1_0 
    left join
        categories c1_0 
            on c1_0.id=p1_0.category_id 
    where
        (
            ? is null 
            or c1_0.gender=?
        ) 
        and (
            ? is null 
            or p1_0.base_price>=?
        ) 
        and (
            ? is null 
            or p1_0.base_price<=?
        ) 
    order by
        p1_0.created_at desc limit ?,
        ?
01:56:16 TRACE org.hibernate.orm.jdbc.bind - binding parameter [2] as [VARCHAR] - [FEMALE]
01:56:16 TRACE org.hibernate.orm.jdbc.bind - binding parameter [2] as [INTEGER] - [0]
01:56:16 TRACE org.hibernate.orm.jdbc.bind - binding parameter [3] as [NUMERIC] - [null]
01:56:16 TRACE org.hibernate.orm.jdbc.bind - binding parameter [3] as [INTEGER] - [4]
01:56:16 TRACE org.hibernate.orm.jdbc.bind - binding parameter [4] as [NUMERIC] - [null]
01:56:16 TRACE org.hibernate.orm.jdbc.bind - binding parameter [5] as [NUMERIC] - [null]
01:56:16 TRACE org.hibernate.orm.jdbc.bind - binding parameter [6] as [NUMERIC] - [null]
01:56:16 TRACE org.hibernate.orm.jdbc.bind - binding parameter [7] as [INTEGER] - [0]
01:56:16 TRACE org.hibernate.orm.jdbc.bind - binding parameter [8] as [INTEGER] - [4]
01:56:16 TRACE org.hibernate.orm.jdbc.bind - binding parameter [1] as [VARCHAR] - [MALE]
01:56:16 TRACE org.hibernate.orm.jdbc.bind - binding parameter [2] as [VARCHAR] - [MALE]
01:56:16 TRACE org.hibernate.orm.jdbc.bind - binding parameter [3] as [NUMERIC] - [null]
01:56:16 TRACE org.hibernate.orm.jdbc.bind - binding parameter [4] as [NUMERIC] - [null]
01:56:16 DEBUG org.hibernate.SQL - 
    select
        distinct p1_0.id,
        p1_0.base_price,
        c1_0.id,
        c1_0.description,
        c1_0.gender,
        c1_0.name,
        p1_0.created_at,
        p1_0.description,
        p1_0.image_url,
        p1_0.name,
        p2_0.product_id,
        p2_0.id,
        p2_0.color,
        p2_0.quantity,
        p2_0.size 
    from
        products p1_0 
    left join
        product_variants p2_0 
            on p1_0.id=p2_0.product_id 
    left join
        categories c1_0 
            on c1_0.id=p1_0.category_id 
    where
        p1_0.id in(?,?,?,?) 
    order by
        p1_0.created_at desc,
        p2_0.id
01:56:16 TRACE org.hibernate.orm.jdbc.bind - binding parameter [5] as [NUMERIC] - [null]
01:56:16 TRACE org.hibernate.orm.jdbc.bind - binding parameter [6] as [NUMERIC] - [null]
01:56:16 DEBUG org.hibernate.SQL - 
    select
        distinct p1_0.id,
        p1_0.base_price,
        c1_0.id,
        c1_0.description,
        c1_0.gender,
        c1_0.name,
        p1_0.created_at,
        p1_0.description,
        p1_0.image_url,
        p1_0.name,
        p2_0.product_id,
        p2_0.id,
        p2_0.color,
        p2_0.quantity,
        p2_0.size 
    from
        products p1_0 
    left join
        product_variants p2_0 
            on p1_0.id=p2_0.product_id 
    left join
        categories c1_0 
            on c1_0.id=p1_0.category_id 
    where
        p1_0.id in(?,?,?,?) 
    order by
        p1_0.created_at desc,
        p2_0.id
01:56:16 TRACE org.hibernate.orm.jdbc.bind - binding parameter [7] as [INTEGER] - [0]
01:56:16 TRACE org.hibernate.orm.jdbc.bind - binding parameter [8] as [INTEGER] - [4]
01:56:16 TRACE org.hibernate.orm.jdbc.bind - binding parameter [1] as [INTEGER] - [1]
01:56:16 TRACE org.hibernate.orm.jdbc.bind - binding parameter [1] as [INTEGER] - [1]
01:56:16 TRACE org.hibernate.orm.jdbc.bind - binding parameter [2] as [INTEGER] - [8]
01:56:16 TRACE org.hibernate.orm.jdbc.bind - binding parameter [2] as [INTEGER] - [8]
01:56:16 TRACE org.hibernate.orm.jdbc.bind - binding parameter [3] as [INTEGER] - [2]
01:56:16 TRACE org.hibernate.orm.jdbc.bind - binding parameter [3] as [INTEGER] - [2]
01:56:16 TRACE org.hibernate.orm.jdbc.bind - binding parameter [4] as [INTEGER] - [3]
01:56:16 TRACE org.hibernate.orm.jdbc.bind - binding parameter [4] as [INTEGER] - [3]
01:56:16 DEBUG org.hibernate.SQL - 
    select
        distinct p1_0.id,
        p1_0.base_price,
        c1_0.id,
        c1_0.description,
        c1_0.gender,
        c1_0.name,
        p1_0.created_at,
        p1_0.description,
        p1_0.image_url,
        p1_0.name,
        p2_0.product_id,
        p2_0.id,
        p2_0.color,
        p2_0.quantity,
        p2_0.size 
    from
        products p1_0 
    left join
        product_variants p2_0 
            on p1_0.id=p2_0.product_id 
    left join
        categories c1_0 
            on c1_0.id=p1_0.category_id 
    where
        p1_0.id in(?,?) 
    order by
        p1_0.created_at desc,
        p2_0.id
01:56:16 DEBUG org.hibernate.SQL - 
    select
        count(distinct p1_0.id) 
    from
        products p1_0 
    left join
        categories c1_0 
            on c1_0.id=p1_0.category_id 
    where
        (
            ? is null 
            or c1_0.gender=?
        ) 
        and (
            ? is null 
            or p1_0.base_price>=?
        ) 
        and (
            ? is null 
            or p1_0.base_price<=?
        )
01:56:16 DEBUG org.hibernate.SQL - 
    select
        count(p1_0.id) 
    from
        products p1_0 
    where
        p1_0.created_at>=?
01:56:16 TRACE org.hibernate.orm.jdbc.bind - binding parameter [1] as [VARCHAR] - [FEMALE]
01:56:16 TRACE org.hibernate.orm.jdbc.bind - binding parameter [1] as [TIMESTAMP_UTC] - [2026-02-21T23:56:16.739278900Z]
01:56:16 TRACE org.hibernate.orm.jdbc.bind - binding parameter [1] as [INTEGER] - [6]
01:56:16 TRACE org.hibernate.orm.jdbc.bind - binding parameter [2] as [VARCHAR] - [FEMALE]
01:56:16 TRACE org.hibernate.orm.jdbc.bind - binding parameter [3] as [NUMERIC] - [null]
01:56:16 TRACE org.hibernate.orm.jdbc.bind - binding parameter [4] as [NUMERIC] - [null]
01:56:16 TRACE org.hibernate.orm.jdbc.bind - binding parameter [5] as [NUMERIC] - [null]
01:56:16 TRACE org.hibernate.orm.jdbc.bind - binding parameter [6] as [NUMERIC] - [null]
01:56:16 TRACE org.hibernate.orm.jdbc.bind - binding parameter [2] as [INTEGER] - [7]
01:56:16 DEBUG org.hibernate.SQL - 
    select
        min(p1_0.base_price),
        max(p1_0.base_price) 
    from
        products p1_0 
    left join
        categories c1_0 
            on c1_0.id=p1_0.category_id 
    where
        (
            ? is null 
            or c1_0.gender=?
        )
01:56:16 TRACE org.hibernate.orm.jdbc.bind - binding parameter [1] as [VARCHAR] - [null]
01:56:16 TRACE org.hibernate.orm.jdbc.bind - binding parameter [2] as [VARCHAR] - [null]
01:56:16 INFO  org.hibernate.SQL_SLOW - SlowQuery: 2 milliseconds. SQL: 'com.mysql.cj.jdbc.ClientPreparedStatement: select distinct p1_0.id,p1_0.base_price,c1_0.id,c1_0.description,c1_0.gender,c1_0.name,p1_0.created_at,p1_0.description,p1_0.image_url,p1_0.name,p2_0.product_id,p2_0.id,p2_0.color,p2_0.quantity,p2_0.size from products p1_0 left join product_variants p2_0 on p1_0.id=p2_0.product_id left join categories c1_0 on c1_0.id=p1_0.category_id where p1_0.id in(6,7) order by p1_0.created_at desc,p2_0.id'
01:56:16 DEBUG org.hibernate.SQL - 
    select
        min(p1_0.base_price),
        max(p1_0.base_price) 
    from
        products p1_0 
    left join
        categories c1_0 
            on c1_0.id=p1_0.category_id 
    where
        (
            ? is null 
            or c1_0.gender=?
        )
01:56:16 DEBUG org.hibernate.SQL - 
    select
        p1_0.id,
        p1_0.color,
        p1_0.image_url,
        p1_0.product_id 
    from
        product_images p1_0 
    where
        p1_0.product_id in(?,?,?,?) 
        and p1_0.id=(
            select
                min(p3_0.id) 
            from
                product_images p3_0,
                products p5_0 
            where
                p3_0.product_id=p5_0.id 
                and p3_0.color=p1_0.color 
                and p5_0.id=p1_0.product_id
        ) 
    order by
        p1_0.product_id,
        p1_0.id
01:56:16 TRACE org.hibernate.orm.jdbc.bind - binding parameter [1] as [INTEGER] - [1]
01:56:16 TRACE org.hibernate.orm.jdbc.bind - binding parameter [1] as [VARCHAR] - [FEMALE]
01:56:16 TRACE org.hibernate.orm.jdbc.bind - binding parameter [2] as [INTEGER] - [8]
01:56:16 TRACE org.hibernate.orm.jdbc.bind - binding parameter [3] as [INTEGER] - [2]
01:56:16 TRACE org.hibernate.orm.jdbc.bind - binding parameter [2] as [VARCHAR] - [FEMALE]
01:56:16 TRACE org.hibernate.orm.jdbc.bind - binding parameter [4] as [INTEGER] - [3]
01:56:16 DEBUG org.hibernate.SQL - 
    select
        count(distinct p1_0.id) 
    from
        products p1_0 
    left join
        categories c1_0 
            on c1_0.id=p1_0.category_id 
    where
        (
            ? is null 
            or c1_0.gender=?
        ) 
        and (
            ? is null 
            or p1_0.base_price>=?
        ) 
        and (
            ? is null 
            or p1_0.base_price<=?
        )
01:56:16 TRACE org.hibernate.orm.jdbc.bind - binding parameter [1] as [VARCHAR] - [MALE]
01:56:16 TRACE org.hibernate.orm.jdbc.bind - binding parameter [2] as [VARCHAR] - [MALE]
01:56:16 TRACE org.hibernate.orm.jdbc.bind - binding parameter [3] as [NUMERIC] - [null]
01:56:16 TRACE org.hibernate.orm.jdbc.bind - binding parameter [4] as [NUMERIC] - [null]
01:56:16 TRACE org.hibernate.orm.jdbc.bind - binding parameter [5] as [NUMERIC] - [null]
01:56:16 TRACE org.hibernate.orm.jdbc.bind - binding parameter [6] as [NUMERIC] - [null]
01:56:16 DEBUG org.hibernate.SQL - 
    select
        min(p1_0.base_price),
        max(p1_0.base_price) 
    from
        products p1_0 
    left join
        categories c1_0 
            on c1_0.id=p1_0.category_id 
    where
        (
            ? is null 
            or c1_0.gender=?
        )
01:56:16 DEBUG org.hibernate.SQL - 
    select
        p1_0.id,
        p1_0.color,
        p1_0.image_url,
        p1_0.product_id 
    from
        product_images p1_0 
    where
        p1_0.product_id in(?,?,?,?) 
        and p1_0.id=(
            select
                min(p3_0.id) 
            from
                product_images p3_0,
                products p5_0 
            where
                p3_0.product_id=p5_0.id 
                and p3_0.color=p1_0.color 
                and p5_0.id=p1_0.product_id
        ) 
    order by
        p1_0.product_id,
        p1_0.id
01:56:16 TRACE org.hibernate.orm.jdbc.bind - binding parameter [1] as [INTEGER] - [1]
01:56:16 TRACE org.hibernate.orm.jdbc.bind - binding parameter [1] as [VARCHAR] - [MALE]
01:56:16 TRACE org.hibernate.orm.jdbc.bind - binding parameter [2] as [INTEGER] - [8]
01:56:16 TRACE org.hibernate.orm.jdbc.bind - binding parameter [3] as [INTEGER] - [2]
01:56:16 TRACE org.hibernate.orm.jdbc.bind - binding parameter [4] as [INTEGER] - [3]
01:56:16 TRACE org.hibernate.orm.jdbc.bind - binding parameter [2] as [VARCHAR] - [MALE]
01:56:16 DEBUG org.hibernate.SQL - 
    select
        p1_0.id,
        p1_0.color,
        p1_0.image_url,
        p1_0.product_id 
    from
        product_images p1_0 
    where
        p1_0.product_id in(?,?) 
        and p1_0.id=(
            select
                min(p3_0.id) 
            from
                product_images p3_0,
                products p5_0 
            where
                p3_0.product_id=p5_0.id 
                and p3_0.color=p1_0.color 
                and p5_0.id=p1_0.product_id
        ) 
    order by
        p1_0.product_id,
        p1_0.id
01:56:16 TRACE org.hibernate.orm.jdbc.bind - binding parameter [1] as [INTEGER] - [6]
01:56:16 TRACE org.hibernate.orm.jdbc.bind - binding parameter [2] as [INTEGER] - [7]
01:56:59 DEBUG org.hibernate.SQL - 
    select
        c1_0.id,
        c1_0.description,
        c1_0.gender,
        c1_0.name 
    from
        categories c1_0
01:56:59 DEBUG org.hibernate.SQL - 
    select
        c1_0.id,
        c1_0.description,
        c1_0.gender,
        c1_0.name 
    from
        categories c1_0
01:57:13 DEBUG org.hibernate.SQL - 
    select
        c1_0.id,
        c1_0.description,
        c1_0.gender,
        c1_0.name 
    from
        categories c1_0
01:57:13 DEBUG org.hibernate.SQL - 
    select
        u1_0.id,
        u1_0.address,
        u1_0.birthday,
        u1_0.created_at,
        u1_0.credit_limit,
        u1_0.email,
        u1_0.gender,
        u1_0.job,
        u1_0.name,
        u1_0.password_hash,
        u1_0.role 
    from
        users u1_0 
    where
        u1_0.email=?
01:57:13 TRACE org.hibernate.orm.jdbc.bind - binding parameter [1] as [VARCHAR] - [admin@rentawear.com]
01:57:13 DEBUG org.hibernate.SQL - 
    select
        c1_0.id,
        c1_0.created_at,
        c1_0.user_id 
    from
        carts c1_0 
    where
        c1_0.user_id=?
01:57:13 TRACE org.hibernate.orm.jdbc.bind - binding parameter [1] as [INTEGER] - [1]
01:57:13 DEBUG org.hibernate.SQL - 
    select
        i1_0.user_id,
        i1_0.id,
        i1_0.category_id 
    from
        user_category i1_0 
    where
        i1_0.user_id=?
01:57:13 TRACE org.hibernate.orm.jdbc.bind - binding parameter [1] as [INTEGER] - [1]
01:57:13 DEBUG org.hibernate.SQL - 
    select
        p1_0.user_id,
        p1_0.id,
        p1_0.card_number,
        p1_0.card_type,
        p1_0.cardholder_name,
        p1_0.cvv,
        p1_0.expiry_month,
        p1_0.expiry_year 
    from
        payment_cards p1_0 
    where
        p1_0.user_id=?
01:57:13 TRACE org.hibernate.orm.jdbc.bind - binding parameter [1] as [INTEGER] - [1]
01:57:13 DEBUG org.hibernate.SQL - 
    select
        c1_0.id,
        c1_0.description,
        c1_0.gender,
        c1_0.name 
    from
        categories c1_0
01:57:13 DEBUG org.hibernate.SQL - 
    select
        c1_0.id,
        c1_0.description,
        c1_0.gender,
        c1_0.name 
    from
        categories c1_0
01:57:14 DEBUG org.hibernate.SQL - 
    select
        c1_0.id,
        c1_0.description,
        c1_0.gender,
        c1_0.name 
    from
        categories c1_0
01:57:14 DEBUG org.hibernate.SQL - 
    select
        p1_0.id 
    from
        products p1_0 
    left join
        categories c1_0 
            on c1_0.id=p1_0.category_id 
    where
        (
            ? is null 
            or c1_0.gender=?
        ) 
        and (
            ? is null 
            or p1_0.base_price>=?
        ) 
        and (
            ? is null 
            or p1_0.base_price<=?
        ) 
    order by
        p1_0.created_at desc limit ?,
        ?
01:57:14 TRACE org.hibernate.orm.jdbc.bind - binding parameter [1] as [VARCHAR] - [null]
01:57:14 TRACE org.hibernate.orm.jdbc.bind - binding parameter [2] as [VARCHAR] - [null]
01:57:14 TRACE org.hibernate.orm.jdbc.bind - binding parameter [3] as [NUMERIC] - [null]
01:57:14 TRACE org.hibernate.orm.jdbc.bind - binding parameter [4] as [NUMERIC] - [null]
01:57:14 TRACE org.hibernate.orm.jdbc.bind - binding parameter [5] as [NUMERIC] - [null]
01:57:14 TRACE org.hibernate.orm.jdbc.bind - binding parameter [6] as [NUMERIC] - [null]
01:57:14 TRACE org.hibernate.orm.jdbc.bind - binding parameter [7] as [INTEGER] - [0]
01:57:14 TRACE org.hibernate.orm.jdbc.bind - binding parameter [8] as [INTEGER] - [20]
01:57:14 DEBUG org.hibernate.SQL - 
    select
        distinct p1_0.id,
        p1_0.base_price,
        c1_0.id,
        c1_0.description,
        c1_0.gender,
        c1_0.name,
        p1_0.created_at,
        p1_0.description,
        p1_0.image_url,
        p1_0.name,
        p2_0.product_id,
        p2_0.id,
        p2_0.color,
        p2_0.quantity,
        p2_0.size 
    from
        products p1_0 
    left join
        product_variants p2_0 
            on p1_0.id=p2_0.product_id 
    left join
        categories c1_0 
            on c1_0.id=p1_0.category_id 
    where
        p1_0.id in(?,?,?,?,?,?,?,?) 
    order by
        p1_0.created_at desc,
        p2_0.id
01:57:14 TRACE org.hibernate.orm.jdbc.bind - binding parameter [1] as [INTEGER] - [1]
01:57:14 TRACE org.hibernate.orm.jdbc.bind - binding parameter [2] as [INTEGER] - [8]
01:57:14 TRACE org.hibernate.orm.jdbc.bind - binding parameter [3] as [INTEGER] - [2]
01:57:14 TRACE org.hibernate.orm.jdbc.bind - binding parameter [4] as [INTEGER] - [3]
01:57:14 TRACE org.hibernate.orm.jdbc.bind - binding parameter [5] as [INTEGER] - [4]
01:57:14 TRACE org.hibernate.orm.jdbc.bind - binding parameter [6] as [INTEGER] - [5]
01:57:14 TRACE org.hibernate.orm.jdbc.bind - binding parameter [7] as [INTEGER] - [6]
01:57:14 TRACE org.hibernate.orm.jdbc.bind - binding parameter [8] as [INTEGER] - [7]
01:57:14 INFO  org.hibernate.SQL_SLOW - SlowQuery: 3 milliseconds. SQL: 'com.mysql.cj.jdbc.ClientPreparedStatement: select distinct p1_0.id,p1_0.base_price,c1_0.id,c1_0.description,c1_0.gender,c1_0.name,p1_0.created_at,p1_0.description,p1_0.image_url,p1_0.name,p2_0.product_id,p2_0.id,p2_0.color,p2_0.quantity,p2_0.size from products p1_0 left join product_variants p2_0 on p1_0.id=p2_0.product_id left join categories c1_0 on c1_0.id=p1_0.category_id where p1_0.id in(1,8,2,3,4,5,6,7) order by p1_0.created_at desc,p2_0.id'
01:57:14 DEBUG org.hibernate.SQL - 
    select
        count(distinct p1_0.id) 
    from
        products p1_0 
    left join
        categories c1_0 
            on c1_0.id=p1_0.category_id 
    where
        (
            ? is null 
            or c1_0.gender=?
        ) 
        and (
            ? is null 
            or p1_0.base_price>=?
        ) 
        and (
            ? is null 
            or p1_0.base_price<=?
        )
01:57:14 TRACE org.hibernate.orm.jdbc.bind - binding parameter [1] as [VARCHAR] - [null]
01:57:14 TRACE org.hibernate.orm.jdbc.bind - binding parameter [2] as [VARCHAR] - [null]
01:57:14 TRACE org.hibernate.orm.jdbc.bind - binding parameter [3] as [NUMERIC] - [null]
01:57:14 TRACE org.hibernate.orm.jdbc.bind - binding parameter [4] as [NUMERIC] - [null]
01:57:14 TRACE org.hibernate.orm.jdbc.bind - binding parameter [5] as [NUMERIC] - [null]
01:57:14 TRACE org.hibernate.orm.jdbc.bind - binding parameter [6] as [NUMERIC] - [null]
01:57:14 DEBUG org.hibernate.SQL - 
    select
        p1_0.id,
        p1_0.color,
        p1_0.product_id,
        p1_0.quantity,
        p1_0.size 
    from
        product_variants p1_0 
    where
        p1_0.product_id in(?,?,?,?,?,?,?,?) 
    order by
        p1_0.product_id,
        p1_0.id
01:57:14 TRACE org.hibernate.orm.jdbc.bind - binding parameter [1] as [INTEGER] - [1]
01:57:14 TRACE org.hibernate.orm.jdbc.bind - binding parameter [2] as [INTEGER] - [8]
01:57:14 TRACE org.hibernate.orm.jdbc.bind - binding parameter [3] as [INTEGER] - [2]
01:57:14 TRACE org.hibernate.orm.jdbc.bind - binding parameter [4] as [INTEGER] - [3]
01:57:14 TRACE org.hibernate.orm.jdbc.bind - binding parameter [5] as [INTEGER] - [4]
01:57:14 TRACE org.hibernate.orm.jdbc.bind - binding parameter [6] as [INTEGER] - [5]
01:57:14 TRACE org.hibernate.orm.jdbc.bind - binding parameter [7] as [INTEGER] - [6]
01:57:14 TRACE org.hibernate.orm.jdbc.bind - binding parameter [8] as [INTEGER] - [7]
01:57:20 DEBUG org.hibernate.SQL - 
    select
        c1_0.id,
        c1_0.description,
        c1_0.gender,
        c1_0.name 
    from
        categories c1_0
01:57:20 DEBUG org.hibernate.SQL - 
    select
        p1_0.id,
        p1_0.base_price,
        p1_0.category_id,
        p1_0.created_at,
        p1_0.description,
        p1_0.image_url,
        p1_0.name 
    from
        products p1_0 
    where
        p1_0.id=?
01:57:20 TRACE org.hibernate.orm.jdbc.bind - binding parameter [1] as [INTEGER] - [8]
01:57:20 DEBUG org.hibernate.SQL - 
    select
        p1_0.id,
        p1_0.color,
        p1_0.product_id,
        p1_0.quantity,
        p1_0.size 
    from
        product_variants p1_0 
    where
        p1_0.product_id=? 
    order by
        p1_0.id
01:57:20 TRACE org.hibernate.orm.jdbc.bind - binding parameter [1] as [INTEGER] - [8]
01:57:20 DEBUG org.hibernate.SQL - 
    select
        c1_0.id,
        c1_0.description,
        c1_0.gender,
        c1_0.name 
    from
        categories c1_0 
    where
        c1_0.id=?
01:57:20 TRACE org.hibernate.orm.jdbc.bind - binding parameter [1] as [INTEGER] - [1]
01:57:25 DEBUG org.hibernate.SQL - 
    select
        c1_0.id,
        c1_0.description,
        c1_0.gender,
        c1_0.name 
    from
        categories c1_0
01:57:25 DEBUG org.hibernate.SQL - 
    select
        p1_0.id,
        p1_0.base_price,
        p1_0.category_id,
        p1_0.created_at,
        p1_0.description,
        p1_0.image_url,
        p1_0.name 
    from
        products p1_0 
    where
        p1_0.id=?
01:57:25 TRACE org.hibernate.orm.jdbc.bind - binding parameter [1] as [INTEGER] - [8]
01:57:25 DEBUG org.hibernate.SQL - 
    select
        p1_0.id,
        p1_0.color,
        p1_0.product_id,
        p1_0.quantity,
        p1_0.size 
    from
        product_variants p1_0 
    where
        p1_0.product_id=? 
    order by
        p1_0.id
01:57:25 TRACE org.hibernate.orm.jdbc.bind - binding parameter [1] as [INTEGER] - [8]
01:57:25 DEBUG org.hibernate.SQL - 
    select
        c1_0.id,
        c1_0.description,
        c1_0.gender,
        c1_0.name 
    from
        categories c1_0 
    where
        c1_0.id=?
01:57:25 TRACE org.hibernate.orm.jdbc.bind - binding parameter [1] as [INTEGER] - [1]
01:57:30 DEBUG org.hibernate.SQL - 
    select
        c1_0.id,
        c1_0.description,
        c1_0.gender,
        c1_0.name 
    from
        categories c1_0
01:57:30 DEBUG org.hibernate.SQL - 
    select
        p1_0.id,
        p1_0.base_price,
        p1_0.category_id,
        p1_0.created_at,
        p1_0.description,
        p1_0.image_url,
        p1_0.name 
    from
        products p1_0 
    where
        p1_0.id=?
01:57:30 TRACE org.hibernate.orm.jdbc.bind - binding parameter [1] as [INTEGER] - [8]
01:57:30 DEBUG org.hibernate.SQL - 
    select
        c1_0.id,
        c1_0.description,
        c1_0.gender,
        c1_0.name 
    from
        categories c1_0 
    where
        c1_0.id=?
01:57:30 TRACE org.hibernate.orm.jdbc.bind - binding parameter [1] as [INTEGER] - [1]
01:57:30 DEBUG org.hibernate.SQL - 
    select
        p1_0.product_id,
        p1_0.id,
        p1_0.color,
        p1_0.quantity,
        p1_0.size 
    from
        product_variants p1_0 
    where
        p1_0.product_id=? 
    order by
        p1_0.id
01:57:30 TRACE org.hibernate.orm.jdbc.bind - binding parameter [1] as [INTEGER] - [8]
01:57:30 DEBUG org.hibernate.SQL - 
    update
        product_variants 
    set
        color=?,
        product_id=?,
        quantity=?,
        size=? 
    where
        id=?
01:57:30 TRACE org.hibernate.orm.jdbc.bind - binding parameter [1] as [VARCHAR] - [#adebff-sky blue]
01:57:30 TRACE org.hibernate.orm.jdbc.bind - binding parameter [2] as [INTEGER] - [8]
01:57:30 TRACE org.hibernate.orm.jdbc.bind - binding parameter [3] as [INTEGER] - [1]
01:57:30 TRACE org.hibernate.orm.jdbc.bind - binding parameter [4] as [VARCHAR] - [S]
01:57:30 TRACE org.hibernate.orm.jdbc.bind - binding parameter [5] as [INTEGER] - [60]
01:57:30 DEBUG org.hibernate.SQL - 
    select
        p1_0.id,
        p1_0.color,
        p1_0.product_id,
        p1_0.quantity,
        p1_0.size 
    from
        product_variants p1_0 
    where
        p1_0.product_id=? 
    order by
        p1_0.id
01:57:30 TRACE org.hibernate.orm.jdbc.bind - binding parameter [1] as [INTEGER] - [8]
01:57:30 DEBUG org.hibernate.SQL - 
    select
        c1_0.id,
        c1_0.description,
        c1_0.gender,
        c1_0.name 
    from
        categories c1_0
01:57:30 DEBUG org.hibernate.SQL - 
    select
        p1_0.id 
    from
        products p1_0 
    left join
        categories c1_0 
            on c1_0.id=p1_0.category_id 
    where
        (
            ? is null 
            or c1_0.gender=?
        ) 
        and (
            ? is null 
            or p1_0.base_price>=?
        ) 
        and (
            ? is null 
            or p1_0.base_price<=?
        ) 
    order by
        p1_0.created_at desc limit ?,
        ?
01:57:30 TRACE org.hibernate.orm.jdbc.bind - binding parameter [1] as [VARCHAR] - [null]
01:57:30 TRACE org.hibernate.orm.jdbc.bind - binding parameter [2] as [VARCHAR] - [null]
01:57:30 TRACE org.hibernate.orm.jdbc.bind - binding parameter [3] as [NUMERIC] - [null]
01:57:30 TRACE org.hibernate.orm.jdbc.bind - binding parameter [4] as [NUMERIC] - [null]
01:57:30 TRACE org.hibernate.orm.jdbc.bind - binding parameter [5] as [NUMERIC] - [null]
01:57:30 TRACE org.hibernate.orm.jdbc.bind - binding parameter [6] as [NUMERIC] - [null]
01:57:30 TRACE org.hibernate.orm.jdbc.bind - binding parameter [7] as [INTEGER] - [0]
01:57:30 TRACE org.hibernate.orm.jdbc.bind - binding parameter [8] as [INTEGER] - [20]
01:57:30 DEBUG org.hibernate.SQL - 
    select
        distinct p1_0.id,
        p1_0.base_price,
        c1_0.id,
        c1_0.description,
        c1_0.gender,
        c1_0.name,
        p1_0.created_at,
        p1_0.description,
        p1_0.image_url,
        p1_0.name,
        p2_0.product_id,
        p2_0.id,
        p2_0.color,
        p2_0.quantity,
        p2_0.size 
    from
        products p1_0 
    left join
        product_variants p2_0 
            on p1_0.id=p2_0.product_id 
    left join
        categories c1_0 
            on c1_0.id=p1_0.category_id 
    where
        p1_0.id in(?,?,?,?,?,?,?,?) 
    order by
        p1_0.created_at desc,
        p2_0.id
01:57:30 TRACE org.hibernate.orm.jdbc.bind - binding parameter [1] as [INTEGER] - [1]
01:57:30 TRACE org.hibernate.orm.jdbc.bind - binding parameter [2] as [INTEGER] - [8]
01:57:30 TRACE org.hibernate.orm.jdbc.bind - binding parameter [3] as [INTEGER] - [2]
01:57:30 TRACE org.hibernate.orm.jdbc.bind - binding parameter [4] as [INTEGER] - [3]
01:57:30 TRACE org.hibernate.orm.jdbc.bind - binding parameter [5] as [INTEGER] - [4]
01:57:30 TRACE org.hibernate.orm.jdbc.bind - binding parameter [6] as [INTEGER] - [5]
01:57:30 TRACE org.hibernate.orm.jdbc.bind - binding parameter [7] as [INTEGER] - [6]
01:57:30 TRACE org.hibernate.orm.jdbc.bind - binding parameter [8] as [INTEGER] - [7]
01:57:30 DEBUG org.hibernate.SQL - 
    select
        count(distinct p1_0.id) 
    from
        products p1_0 
    left join
        categories c1_0 
            on c1_0.id=p1_0.category_id 
    where
        (
            ? is null 
            or c1_0.gender=?
        ) 
        and (
            ? is null 
            or p1_0.base_price>=?
        ) 
        and (
            ? is null 
            or p1_0.base_price<=?
        )
01:57:30 TRACE org.hibernate.orm.jdbc.bind - binding parameter [1] as [VARCHAR] - [null]
01:57:30 TRACE org.hibernate.orm.jdbc.bind - binding parameter [2] as [VARCHAR] - [null]
01:57:30 TRACE org.hibernate.orm.jdbc.bind - binding parameter [3] as [NUMERIC] - [null]
01:57:30 TRACE org.hibernate.orm.jdbc.bind - binding parameter [4] as [NUMERIC] - [null]
01:57:30 TRACE org.hibernate.orm.jdbc.bind - binding parameter [5] as [NUMERIC] - [null]
01:57:30 TRACE org.hibernate.orm.jdbc.bind - binding parameter [6] as [NUMERIC] - [null]
01:57:30 DEBUG org.hibernate.SQL - 
    select
        p1_0.id,
        p1_0.color,
        p1_0.product_id,
        p1_0.quantity,
        p1_0.size 
    from
        product_variants p1_0 
    where
        p1_0.product_id in(?,?,?,?,?,?,?,?) 
    order by
        p1_0.product_id,
        p1_0.id
01:57:30 TRACE org.hibernate.orm.jdbc.bind - binding parameter [1] as [INTEGER] - [1]
01:57:30 TRACE org.hibernate.orm.jdbc.bind - binding parameter [2] as [INTEGER] - [8]
01:57:30 TRACE org.hibernate.orm.jdbc.bind - binding parameter [3] as [INTEGER] - [2]
01:57:30 TRACE org.hibernate.orm.jdbc.bind - binding parameter [4] as [INTEGER] - [3]
01:57:30 TRACE org.hibernate.orm.jdbc.bind - binding parameter [5] as [INTEGER] - [4]
01:57:30 TRACE org.hibernate.orm.jdbc.bind - binding parameter [6] as [INTEGER] - [5]
01:57:30 TRACE org.hibernate.orm.jdbc.bind - binding parameter [7] as [INTEGER] - [6]
01:57:30 TRACE org.hibernate.orm.jdbc.bind - binding parameter [8] as [INTEGER] - [7]
01:57:33 DEBUG org.hibernate.SQL - 
    select
        c1_0.id,
        c1_0.description,
        c1_0.gender,
        c1_0.name 
    from
        categories c1_0
01:57:33 DEBUG org.hibernate.SQL - 
    select
        c1_0.id,
        c1_0.description,
        c1_0.gender,
        c1_0.name 
    from
        categories c1_0 
    where
        c1_0.gender=? 
    order by
        c1_0.name
01:57:33 TRACE org.hibernate.orm.jdbc.bind - binding parameter [1] as [VARCHAR] - [FEMALE]
01:57:33 DEBUG org.hibernate.SQL - 
    select
        c1_0.id,
        c1_0.description,
        c1_0.gender,
        c1_0.name 
    from
        categories c1_0 
    where
        c1_0.gender=? 
    order by
        c1_0.name
01:57:33 TRACE org.hibernate.orm.jdbc.bind - binding parameter [1] as [VARCHAR] - [MALE]
01:57:33 DEBUG org.hibernate.SQL - 
    select
        u1_0.id,
        u1_0.address,
        u1_0.birthday,
        c1_0.id,
        c1_0.created_at,
        u1_0.created_at,
        u1_0.credit_limit,
        u1_0.email,
        u1_0.gender,
        u1_0.job,
        u1_0.name,
        u1_0.password_hash,
        u1_0.role 
    from
        users u1_0 
    left join
        carts c1_0 
            on u1_0.id=c1_0.user_id 
    where
        u1_0.id=?
01:57:33 TRACE org.hibernate.orm.jdbc.bind - binding parameter [1] as [INTEGER] - [4]
01:57:33 DEBUG org.hibernate.SQL - 
    select
        c1_0.cart_id,
        c1_0.id,
        c1_0.end_date,
        c1_0.quantity,
        c1_0.start_date,
        c1_0.variant_id 
    from
        cart_items c1_0 
    where
        c1_0.cart_id=?
01:57:33 TRACE org.hibernate.orm.jdbc.bind - binding parameter [1] as [INTEGER] - [3]
01:57:33 DEBUG org.hibernate.SQL - 
    select
        c1_0.id,
        c1_0.description,
        c1_0.gender,
        c1_0.name 
    from
        categories c1_0
01:57:33 DEBUG org.hibernate.SQL - 
    select
        c1_0.id,
        c1_0.description,
        c1_0.gender,
        c1_0.name 
    from
        categories c1_0
01:57:33 DEBUG org.hibernate.SQL - 
    select
        c1_0.id,
        c1_0.description,
        c1_0.gender,
        c1_0.name 
    from
        categories c1_0
01:57:33 DEBUG org.hibernate.SQL - 
    select
        p1_0.id,
        p1_0.color,
        p1_0.product_id,
        p1_0.quantity,
        p1_0.size 
    from
        product_variants p1_0 
    where
        p1_0.id=?
01:57:33 TRACE org.hibernate.orm.jdbc.bind - binding parameter [1] as [INTEGER] - [3]
01:57:33 DEBUG org.hibernate.SQL - 
    select
        p1_0.id 
    from
        products p1_0 
    where
        p1_0.created_at>=? 
    order by
        p1_0.created_at desc limit ?,
        ?
01:57:33 DEBUG org.hibernate.SQL - 
    select
        c1_0.id,
        c1_0.description,
        c1_0.gender,
        c1_0.name 
    from
        categories c1_0
01:57:33 DEBUG org.hibernate.SQL - 
    select
        p1_0.id 
    from
        products p1_0 
    left join
        categories c1_0 
            on c1_0.id=p1_0.category_id 
    where
        (
            ? is null 
            or c1_0.gender=?
        ) 
        and (
            ? is null 
            or p1_0.base_price>=?
        ) 
        and (
            ? is null 
            or p1_0.base_price<=?
        ) 
    order by
        p1_0.created_at desc limit ?,
        ?
01:57:33 DEBUG org.hibernate.SQL - 
    select
        p1_0.id 
    from
        products p1_0 
    left join
        categories c1_0 
            on c1_0.id=p1_0.category_id 
    where
        (
            ? is null 
            or c1_0.gender=?
        ) 
        and (
            ? is null 
            or p1_0.base_price>=?
        ) 
        and (
            ? is null 
            or p1_0.base_price<=?
        ) 
    order by
        p1_0.created_at desc limit ?,
        ?
01:57:33 DEBUG org.hibernate.SQL - 
    select
        p1_0.id,
        p1_0.base_price,
        p1_0.category_id,
        p1_0.created_at,
        p1_0.description,
        p1_0.image_url,
        p1_0.name 
    from
        products p1_0 
    where
        p1_0.id=?
01:57:33 TRACE org.hibernate.orm.jdbc.bind - binding parameter [1] as [VARCHAR] - [FEMALE]
01:57:33 TRACE org.hibernate.orm.jdbc.bind - binding parameter [1] as [TIMESTAMP_UTC] - [2026-02-21T23:57:33.149853400Z]
01:57:33 TRACE org.hibernate.orm.jdbc.bind - binding parameter [2] as [VARCHAR] - [FEMALE]
01:57:33 TRACE org.hibernate.orm.jdbc.bind - binding parameter [2] as [INTEGER] - [0]
01:57:33 TRACE org.hibernate.orm.jdbc.bind - binding parameter [3] as [NUMERIC] - [null]
01:57:33 TRACE org.hibernate.orm.jdbc.bind - binding parameter [3] as [INTEGER] - [4]
01:57:33 TRACE org.hibernate.orm.jdbc.bind - binding parameter [4] as [NUMERIC] - [null]
01:57:33 TRACE org.hibernate.orm.jdbc.bind - binding parameter [5] as [NUMERIC] - [null]
01:57:33 TRACE org.hibernate.orm.jdbc.bind - binding parameter [6] as [NUMERIC] - [null]
01:57:33 TRACE org.hibernate.orm.jdbc.bind - binding parameter [7] as [INTEGER] - [0]
01:57:33 TRACE org.hibernate.orm.jdbc.bind - binding parameter [8] as [INTEGER] - [4]
01:57:33 TRACE org.hibernate.orm.jdbc.bind - binding parameter [1] as [INTEGER] - [1]
01:57:33 TRACE org.hibernate.orm.jdbc.bind - binding parameter [1] as [VARCHAR] - [MALE]
01:57:33 TRACE org.hibernate.orm.jdbc.bind - binding parameter [2] as [VARCHAR] - [MALE]
01:57:33 TRACE org.hibernate.orm.jdbc.bind - binding parameter [3] as [NUMERIC] - [null]
01:57:33 TRACE org.hibernate.orm.jdbc.bind - binding parameter [4] as [NUMERIC] - [null]
01:57:33 TRACE org.hibernate.orm.jdbc.bind - binding parameter [5] as [NUMERIC] - [null]
01:57:33 TRACE org.hibernate.orm.jdbc.bind - binding parameter [6] as [NUMERIC] - [null]
01:57:33 TRACE org.hibernate.orm.jdbc.bind - binding parameter [7] as [INTEGER] - [0]
01:57:33 TRACE org.hibernate.orm.jdbc.bind - binding parameter [8] as [INTEGER] - [4]
01:57:33 DEBUG org.hibernate.SQL - 
    select
        c1_0.id,
        c1_0.description,
        c1_0.gender,
        c1_0.name 
    from
        categories c1_0 
    where
        c1_0.id=?
01:57:33 TRACE org.hibernate.orm.jdbc.bind - binding parameter [1] as [INTEGER] - [1]
01:57:33 DEBUG org.hibernate.SQL - 
    select
        p1_0.id 
    from
        products p1_0 
    left join
        categories c1_0 
            on c1_0.id=p1_0.category_id 
    where
        p1_0.category_id in(?,?,?) 
        and (
            ? is null 
            or c1_0.gender=?
        ) 
        and (
            ? is null 
            or p1_0.base_price>=?
        ) 
        and (
            ? is null 
            or p1_0.base_price<=?
        ) 
    order by
        p1_0.created_at desc limit ?,
        ?
01:57:33 DEBUG org.hibernate.SQL - 
    select
        distinct p1_0.id,
        p1_0.base_price,
        c1_0.id,
        c1_0.description,
        c1_0.gender,
        c1_0.name,
        p1_0.created_at,
        p1_0.description,
        p1_0.image_url,
        p1_0.name,
        p2_0.product_id,
        p2_0.id,
        p2_0.color,
        p2_0.quantity,
        p2_0.size 
    from
        products p1_0 
    left join
        product_variants p2_0 
            on p1_0.id=p2_0.product_id 
    left join
        categories c1_0 
            on c1_0.id=p1_0.category_id 
    where
        p1_0.id in(?,?,?,?) 
    order by
        p1_0.created_at desc,
        p2_0.id
01:57:33 DEBUG org.hibernate.SQL - 
    select
        distinct p1_0.id,
        p1_0.base_price,
        c1_0.id,
        c1_0.description,
        c1_0.gender,
        c1_0.name,
        p1_0.created_at,
        p1_0.description,
        p1_0.image_url,
        p1_0.name,
        p2_0.product_id,
        p2_0.id,
        p2_0.color,
        p2_0.quantity,
        p2_0.size 
    from
        products p1_0 
    left join
        product_variants p2_0 
            on p1_0.id=p2_0.product_id 
    left join
        categories c1_0 
            on c1_0.id=p1_0.category_id 
    where
        p1_0.id in(?,?) 
    order by
        p1_0.created_at desc,
        p2_0.id
01:57:33 TRACE org.hibernate.orm.jdbc.bind - binding parameter [1] as [INTEGER] - [1]
01:57:33 DEBUG org.hibernate.SQL - 
    select
        distinct p1_0.id,
        p1_0.base_price,
        c1_0.id,
        c1_0.description,
        c1_0.gender,
        c1_0.name,
        p1_0.created_at,
        p1_0.description,
        p1_0.image_url,
        p1_0.name,
        p2_0.product_id,
        p2_0.id,
        p2_0.color,
        p2_0.quantity,
        p2_0.size 
    from
        products p1_0 
    left join
        product_variants p2_0 
            on p1_0.id=p2_0.product_id 
    left join
        categories c1_0 
            on c1_0.id=p1_0.category_id 
    where
        p1_0.id in(?,?,?,?) 
    order by
        p1_0.created_at desc,
        p2_0.id
01:57:33 TRACE org.hibernate.orm.jdbc.bind - binding parameter [1] as [INTEGER] - [6]
01:57:33 TRACE org.hibernate.orm.jdbc.bind - binding parameter [2] as [INTEGER] - [8]
01:57:33 TRACE org.hibernate.orm.jdbc.bind - binding parameter [2] as [INTEGER] - [7]
01:57:33 TRACE org.hibernate.orm.jdbc.bind - binding parameter [1] as [INTEGER] - [1]
01:57:33 TRACE org.hibernate.orm.jdbc.bind - binding parameter [2] as [INTEGER] - [3]
01:57:33 TRACE org.hibernate.orm.jdbc.bind - binding parameter [3] as [INTEGER] - [4]
01:57:33 TRACE org.hibernate.orm.jdbc.bind - binding parameter [3] as [INTEGER] - [2]
01:57:33 TRACE org.hibernate.orm.jdbc.bind - binding parameter [4] as [VARCHAR] - [null]
01:57:33 TRACE org.hibernate.orm.jdbc.bind - binding parameter [4] as [INTEGER] - [3]
01:57:33 TRACE org.hibernate.orm.jdbc.bind - binding parameter [5] as [VARCHAR] - [null]
01:57:33 TRACE org.hibernate.orm.jdbc.bind - binding parameter [6] as [NUMERIC] - [null]
01:57:33 TRACE org.hibernate.orm.jdbc.bind - binding parameter [7] as [NUMERIC] - [null]
01:57:33 TRACE org.hibernate.orm.jdbc.bind - binding parameter [8] as [NUMERIC] - [null]
01:57:33 TRACE org.hibernate.orm.jdbc.bind - binding parameter [9] as [NUMERIC] - [null]
01:57:33 TRACE org.hibernate.orm.jdbc.bind - binding parameter [10] as [INTEGER] - [0]
01:57:33 TRACE org.hibernate.orm.jdbc.bind - binding parameter [11] as [INTEGER] - [4]
01:57:33 TRACE org.hibernate.orm.jdbc.bind - binding parameter [1] as [INTEGER] - [1]
01:57:33 TRACE org.hibernate.orm.jdbc.bind - binding parameter [2] as [INTEGER] - [8]
01:57:33 TRACE org.hibernate.orm.jdbc.bind - binding parameter [3] as [INTEGER] - [2]
01:57:33 TRACE org.hibernate.orm.jdbc.bind - binding parameter [4] as [INTEGER] - [3]
01:57:33 DEBUG org.hibernate.SQL - 
    select
        count(distinct p1_0.id) 
    from
        products p1_0 
    left join
        categories c1_0 
            on c1_0.id=p1_0.category_id 
    where
        (
            ? is null 
            or c1_0.gender=?
        ) 
        and (
            ? is null 
            or p1_0.base_price>=?
        ) 
        and (
            ? is null 
            or p1_0.base_price<=?
        )
01:57:33 DEBUG org.hibernate.SQL - 
    select
        count(distinct p1_0.id) 
    from
        products p1_0 
    left join
        categories c1_0 
            on c1_0.id=p1_0.category_id 
    where
        (
            ? is null 
            or c1_0.gender=?
        ) 
        and (
            ? is null 
            or p1_0.base_price>=?
        ) 
        and (
            ? is null 
            or p1_0.base_price<=?
        )
01:57:33 DEBUG org.hibernate.SQL - 
    select
        count(p1_0.id) 
    from
        products p1_0 
    where
        p1_0.created_at>=?
01:57:33 DEBUG org.hibernate.SQL - 
    select
        distinct p1_0.id,
        p1_0.base_price,
        c1_0.id,
        c1_0.description,
        c1_0.gender,
        c1_0.name,
        p1_0.created_at,
        p1_0.description,
        p1_0.image_url,
        p1_0.name,
        p2_0.product_id,
        p2_0.id,
        p2_0.color,
        p2_0.quantity,
        p2_0.size 
    from
        products p1_0 
    left join
        product_variants p2_0 
            on p1_0.id=p2_0.product_id 
    left join
        categories c1_0 
            on c1_0.id=p1_0.category_id 
    where
        p1_0.id in(?,?,?,?) 
    order by
        p1_0.created_at desc,
        p2_0.id
01:57:33 TRACE org.hibernate.orm.jdbc.bind - binding parameter [1] as [VARCHAR] - [MALE]
01:57:33 TRACE org.hibernate.orm.jdbc.bind - binding parameter [1] as [VARCHAR] - [FEMALE]
01:57:33 TRACE org.hibernate.orm.jdbc.bind - binding parameter [2] as [VARCHAR] - [FEMALE]
01:57:33 TRACE org.hibernate.orm.jdbc.bind - binding parameter [2] as [VARCHAR] - [MALE]
01:57:33 TRACE org.hibernate.orm.jdbc.bind - binding parameter [3] as [NUMERIC] - [null]
01:57:33 TRACE org.hibernate.orm.jdbc.bind - binding parameter [3] as [NUMERIC] - [null]
01:57:33 TRACE org.hibernate.orm.jdbc.bind - binding parameter [4] as [NUMERIC] - [null]
01:57:33 TRACE org.hibernate.orm.jdbc.bind - binding parameter [4] as [NUMERIC] - [null]
01:57:33 TRACE org.hibernate.orm.jdbc.bind - binding parameter [5] as [NUMERIC] - [null]
01:57:33 TRACE org.hibernate.orm.jdbc.bind - binding parameter [6] as [NUMERIC] - [null]
01:57:33 TRACE org.hibernate.orm.jdbc.bind - binding parameter [5] as [NUMERIC] - [null]
01:57:33 TRACE org.hibernate.orm.jdbc.bind - binding parameter [6] as [NUMERIC] - [null]
01:57:33 TRACE org.hibernate.orm.jdbc.bind - binding parameter [1] as [TIMESTAMP_UTC] - [2026-02-21T23:57:33.181720Z]
01:57:33 TRACE org.hibernate.orm.jdbc.bind - binding parameter [1] as [INTEGER] - [1]
01:57:33 TRACE org.hibernate.orm.jdbc.bind - binding parameter [2] as [INTEGER] - [8]
01:57:33 TRACE org.hibernate.orm.jdbc.bind - binding parameter [3] as [INTEGER] - [2]
01:57:33 TRACE org.hibernate.orm.jdbc.bind - binding parameter [4] as [INTEGER] - [3]
01:57:33 DEBUG org.hibernate.SQL - 
    select
        min(p1_0.base_price),
        max(p1_0.base_price) 
    from
        products p1_0 
    left join
        categories c1_0 
            on c1_0.id=p1_0.category_id 
    where
        (
            ? is null 
            or c1_0.gender=?
        )
01:57:33 DEBUG org.hibernate.SQL - 
    select
        min(p1_0.base_price),
        max(p1_0.base_price) 
    from
        products p1_0 
    left join
        categories c1_0 
            on c1_0.id=p1_0.category_id 
    where
        (
            ? is null 
            or c1_0.gender=?
        )
01:57:33 DEBUG org.hibernate.SQL - 
    select
        min(p1_0.base_price),
        max(p1_0.base_price) 
    from
        products p1_0 
    left join
        categories c1_0 
            on c1_0.id=p1_0.category_id 
    where
        (
            ? is null 
            or c1_0.gender=?
        )
01:57:33 TRACE org.hibernate.orm.jdbc.bind - binding parameter [1] as [VARCHAR] - [null]
01:57:33 DEBUG org.hibernate.SQL - 
    select
        count(distinct p1_0.id) 
    from
        products p1_0 
    left join
        categories c1_0 
            on c1_0.id=p1_0.category_id 
    where
        p1_0.category_id in(?,?,?) 
        and (
            ? is null 
            or c1_0.gender=?
        ) 
        and (
            ? is null 
            or p1_0.base_price>=?
        ) 
        and (
            ? is null 
            or p1_0.base_price<=?
        )
01:57:33 TRACE org.hibernate.orm.jdbc.bind - binding parameter [1] as [VARCHAR] - [FEMALE]
01:57:33 TRACE org.hibernate.orm.jdbc.bind - binding parameter [2] as [VARCHAR] - [null]
01:57:33 TRACE org.hibernate.orm.jdbc.bind - binding parameter [2] as [VARCHAR] - [FEMALE]
01:57:33 TRACE org.hibernate.orm.jdbc.bind - binding parameter [1] as [VARCHAR] - [MALE]
01:57:33 TRACE org.hibernate.orm.jdbc.bind - binding parameter [1] as [INTEGER] - [1]
01:57:33 TRACE org.hibernate.orm.jdbc.bind - binding parameter [2] as [VARCHAR] - [MALE]
01:57:33 TRACE org.hibernate.orm.jdbc.bind - binding parameter [2] as [INTEGER] - [3]
01:57:33 TRACE org.hibernate.orm.jdbc.bind - binding parameter [3] as [INTEGER] - [4]
01:57:33 TRACE org.hibernate.orm.jdbc.bind - binding parameter [4] as [VARCHAR] - [null]
01:57:33 TRACE org.hibernate.orm.jdbc.bind - binding parameter [5] as [VARCHAR] - [null]
01:57:33 TRACE org.hibernate.orm.jdbc.bind - binding parameter [6] as [NUMERIC] - [null]
01:57:33 TRACE org.hibernate.orm.jdbc.bind - binding parameter [7] as [NUMERIC] - [null]
01:57:33 TRACE org.hibernate.orm.jdbc.bind - binding parameter [8] as [NUMERIC] - [null]
01:57:33 TRACE org.hibernate.orm.jdbc.bind - binding parameter [9] as [NUMERIC] - [null]
01:57:33 DEBUG org.hibernate.SQL - 
    select
        min(p1_0.base_price),
        max(p1_0.base_price) 
    from
        products p1_0 
    left join
        categories c1_0 
            on c1_0.id=p1_0.category_id 
    where
        p1_0.category_id in(?,?,?) 
        and (
            ? is null 
            or c1_0.gender=?
        )
01:57:33 DEBUG org.hibernate.SQL - 
    select
        p1_0.id,
        p1_0.color,
        p1_0.image_url,
        p1_0.product_id 
    from
        product_images p1_0 
    where
        p1_0.product_id in(?,?) 
        and p1_0.id=(
            select
                min(p3_0.id) 
            from
                product_images p3_0,
                products p5_0 
            where
                p3_0.product_id=p5_0.id 
                and p3_0.color=p1_0.color 
                and p5_0.id=p1_0.product_id
        ) 
    order by
        p1_0.product_id,
        p1_0.id
01:57:33 TRACE org.hibernate.orm.jdbc.bind - binding parameter [1] as [INTEGER] - [6]
01:57:33 TRACE org.hibernate.orm.jdbc.bind - binding parameter [2] as [INTEGER] - [7]
01:57:33 DEBUG org.hibernate.SQL - 
    select
        p1_0.id,
        p1_0.color,
        p1_0.image_url,
        p1_0.product_id 
    from
        product_images p1_0 
    where
        p1_0.product_id in(?,?,?,?) 
        and p1_0.id=(
            select
                min(p3_0.id) 
            from
                product_images p3_0,
                products p5_0 
            where
                p3_0.product_id=p5_0.id 
                and p3_0.color=p1_0.color 
                and p5_0.id=p1_0.product_id
        ) 
    order by
        p1_0.product_id,
        p1_0.id
01:57:33 TRACE org.hibernate.orm.jdbc.bind - binding parameter [1] as [INTEGER] - [1]
01:57:33 TRACE org.hibernate.orm.jdbc.bind - binding parameter [2] as [INTEGER] - [3]
01:57:33 TRACE org.hibernate.orm.jdbc.bind - binding parameter [3] as [INTEGER] - [4]
01:57:33 TRACE org.hibernate.orm.jdbc.bind - binding parameter [4] as [VARCHAR] - [null]
01:57:33 TRACE org.hibernate.orm.jdbc.bind - binding parameter [5] as [VARCHAR] - [null]
01:57:33 DEBUG org.hibernate.SQL - 
    select
        p1_0.id,
        p1_0.color,
        p1_0.image_url,
        p1_0.product_id 
    from
        product_images p1_0 
    where
        p1_0.product_id in(?,?,?,?) 
        and p1_0.id=(
            select
                min(p3_0.id) 
            from
                product_images p3_0,
                products p5_0 
            where
                p3_0.product_id=p5_0.id 
                and p3_0.color=p1_0.color 
                and p5_0.id=p1_0.product_id
        ) 
    order by
        p1_0.product_id,
        p1_0.id
01:57:33 INFO  org.hibernate.SQL_SLOW - SlowQuery: 2 milliseconds. SQL: 'com.mysql.cj.jdbc.ClientPreparedStatement: select p1_0.id,p1_0.color,p1_0.image_url,p1_0.product_id from product_images p1_0 where p1_0.product_id in(6,7) and p1_0.id=(select min(p3_0.id) from product_images p3_0,products p5_0 where p3_0.product_id=p5_0.id and p3_0.color=p1_0.color and p5_0.id=p1_0.product_id) order by p1_0.product_id,p1_0.id'
01:57:33 TRACE org.hibernate.orm.jdbc.bind - binding parameter [1] as [INTEGER] - [1]
01:57:33 TRACE org.hibernate.orm.jdbc.bind - binding parameter [2] as [INTEGER] - [8]
01:57:33 TRACE org.hibernate.orm.jdbc.bind - binding parameter [3] as [INTEGER] - [2]
01:57:33 TRACE org.hibernate.orm.jdbc.bind - binding parameter [1] as [INTEGER] - [1]
01:57:33 TRACE org.hibernate.orm.jdbc.bind - binding parameter [4] as [INTEGER] - [3]
01:57:33 TRACE org.hibernate.orm.jdbc.bind - binding parameter [2] as [INTEGER] - [8]
01:57:33 INFO  org.hibernate.SQL_SLOW - SlowQuery: 3 milliseconds. SQL: 'com.mysql.cj.jdbc.ClientPreparedStatement: select min(p1_0.base_price),max(p1_0.base_price) from products p1_0 left join categories c1_0 on c1_0.id=p1_0.category_id where p1_0.category_id in(1,3,4) and (NULL is null or c1_0.gender=NULL)'
01:57:33 TRACE org.hibernate.orm.jdbc.bind - binding parameter [3] as [INTEGER] - [2]
01:57:33 TRACE org.hibernate.orm.jdbc.bind - binding parameter [4] as [INTEGER] - [3]
01:57:33 DEBUG org.hibernate.SQL - 
    select
        p1_0.id,
        p1_0.color,
        p1_0.image_url,
        p1_0.product_id 
    from
        product_images p1_0 
    where
        p1_0.product_id in(?,?,?,?) 
        and p1_0.id=(
            select
                min(p3_0.id) 
            from
                product_images p3_0,
                products p5_0 
            where
                p3_0.product_id=p5_0.id 
                and p3_0.color=p1_0.color 
                and p5_0.id=p1_0.product_id
        ) 
    order by
        p1_0.product_id,
        p1_0.id
01:57:33 TRACE org.hibernate.orm.jdbc.bind - binding parameter [1] as [INTEGER] - [1]
01:57:33 TRACE org.hibernate.orm.jdbc.bind - binding parameter [2] as [INTEGER] - [8]
01:57:33 TRACE org.hibernate.orm.jdbc.bind - binding parameter [3] as [INTEGER] - [2]
01:57:33 TRACE org.hibernate.orm.jdbc.bind - binding parameter [4] as [INTEGER] - [3]
01:57:35 DEBUG org.hibernate.SQL - 
    select
        c1_0.id,
        c1_0.description,
        c1_0.gender,
        c1_0.name 
    from
        categories c1_0
01:57:35 DEBUG org.hibernate.SQL - 
    select
        p1_0.id,
        p1_0.base_price,
        p1_0.category_id,
        p1_0.created_at,
        p1_0.description,
        p1_0.image_url,
        p1_0.name 
    from
        products p1_0 
    where
        p1_0.id=?
01:57:35 TRACE org.hibernate.orm.jdbc.bind - binding parameter [1] as [INTEGER] - [8]
01:57:35 DEBUG org.hibernate.SQL - 
    select
        p1_0.id,
        p1_0.color,
        p1_0.product_id,
        p1_0.quantity,
        p1_0.size 
    from
        product_variants p1_0 
    where
        p1_0.product_id=? 
    order by
        p1_0.id
01:57:35 TRACE org.hibernate.orm.jdbc.bind - binding parameter [1] as [INTEGER] - [8]
01:57:35 DEBUG org.hibernate.SQL - 
    select
        p1_0.id,
        p1_0.color,
        p1_0.image_url,
        p1_0.product_id 
    from
        product_images p1_0 
    where
        p1_0.product_id=? 
    order by
        p1_0.id
01:57:35 TRACE org.hibernate.orm.jdbc.bind - binding parameter [1] as [INTEGER] - [8]
01:57:35 DEBUG org.hibernate.SQL - 
    select
        c1_0.id,
        c1_0.description,
        c1_0.gender,
        c1_0.name 
    from
        categories c1_0 
    where
        c1_0.id=?
01:57:35 TRACE org.hibernate.orm.jdbc.bind - binding parameter [1] as [INTEGER] - [1]
01:57:38 DEBUG org.hibernate.SQL - 
    select
        c1_0.id,
        c1_0.description,
        c1_0.gender,
        c1_0.name 
    from
        categories c1_0
01:57:38 DEBUG org.hibernate.SQL - 
    select
        c1_0.id,
        c1_0.description,
        c1_0.gender,
        c1_0.name 
    from
        categories c1_0 
    where
        c1_0.gender=? 
    order by
        c1_0.name
01:57:38 TRACE org.hibernate.orm.jdbc.bind - binding parameter [1] as [VARCHAR] - [FEMALE]
01:57:38 DEBUG org.hibernate.SQL - 
    select
        c1_0.id,
        c1_0.description,
        c1_0.gender,
        c1_0.name 
    from
        categories c1_0 
    where
        c1_0.gender=? 
    order by
        c1_0.name
01:57:38 TRACE org.hibernate.orm.jdbc.bind - binding parameter [1] as [VARCHAR] - [MALE]
01:57:38 DEBUG org.hibernate.SQL - 
    select
        u1_0.id,
        u1_0.address,
        u1_0.birthday,
        c1_0.id,
        c1_0.created_at,
        u1_0.created_at,
        u1_0.credit_limit,
        u1_0.email,
        u1_0.gender,
        u1_0.job,
        u1_0.name,
        u1_0.password_hash,
        u1_0.role 
    from
        users u1_0 
    left join
        carts c1_0 
            on u1_0.id=c1_0.user_id 
    where
        u1_0.id=?
01:57:38 TRACE org.hibernate.orm.jdbc.bind - binding parameter [1] as [INTEGER] - [4]
01:57:38 DEBUG org.hibernate.SQL - 
    select
        c1_0.cart_id,
        c1_0.id,
        c1_0.end_date,
        c1_0.quantity,
        c1_0.start_date,
        c1_0.variant_id 
    from
        cart_items c1_0 
    where
        c1_0.cart_id=?
01:57:38 DEBUG org.hibernate.SQL - 
    select
        c1_0.id,
        c1_0.description,
        c1_0.gender,
        c1_0.name 
    from
        categories c1_0
01:57:38 DEBUG org.hibernate.SQL - 
    select
        c1_0.id,
        c1_0.description,
        c1_0.gender,
        c1_0.name 
    from
        categories c1_0
01:57:38 DEBUG org.hibernate.SQL - 
    select
        c1_0.id,
        c1_0.description,
        c1_0.gender,
        c1_0.name 
    from
        categories c1_0
01:57:38 TRACE org.hibernate.orm.jdbc.bind - binding parameter [1] as [INTEGER] - [3]
01:57:38 DEBUG org.hibernate.SQL - 
    select
        p1_0.id,
        p1_0.color,
        p1_0.product_id,
        p1_0.quantity,
        p1_0.size 
    from
        product_variants p1_0 
    where
        p1_0.id=?
01:57:38 DEBUG org.hibernate.SQL - 
    select
        p1_0.id 
    from
        products p1_0 
    where
        p1_0.created_at>=? 
    order by
        p1_0.created_at desc limit ?,
        ?
01:57:38 TRACE org.hibernate.orm.jdbc.bind - binding parameter [1] as [INTEGER] - [3]
01:57:38 DEBUG org.hibernate.SQL - 
    select
        p1_0.id 
    from
        products p1_0 
    left join
        categories c1_0 
            on c1_0.id=p1_0.category_id 
    where
        (
            ? is null 
            or c1_0.gender=?
        ) 
        and (
            ? is null 
            or p1_0.base_price>=?
        ) 
        and (
            ? is null 
            or p1_0.base_price<=?
        ) 
    order by
        p1_0.created_at desc limit ?,
        ?
01:57:38 DEBUG org.hibernate.SQL - 
    select
        c1_0.id,
        c1_0.description,
        c1_0.gender,
        c1_0.name 
    from
        categories c1_0
01:57:38 DEBUG org.hibernate.SQL - 
    select
        p1_0.id 
    from
        products p1_0 
    left join
        categories c1_0 
            on c1_0.id=p1_0.category_id 
    where
        (
            ? is null 
            or c1_0.gender=?
        ) 
        and (
            ? is null 
            or p1_0.base_price>=?
        ) 
        and (
            ? is null 
            or p1_0.base_price<=?
        ) 
    order by
        p1_0.created_at desc limit ?,
        ?
01:57:38 TRACE org.hibernate.orm.jdbc.bind - binding parameter [1] as [TIMESTAMP_UTC] - [2026-02-21T23:57:38.439614200Z]
01:57:38 TRACE org.hibernate.orm.jdbc.bind - binding parameter [2] as [INTEGER] - [0]
01:57:38 TRACE org.hibernate.orm.jdbc.bind - binding parameter [3] as [INTEGER] - [4]
01:57:38 DEBUG org.hibernate.SQL - 
    select
        p1_0.id,
        p1_0.base_price,
        p1_0.category_id,
        p1_0.created_at,
        p1_0.description,
        p1_0.image_url,
        p1_0.name 
    from
        products p1_0 
    where
        p1_0.id=?
01:57:38 TRACE org.hibernate.orm.jdbc.bind - binding parameter [1] as [VARCHAR] - [FEMALE]
01:57:38 TRACE org.hibernate.orm.jdbc.bind - binding parameter [2] as [VARCHAR] - [FEMALE]
01:57:38 TRACE org.hibernate.orm.jdbc.bind - binding parameter [1] as [VARCHAR] - [MALE]
01:57:38 TRACE org.hibernate.orm.jdbc.bind - binding parameter [3] as [NUMERIC] - [null]
01:57:38 TRACE org.hibernate.orm.jdbc.bind - binding parameter [2] as [VARCHAR] - [MALE]
01:57:38 TRACE org.hibernate.orm.jdbc.bind - binding parameter [4] as [NUMERIC] - [null]
01:57:38 TRACE org.hibernate.orm.jdbc.bind - binding parameter [1] as [INTEGER] - [1]
01:57:38 TRACE org.hibernate.orm.jdbc.bind - binding parameter [3] as [NUMERIC] - [null]
01:57:38 TRACE org.hibernate.orm.jdbc.bind - binding parameter [5] as [NUMERIC] - [null]
01:57:38 TRACE org.hibernate.orm.jdbc.bind - binding parameter [4] as [NUMERIC] - [null]
01:57:38 TRACE org.hibernate.orm.jdbc.bind - binding parameter [6] as [NUMERIC] - [null]
01:57:38 TRACE org.hibernate.orm.jdbc.bind - binding parameter [5] as [NUMERIC] - [null]
01:57:38 TRACE org.hibernate.orm.jdbc.bind - binding parameter [7] as [INTEGER] - [0]
01:57:38 TRACE org.hibernate.orm.jdbc.bind - binding parameter [6] as [NUMERIC] - [null]
01:57:38 TRACE org.hibernate.orm.jdbc.bind - binding parameter [7] as [INTEGER] - [0]
01:57:38 TRACE org.hibernate.orm.jdbc.bind - binding parameter [8] as [INTEGER] - [4]
01:57:38 TRACE org.hibernate.orm.jdbc.bind - binding parameter [8] as [INTEGER] - [4]
01:57:38 DEBUG org.hibernate.SQL - 
    select
        c1_0.id,
        c1_0.description,
        c1_0.gender,
        c1_0.name 
    from
        categories c1_0 
    where
        c1_0.id=?
01:57:38 DEBUG org.hibernate.SQL - 
    select
        distinct p1_0.id,
        p1_0.base_price,
        c1_0.id,
        c1_0.description,
        c1_0.gender,
        c1_0.name,
        p1_0.created_at,
        p1_0.description,
        p1_0.image_url,
        p1_0.name,
        p2_0.product_id,
        p2_0.id,
        p2_0.color,
        p2_0.quantity,
        p2_0.size 
    from
        products p1_0 
    left join
        product_variants p2_0 
            on p1_0.id=p2_0.product_id 
    left join
        categories c1_0 
            on c1_0.id=p1_0.category_id 
    where
        p1_0.id in(?,?,?,?) 
    order by
        p1_0.created_at desc,
        p2_0.id
01:57:38 DEBUG org.hibernate.SQL - 
    select
        distinct p1_0.id,
        p1_0.base_price,
        c1_0.id,
        c1_0.description,
        c1_0.gender,
        c1_0.name,
        p1_0.created_at,
        p1_0.description,
        p1_0.image_url,
        p1_0.name,
        p2_0.product_id,
        p2_0.id,
        p2_0.color,
        p2_0.quantity,
        p2_0.size 
    from
        products p1_0 
    left join
        product_variants p2_0 
            on p1_0.id=p2_0.product_id 
    left join
        categories c1_0 
            on c1_0.id=p1_0.category_id 
    where
        p1_0.id in(?,?,?,?) 
    order by
        p1_0.created_at desc,
        p2_0.id
01:57:38 TRACE org.hibernate.orm.jdbc.bind - binding parameter [1] as [INTEGER] - [1]
01:57:38 DEBUG org.hibernate.SQL - 
    select
        distinct p1_0.id,
        p1_0.base_price,
        c1_0.id,
        c1_0.description,
        c1_0.gender,
        c1_0.name,
        p1_0.created_at,
        p1_0.description,
        p1_0.image_url,
        p1_0.name,
        p2_0.product_id,
        p2_0.id,
        p2_0.color,
        p2_0.quantity,
        p2_0.size 
    from
        products p1_0 
    left join
        product_variants p2_0 
            on p1_0.id=p2_0.product_id 
    left join
        categories c1_0 
            on c1_0.id=p1_0.category_id 
    where
        p1_0.id in(?,?) 
    order by
        p1_0.created_at desc,
        p2_0.id
01:57:38 TRACE org.hibernate.orm.jdbc.bind - binding parameter [1] as [INTEGER] - [1]
01:57:38 TRACE org.hibernate.orm.jdbc.bind - binding parameter [2] as [INTEGER] - [8]
01:57:38 TRACE org.hibernate.orm.jdbc.bind - binding parameter [3] as [INTEGER] - [2]
01:57:38 TRACE org.hibernate.orm.jdbc.bind - binding parameter [4] as [INTEGER] - [3]
01:57:38 DEBUG org.hibernate.SQL - 
    select
        p1_0.id 
    from
        products p1_0 
    left join
        categories c1_0 
            on c1_0.id=p1_0.category_id 
    where
        p1_0.category_id in(?,?,?) 
        and (
            ? is null 
            or c1_0.gender=?
        ) 
        and (
            ? is null 
            or p1_0.base_price>=?
        ) 
        and (
            ? is null 
            or p1_0.base_price<=?
        ) 
    order by
        p1_0.created_at desc limit ?,
        ?
01:57:38 TRACE org.hibernate.orm.jdbc.bind - binding parameter [1] as [INTEGER] - [1]
01:57:38 TRACE org.hibernate.orm.jdbc.bind - binding parameter [1] as [INTEGER] - [6]
01:57:38 TRACE org.hibernate.orm.jdbc.bind - binding parameter [2] as [INTEGER] - [8]
01:57:38 DEBUG org.hibernate.SQL - 
    select
        count(distinct p1_0.id) 
    from
        products p1_0 
    left join
        categories c1_0 
            on c1_0.id=p1_0.category_id 
    where
        (
            ? is null 
            or c1_0.gender=?
        ) 
        and (
            ? is null 
            or p1_0.base_price>=?
        ) 
        and (
            ? is null 
            or p1_0.base_price<=?
        )
01:57:38 TRACE org.hibernate.orm.jdbc.bind - binding parameter [2] as [INTEGER] - [7]
01:57:38 TRACE org.hibernate.orm.jdbc.bind - binding parameter [3] as [INTEGER] - [2]
01:57:38 TRACE org.hibernate.orm.jdbc.bind - binding parameter [4] as [INTEGER] - [3]
01:57:38 TRACE org.hibernate.orm.jdbc.bind - binding parameter [1] as [VARCHAR] - [FEMALE]
01:57:38 TRACE org.hibernate.orm.jdbc.bind - binding parameter [1] as [INTEGER] - [1]
01:57:38 TRACE org.hibernate.orm.jdbc.bind - binding parameter [2] as [VARCHAR] - [FEMALE]
01:57:38 TRACE org.hibernate.orm.jdbc.bind - binding parameter [2] as [INTEGER] - [3]
01:57:38 TRACE org.hibernate.orm.jdbc.bind - binding parameter [3] as [NUMERIC] - [null]
01:57:38 TRACE org.hibernate.orm.jdbc.bind - binding parameter [3] as [INTEGER] - [4]
01:57:38 TRACE org.hibernate.orm.jdbc.bind - binding parameter [4] as [NUMERIC] - [null]
01:57:38 TRACE org.hibernate.orm.jdbc.bind - binding parameter [4] as [VARCHAR] - [null]
01:57:38 TRACE org.hibernate.orm.jdbc.bind - binding parameter [5] as [NUMERIC] - [null]
01:57:38 TRACE org.hibernate.orm.jdbc.bind - binding parameter [5] as [VARCHAR] - [null]
01:57:38 TRACE org.hibernate.orm.jdbc.bind - binding parameter [6] as [NUMERIC] - [null]
01:57:38 TRACE org.hibernate.orm.jdbc.bind - binding parameter [6] as [NUMERIC] - [null]
01:57:38 TRACE org.hibernate.orm.jdbc.bind - binding parameter [7] as [NUMERIC] - [null]
01:57:38 TRACE org.hibernate.orm.jdbc.bind - binding parameter [8] as [NUMERIC] - [null]
01:57:38 TRACE org.hibernate.orm.jdbc.bind - binding parameter [9] as [NUMERIC] - [null]
01:57:38 TRACE org.hibernate.orm.jdbc.bind - binding parameter [10] as [INTEGER] - [0]
01:57:38 TRACE org.hibernate.orm.jdbc.bind - binding parameter [11] as [INTEGER] - [4]
01:57:38 DEBUG org.hibernate.SQL - 
    select
        min(p1_0.base_price),
        max(p1_0.base_price) 
    from
        products p1_0 
    left join
        categories c1_0 
            on c1_0.id=p1_0.category_id 
    where
        (
            ? is null 
            or c1_0.gender=?
        )
01:57:38 TRACE org.hibernate.orm.jdbc.bind - binding parameter [1] as [VARCHAR] - [FEMALE]
01:57:38 TRACE org.hibernate.orm.jdbc.bind - binding parameter [2] as [VARCHAR] - [FEMALE]
01:57:38 DEBUG org.hibernate.SQL - 
    select
        count(distinct p1_0.id) 
    from
        products p1_0 
    left join
        categories c1_0 
            on c1_0.id=p1_0.category_id 
    where
        (
            ? is null 
            or c1_0.gender=?
        ) 
        and (
            ? is null 
            or p1_0.base_price>=?
        ) 
        and (
            ? is null 
            or p1_0.base_price<=?
        )
01:57:38 DEBUG org.hibernate.SQL - 
    select
        count(p1_0.id) 
    from
        products p1_0 
    where
        p1_0.created_at>=?
01:57:38 DEBUG org.hibernate.SQL - 
    select
        p1_0.id,
        p1_0.color,
        p1_0.image_url,
        p1_0.product_id 
    from
        product_images p1_0 
    where
        p1_0.product_id in(?,?,?,?) 
        and p1_0.id=(
            select
                min(p3_0.id) 
            from
                product_images p3_0,
                products p5_0 
            where
                p3_0.product_id=p5_0.id 
                and p3_0.color=p1_0.color 
                and p5_0.id=p1_0.product_id
        ) 
    order by
        p1_0.product_id,
        p1_0.id
01:57:38 DEBUG org.hibernate.SQL - 
    select
        distinct p1_0.id,
        p1_0.base_price,
        c1_0.id,
        c1_0.description,
        c1_0.gender,
        c1_0.name,
        p1_0.created_at,
        p1_0.description,
        p1_0.image_url,
        p1_0.name,
        p2_0.product_id,
        p2_0.id,
        p2_0.color,
        p2_0.quantity,
        p2_0.size 
    from
        products p1_0 
    left join
        product_variants p2_0 
            on p1_0.id=p2_0.product_id 
    left join
        categories c1_0 
            on c1_0.id=p1_0.category_id 
    where
        p1_0.id in(?,?,?,?) 
    order by
        p1_0.created_at desc,
        p2_0.id
01:57:38 TRACE org.hibernate.orm.jdbc.bind - binding parameter [1] as [VARCHAR] - [MALE]
01:57:38 TRACE org.hibernate.orm.jdbc.bind - binding parameter [1] as [INTEGER] - [1]
01:57:38 TRACE org.hibernate.orm.jdbc.bind - binding parameter [2] as [INTEGER] - [8]
01:57:38 TRACE org.hibernate.orm.jdbc.bind - binding parameter [2] as [VARCHAR] - [MALE]
01:57:38 TRACE org.hibernate.orm.jdbc.bind - binding parameter [3] as [INTEGER] - [2]
01:57:38 TRACE org.hibernate.orm.jdbc.bind - binding parameter [4] as [INTEGER] - [3]
01:57:38 TRACE org.hibernate.orm.jdbc.bind - binding parameter [1] as [INTEGER] - [1]
01:57:38 TRACE org.hibernate.orm.jdbc.bind - binding parameter [3] as [NUMERIC] - [null]
01:57:38 TRACE org.hibernate.orm.jdbc.bind - binding parameter [1] as [TIMESTAMP_UTC] - [2026-02-21T23:57:38.471645400Z]
01:57:38 TRACE org.hibernate.orm.jdbc.bind - binding parameter [4] as [NUMERIC] - [null]
01:57:38 TRACE org.hibernate.orm.jdbc.bind - binding parameter [5] as [NUMERIC] - [null]
01:57:38 TRACE org.hibernate.orm.jdbc.bind - binding parameter [2] as [INTEGER] - [8]
01:57:38 TRACE org.hibernate.orm.jdbc.bind - binding parameter [6] as [NUMERIC] - [null]
01:57:38 TRACE org.hibernate.orm.jdbc.bind - binding parameter [3] as [INTEGER] - [2]
01:57:38 TRACE org.hibernate.orm.jdbc.bind - binding parameter [4] as [INTEGER] - [3]
01:57:38 DEBUG org.hibernate.SQL - 
    select
        count(distinct p1_0.id) 
    from
        products p1_0 
    left join
        categories c1_0 
            on c1_0.id=p1_0.category_id 
    where
        p1_0.category_id in(?,?,?) 
        and (
            ? is null 
            or c1_0.gender=?
        ) 
        and (
            ? is null 
            or p1_0.base_price>=?
        ) 
        and (
            ? is null 
            or p1_0.base_price<=?
        )
01:57:38 DEBUG org.hibernate.SQL - 
    select
        min(p1_0.base_price),
        max(p1_0.base_price) 
    from
        products p1_0 
    left join
        categories c1_0 
            on c1_0.id=p1_0.category_id 
    where
        (
            ? is null 
            or c1_0.gender=?
        )
01:57:38 TRACE org.hibernate.orm.jdbc.bind - binding parameter [1] as [VARCHAR] - [null]
01:57:38 TRACE org.hibernate.orm.jdbc.bind - binding parameter [1] as [INTEGER] - [1]
01:57:38 TRACE org.hibernate.orm.jdbc.bind - binding parameter [2] as [VARCHAR] - [null]
01:57:38 TRACE org.hibernate.orm.jdbc.bind - binding parameter [2] as [INTEGER] - [3]
01:57:38 TRACE org.hibernate.orm.jdbc.bind - binding parameter [3] as [INTEGER] - [4]
01:57:38 TRACE org.hibernate.orm.jdbc.bind - binding parameter [4] as [VARCHAR] - [null]
01:57:38 TRACE org.hibernate.orm.jdbc.bind - binding parameter [5] as [VARCHAR] - [null]
01:57:38 TRACE org.hibernate.orm.jdbc.bind - binding parameter [6] as [NUMERIC] - [null]
01:57:38 TRACE org.hibernate.orm.jdbc.bind - binding parameter [7] as [NUMERIC] - [null]
01:57:38 TRACE org.hibernate.orm.jdbc.bind - binding parameter [8] as [NUMERIC] - [null]
01:57:38 TRACE org.hibernate.orm.jdbc.bind - binding parameter [9] as [NUMERIC] - [null]
01:57:38 DEBUG org.hibernate.SQL - 
    select
        p1_0.id,
        p1_0.color,
        p1_0.image_url,
        p1_0.product_id 
    from
        product_images p1_0 
    where
        p1_0.product_id in(?,?,?,?) 
        and p1_0.id=(
            select
                min(p3_0.id) 
            from
                product_images p3_0,
                products p5_0 
            where
                p3_0.product_id=p5_0.id 
                and p3_0.color=p1_0.color 
                and p5_0.id=p1_0.product_id
        ) 
    order by
        p1_0.product_id,
        p1_0.id
01:57:38 DEBUG org.hibernate.SQL - 
    select
        min(p1_0.base_price),
        max(p1_0.base_price) 
    from
        products p1_0 
    left join
        categories c1_0 
            on c1_0.id=p1_0.category_id 
    where
        (
            ? is null 
            or c1_0.gender=?
        )
01:57:38 DEBUG org.hibernate.SQL - 
    select
        min(p1_0.base_price),
        max(p1_0.base_price) 
    from
        products p1_0 
    left join
        categories c1_0 
            on c1_0.id=p1_0.category_id 
    where
        p1_0.category_id in(?,?,?) 
        and (
            ? is null 
            or c1_0.gender=?
        )
01:57:38 TRACE org.hibernate.orm.jdbc.bind - binding parameter [1] as [VARCHAR] - [MALE]
01:57:38 TRACE org.hibernate.orm.jdbc.bind - binding parameter [1] as [INTEGER] - [1]
01:57:38 TRACE org.hibernate.orm.jdbc.bind - binding parameter [1] as [INTEGER] - [1]
01:57:38 TRACE org.hibernate.orm.jdbc.bind - binding parameter [2] as [VARCHAR] - [MALE]
01:57:38 TRACE org.hibernate.orm.jdbc.bind - binding parameter [2] as [INTEGER] - [8]
01:57:38 TRACE org.hibernate.orm.jdbc.bind - binding parameter [2] as [INTEGER] - [3]
01:57:38 TRACE org.hibernate.orm.jdbc.bind - binding parameter [3] as [INTEGER] - [2]
01:57:38 TRACE org.hibernate.orm.jdbc.bind - binding parameter [3] as [INTEGER] - [4]
01:57:38 TRACE org.hibernate.orm.jdbc.bind - binding parameter [4] as [INTEGER] - [3]
01:57:38 TRACE org.hibernate.orm.jdbc.bind - binding parameter [4] as [VARCHAR] - [null]
01:57:38 TRACE org.hibernate.orm.jdbc.bind - binding parameter [5] as [VARCHAR] - [null]
01:57:38 DEBUG org.hibernate.SQL - 
    select
        p1_0.id,
        p1_0.color,
        p1_0.image_url,
        p1_0.product_id 
    from
        product_images p1_0 
    where
        p1_0.product_id in(?,?,?,?) 
        and p1_0.id=(
            select
                min(p3_0.id) 
            from
                product_images p3_0,
                products p5_0 
            where
                p3_0.product_id=p5_0.id 
                and p3_0.color=p1_0.color 
                and p5_0.id=p1_0.product_id
        ) 
    order by
        p1_0.product_id,
        p1_0.id
01:57:38 DEBUG org.hibernate.SQL - 
    select
        p1_0.id,
        p1_0.color,
        p1_0.image_url,
        p1_0.product_id 
    from
        product_images p1_0 
    where
        p1_0.product_id in(?,?) 
        and p1_0.id=(
            select
                min(p3_0.id) 
            from
                product_images p3_0,
                products p5_0 
            where
                p3_0.product_id=p5_0.id 
                and p3_0.color=p1_0.color 
                and p5_0.id=p1_0.product_id
        ) 
    order by
        p1_0.product_id,
        p1_0.id
01:57:38 TRACE org.hibernate.orm.jdbc.bind - binding parameter [1] as [INTEGER] - [1]
01:57:38 TRACE org.hibernate.orm.jdbc.bind - binding parameter [2] as [INTEGER] - [8]
01:57:38 TRACE org.hibernate.orm.jdbc.bind - binding parameter [1] as [INTEGER] - [6]
01:57:38 TRACE org.hibernate.orm.jdbc.bind - binding parameter [3] as [INTEGER] - [2]
01:57:38 TRACE org.hibernate.orm.jdbc.bind - binding parameter [2] as [INTEGER] - [7]
01:57:38 TRACE org.hibernate.orm.jdbc.bind - binding parameter [4] as [INTEGER] - [3]
01:57:39 DEBUG org.hibernate.SQL - 
    select
        c1_0.id,
        c1_0.description,
        c1_0.gender,
        c1_0.name 
    from
        categories c1_0
01:57:39 DEBUG org.hibernate.SQL - 
    select
        p1_0.id,
        p1_0.base_price,
        p1_0.category_id,
        p1_0.created_at,
        p1_0.description,
        p1_0.image_url,
        p1_0.name 
    from
        products p1_0 
    where
        p1_0.id=?
01:57:39 TRACE org.hibernate.orm.jdbc.bind - binding parameter [1] as [INTEGER] - [8]
01:57:39 DEBUG org.hibernate.SQL - 
    select
        p1_0.id,
        p1_0.color,
        p1_0.product_id,
        p1_0.quantity,
        p1_0.size 
    from
        product_variants p1_0 
    where
        p1_0.product_id=? 
    order by
        p1_0.id
01:57:39 TRACE org.hibernate.orm.jdbc.bind - binding parameter [1] as [INTEGER] - [8]
01:57:39 DEBUG org.hibernate.SQL - 
    select
        p1_0.id,
        p1_0.color,
        p1_0.image_url,
        p1_0.product_id 
    from
        product_images p1_0 
    where
        p1_0.product_id=? 
    order by
        p1_0.id
01:57:39 TRACE org.hibernate.orm.jdbc.bind - binding parameter [1] as [INTEGER] - [8]
01:57:39 DEBUG org.hibernate.SQL - 
    select
        c1_0.id,
        c1_0.description,
        c1_0.gender,
        c1_0.name 
    from
        categories c1_0 
    where
        c1_0.id=?
01:57:39 TRACE org.hibernate.orm.jdbc.bind - binding parameter [1] as [INTEGER] - [1]
01:57:49 DEBUG org.hibernate.SQL - 
    select
        c1_0.id,
        c1_0.description,
        c1_0.gender,
        c1_0.name 
    from
        categories c1_0
01:57:49 DEBUG org.hibernate.SQL - 
    select
        p1_0.id,
        p1_0.base_price,
        p1_0.category_id,
        p1_0.created_at,
        p1_0.description,
        p1_0.image_url,
        p1_0.name 
    from
        products p1_0 
    where
        p1_0.id=?
01:57:49 TRACE org.hibernate.orm.jdbc.bind - binding parameter [1] as [INTEGER] - [1]
01:57:49 DEBUG org.hibernate.SQL - 
    select
        p1_0.id,
        p1_0.color,
        p1_0.product_id,
        p1_0.quantity,
        p1_0.size 
    from
        product_variants p1_0 
    where
        p1_0.product_id=? 
    order by
        p1_0.id
01:57:49 TRACE org.hibernate.orm.jdbc.bind - binding parameter [1] as [INTEGER] - [1]
01:57:49 DEBUG org.hibernate.SQL - 
    select
        c1_0.id,
        c1_0.description,
        c1_0.gender,
        c1_0.name 
    from
        categories c1_0 
    where
        c1_0.id=?
01:57:49 TRACE org.hibernate.orm.jdbc.bind - binding parameter [1] as [INTEGER] - [1]
01:58:50 DEBUG org.hibernate.SQL - 
    select
        c1_0.id,
        c1_0.description,
        c1_0.gender,
        c1_0.name 
    from
        categories c1_0
01:58:50 DEBUG org.hibernate.SQL - 
    select
        p1_0.id,
        p1_0.base_price,
        p1_0.category_id,
        p1_0.created_at,
        p1_0.description,
        p1_0.image_url,
        p1_0.name 
    from
        products p1_0 
    where
        p1_0.id=?
01:58:50 TRACE org.hibernate.orm.jdbc.bind - binding parameter [1] as [INTEGER] - [8]
01:58:50 DEBUG org.hibernate.SQL - 
    select
        p1_0.id,
        p1_0.color,
        p1_0.product_id,
        p1_0.quantity,
        p1_0.size 
    from
        product_variants p1_0 
    where
        p1_0.product_id=? 
    order by
        p1_0.id
01:58:50 TRACE org.hibernate.orm.jdbc.bind - binding parameter [1] as [INTEGER] - [8]
01:58:50 INFO  org.hibernate.SQL_SLOW - SlowQuery: 2 milliseconds. SQL: 'com.mysql.cj.jdbc.ClientPreparedStatement: select p1_0.id,p1_0.color,p1_0.product_id,p1_0.quantity,p1_0.size from product_variants p1_0 where p1_0.product_id=8 order by p1_0.id'
01:58:50 DEBUG org.hibernate.SQL - 
    select
        p1_0.id,
        p1_0.color,
        p1_0.image_url,
        p1_0.product_id 
    from
        product_images p1_0 
    where
        p1_0.product_id=? 
    order by
        p1_0.id
01:58:50 TRACE org.hibernate.orm.jdbc.bind - binding parameter [1] as [INTEGER] - [8]
01:58:50 INFO  org.hibernate.SQL_SLOW - SlowQuery: 15 milliseconds. SQL: 'com.mysql.cj.jdbc.ClientPreparedStatement: select p1_0.id,p1_0.color,p1_0.image_url,p1_0.product_id from product_images p1_0 where p1_0.product_id=8 order by p1_0.id'
01:58:50 DEBUG org.hibernate.SQL - 
    select
        c1_0.id,
        c1_0.description,
        c1_0.gender,
        c1_0.name 
    from
        categories c1_0 
    where
        c1_0.id=?
01:58:50 TRACE org.hibernate.orm.jdbc.bind - binding parameter [1] as [INTEGER] - [1]
01:59:09 DEBUG org.hibernate.SQL - 
    select
        c1_0.id,
        c1_0.description,
        c1_0.gender,
        c1_0.name 
    from
        categories c1_0
01:59:09 DEBUG org.hibernate.SQL - 
    select
        c1_0.id,
        c1_0.description,
        c1_0.gender,
        c1_0.name 
    from
        categories c1_0
01:59:09 DEBUG org.hibernate.SQL - 
    select
        p1_0.id,
        p1_0.base_price,
        p1_0.category_id,
        p1_0.created_at,
        p1_0.description,
        p1_0.image_url,
        p1_0.name 
    from
        products p1_0 
    where
        p1_0.id=?
01:59:09 TRACE org.hibernate.orm.jdbc.bind - binding parameter [1] as [INTEGER] - [2]
01:59:09 DEBUG org.hibernate.SQL - 
    select
        p1_0.id,
        p1_0.color,
        p1_0.product_id,
        p1_0.quantity,
        p1_0.size 
    from
        product_variants p1_0 
    where
        p1_0.product_id=? 
    order by
        p1_0.id
01:59:09 TRACE org.hibernate.orm.jdbc.bind - binding parameter [1] as [INTEGER] - [2]
01:59:09 DEBUG org.hibernate.SQL - 
    select
        p1_0.id,
        p1_0.color,
        p1_0.image_url,
        p1_0.product_id 
    from
        product_images p1_0 
    where
        p1_0.product_id=? 
    order by
        p1_0.id
01:59:09 TRACE org.hibernate.orm.jdbc.bind - binding parameter [1] as [INTEGER] - [2]
01:59:09 DEBUG org.hibernate.SQL - 
    select
        c1_0.id,
        c1_0.description,
        c1_0.gender,
        c1_0.name 
    from
        categories c1_0 
    where
        c1_0.id=?
01:59:09 TRACE org.hibernate.orm.jdbc.bind - binding parameter [1] as [INTEGER] - [1]
01:59:09 DEBUG org.hibernate.SQL - 
    select
        c1_0.id,
        c1_0.description,
        c1_0.gender,
        c1_0.name 
    from
        categories c1_0
01:59:09 DEBUG org.hibernate.SQL - 
    select
        c1_0.id,
        c1_0.description,
        c1_0.gender,
        c1_0.name 
    from
        categories c1_0
01:59:20 DEBUG org.hibernate.SQL - 
    select
        u1_0.id,
        u1_0.address,
        u1_0.birthday,
        c1_0.id,
        c1_0.created_at,
        u1_0.created_at,
        u1_0.credit_limit,
        u1_0.email,
        u1_0.gender,
        u1_0.job,
        u1_0.name,
        u1_0.password_hash,
        u1_0.role 
    from
        users u1_0 
    left join
        carts c1_0 
            on u1_0.id=c1_0.user_id 
    where
        u1_0.id=?
01:59:20 TRACE org.hibernate.orm.jdbc.bind - binding parameter [1] as [INTEGER] - [4]
01:59:20 DEBUG org.hibernate.SQL - 
    select
        p1_0.id,
        p1_0.color,
        p1_0.product_id,
        p1_0.quantity,
        p1_0.size 
    from
        product_variants p1_0 
    where
        p1_0.id=?
01:59:20 TRACE org.hibernate.orm.jdbc.bind - binding parameter [1] as [INTEGER] - [12]
01:59:20 DEBUG org.hibernate.SQL - 
    insert 
    into
        cart_items
        (cart_id,end_date,quantity,start_date,variant_id) 
    values
        (?,?,?,?,?)
01:59:20 TRACE org.hibernate.orm.jdbc.bind - binding parameter [1] as [INTEGER] - [3]
01:59:20 TRACE org.hibernate.orm.jdbc.bind - binding parameter [2] as [DATE] - [2026-03-24]
01:59:20 TRACE org.hibernate.orm.jdbc.bind - binding parameter [3] as [INTEGER] - [1]
01:59:20 TRACE org.hibernate.orm.jdbc.bind - binding parameter [4] as [DATE] - [2026-03-23]
01:59:20 TRACE org.hibernate.orm.jdbc.bind - binding parameter [5] as [INTEGER] - [12]
01:59:20 INFO  org.hibernate.SQL_SLOW - SlowQuery: 3 milliseconds. SQL: 'insert into cart_items (cart_id,end_date,quantity,start_date,variant_id) values (?,?,?,?,?)'
01:59:46 DEBUG org.hibernate.SQL - 
    select
        u1_0.id,
        u1_0.address,
        u1_0.birthday,
        c1_0.id,
        c1_0.created_at,
        u1_0.created_at,
        u1_0.credit_limit,
        u1_0.email,
        u1_0.gender,
        u1_0.job,
        u1_0.name,
        u1_0.password_hash,
        u1_0.role 
    from
        users u1_0 
    left join
        carts c1_0 
            on u1_0.id=c1_0.user_id 
    where
        u1_0.id=?
01:59:46 TRACE org.hibernate.orm.jdbc.bind - binding parameter [1] as [INTEGER] - [4]
01:59:46 DEBUG org.hibernate.SQL - 
    select
        c1_0.id,
        c1_0.cart_id,
        c1_0.end_date,
        c1_0.quantity,
        c1_0.start_date,
        c1_0.variant_id 
    from
        cart_items c1_0 
    where
        c1_0.id=?
01:59:46 TRACE org.hibernate.orm.jdbc.bind - binding parameter [1] as [INTEGER] - [26]
01:59:46 DEBUG org.hibernate.SQL - 
    select
        c1_0.cart_id,
        c1_0.id,
        c1_0.end_date,
        c1_0.quantity,
        c1_0.start_date,
        c1_0.variant_id 
    from
        cart_items c1_0 
    where
        c1_0.cart_id=?
01:59:46 TRACE org.hibernate.orm.jdbc.bind - binding parameter [1] as [INTEGER] - [3]
01:59:46 DEBUG org.hibernate.SQL - 
    delete 
    from
        cart_items 
    where
        id=?
01:59:46 TRACE org.hibernate.orm.jdbc.bind - binding parameter [1] as [INTEGER] - [26]
02:00:16 DEBUG org.hibernate.SQL - 
    select
        c1_0.id,
        c1_0.description,
        c1_0.gender,
        c1_0.name 
    from
        categories c1_0
02:00:16 DEBUG org.hibernate.SQL - 
    select
        u1_0.id,
        u1_0.address,
        u1_0.birthday,
        c1_0.id,
        c1_0.created_at,
        u1_0.created_at,
        u1_0.credit_limit,
        u1_0.email,
        u1_0.gender,
        u1_0.job,
        u1_0.name,
        u1_0.password_hash,
        u1_0.role 
    from
        users u1_0 
    left join
        carts c1_0 
            on u1_0.id=c1_0.user_id 
    where
        u1_0.id=?
02:00:16 TRACE org.hibernate.orm.jdbc.bind - binding parameter [1] as [INTEGER] - [4]
02:00:16 DEBUG org.hibernate.SQL - 
    select
        c1_0.cart_id,
        c1_0.id,
        c1_0.end_date,
        c1_0.quantity,
        c1_0.start_date,
        c1_0.variant_id 
    from
        cart_items c1_0 
    where
        c1_0.cart_id=?
02:00:16 TRACE org.hibernate.orm.jdbc.bind - binding parameter [1] as [INTEGER] - [3]
02:00:16 DEBUG org.hibernate.SQL - 
    select
        p1_0.id,
        p1_0.color,
        p1_0.product_id,
        p1_0.quantity,
        p1_0.size 
    from
        product_variants p1_0 
    where
        p1_0.id=?
02:00:16 TRACE org.hibernate.orm.jdbc.bind - binding parameter [1] as [INTEGER] - [12]
02:00:16 DEBUG org.hibernate.SQL - 
    select
        p1_0.id,
        p1_0.base_price,
        p1_0.category_id,
        p1_0.created_at,
        p1_0.description,
        p1_0.image_url,
        p1_0.name 
    from
        products p1_0 
    where
        p1_0.id=?
02:00:16 TRACE org.hibernate.orm.jdbc.bind - binding parameter [1] as [INTEGER] - [2]
02:00:16 DEBUG org.hibernate.SQL - 
    select
        c1_0.id,
        c1_0.description,
        c1_0.gender,
        c1_0.name 
    from
        categories c1_0 
    where
        c1_0.id=?
02:00:16 TRACE org.hibernate.orm.jdbc.bind - binding parameter [1] as [INTEGER] - [1]
02:00:25 DEBUG org.hibernate.SQL - 
    select
        u1_0.id,
        u1_0.address,
        u1_0.birthday,
        c1_0.id,
        c1_0.created_at,
        u1_0.created_at,
        u1_0.credit_limit,
        u1_0.email,
        u1_0.gender,
        u1_0.job,
        u1_0.name,
        u1_0.password_hash,
        u1_0.role 
    from
        users u1_0 
    left join
        carts c1_0 
            on u1_0.id=c1_0.user_id 
    where
        u1_0.id=?
02:00:25 TRACE org.hibernate.orm.jdbc.bind - binding parameter [1] as [INTEGER] - [4]
02:00:25 DEBUG org.hibernate.SQL - 
    select
        p1_0.id,
        p1_0.color,
        p1_0.product_id,
        p1_0.quantity,
        p1_0.size 
    from
        product_variants p1_0 
    where
        p1_0.id=?
02:00:25 TRACE org.hibernate.orm.jdbc.bind - binding parameter [1] as [INTEGER] - [12]
02:00:25 DEBUG org.hibernate.SQL - 
    select
        p1_0.id,
        p1_0.base_price,
        p1_0.category_id,
        p1_0.created_at,
        p1_0.description,
        p1_0.image_url,
        p1_0.name 
    from
        products p1_0 
    where
        p1_0.id=?
02:00:25 TRACE org.hibernate.orm.jdbc.bind - binding parameter [1] as [INTEGER] - [2]
02:00:25 DEBUG org.hibernate.SQL - 
    insert 
    into
        orders
        (created_at,status,total_amount,user_id) 
    values
        (?,?,?,?)
02:00:25 TRACE org.hibernate.orm.jdbc.bind - binding parameter [1] as [TIMESTAMP_UTC] - [2026-03-24T00:00:25.251704Z]
02:00:25 TRACE org.hibernate.orm.jdbc.bind - binding parameter [2] as [VARCHAR] - [ORDERED]
02:00:25 TRACE org.hibernate.orm.jdbc.bind - binding parameter [3] as [NUMERIC] - [55.00]
02:00:25 TRACE org.hibernate.orm.jdbc.bind - binding parameter [4] as [INTEGER] - [4]
02:00:25 INFO  org.hibernate.SQL_SLOW - SlowQuery: 2 milliseconds. SQL: 'insert into orders (created_at,status,total_amount,user_id) values (?,?,?,?)'
02:00:25 DEBUG org.hibernate.SQL - 
    insert 
    into
        order_items
        (end_date,order_id,price_at_purchase,quantity,start_date,variant_id) 
    values
        (?,?,?,?,?,?)
02:00:25 TRACE org.hibernate.orm.jdbc.bind - binding parameter [1] as [DATE] - [2026-03-24]
02:00:25 TRACE org.hibernate.orm.jdbc.bind - binding parameter [2] as [INTEGER] - [10]
02:00:25 TRACE org.hibernate.orm.jdbc.bind - binding parameter [3] as [NUMERIC] - [55.00]
02:00:25 TRACE org.hibernate.orm.jdbc.bind - binding parameter [4] as [INTEGER] - [1]
02:00:25 TRACE org.hibernate.orm.jdbc.bind - binding parameter [5] as [DATE] - [2026-03-23]
02:00:25 TRACE org.hibernate.orm.jdbc.bind - binding parameter [6] as [INTEGER] - [12]
02:00:25 DEBUG org.hibernate.SQL - 
    update
        users 
    set
        address=?,
        birthday=?,
        created_at=?,
        credit_limit=?,
        email=?,
        gender=?,
        job=?,
        name=?,
        password_hash=?,
        role=? 
    where
        id=?
02:00:25 TRACE org.hibernate.orm.jdbc.bind - binding parameter [1] as [VARCHAR] - [Nasr city,cairo]
02:00:25 TRACE org.hibernate.orm.jdbc.bind - binding parameter [2] as [DATE] - [2003-03-06]
02:00:25 TRACE org.hibernate.orm.jdbc.bind - binding parameter [3] as [TIMESTAMP_UTC] - [2026-03-23T14:05:23Z]
02:00:25 TRACE org.hibernate.orm.jdbc.bind - binding parameter [4] as [NUMERIC] - [7185.00]
02:00:25 TRACE org.hibernate.orm.jdbc.bind - binding parameter [5] as [VARCHAR] - [noureenaboarab@gmail.com]
02:00:25 TRACE org.hibernate.orm.jdbc.bind - binding parameter [6] as [VARCHAR] - [FEMALE]
02:00:25 TRACE org.hibernate.orm.jdbc.bind - binding parameter [7] as [VARCHAR] - [null]
02:00:25 TRACE org.hibernate.orm.jdbc.bind - binding parameter [8] as [VARCHAR] - [Noureen Ashraf Aboarab]
02:00:25 TRACE org.hibernate.orm.jdbc.bind - binding parameter [9] as [VARCHAR] - [$2a$12$C1.IwRbXGPUSErmZb9S8QueI6JqJ/EMsDEwCj3I.RM9X7Z.MYB3V.]
02:00:25 TRACE org.hibernate.orm.jdbc.bind - binding parameter [10] as [VARCHAR] - [USER]
02:00:25 TRACE org.hibernate.orm.jdbc.bind - binding parameter [11] as [INTEGER] - [4]
02:00:25 INFO  org.hibernate.SQL_SLOW - SlowQuery: 2 milliseconds. SQL: 'update users set address=?,birthday=?,created_at=?,credit_limit=?,email=?,gender=?,job=?,name=?,password_hash=?,role=? where id=?'
02:00:25 DEBUG org.hibernate.SQL - 
    update
        product_variants 
    set
        color=?,
        product_id=?,
        quantity=?,
        size=? 
    where
        id=?
02:00:25 TRACE org.hibernate.orm.jdbc.bind - binding parameter [1] as [VARCHAR] - [#F4C2C2-Blush Pink]
02:00:25 TRACE org.hibernate.orm.jdbc.bind - binding parameter [2] as [INTEGER] - [2]
02:00:25 TRACE org.hibernate.orm.jdbc.bind - binding parameter [3] as [INTEGER] - [1]
02:00:25 TRACE org.hibernate.orm.jdbc.bind - binding parameter [4] as [VARCHAR] - [L]
02:00:25 TRACE org.hibernate.orm.jdbc.bind - binding parameter [5] as [INTEGER] - [12]
02:00:25 DEBUG org.hibernate.SQL - 
    select
        c1_0.cart_id,
        c1_0.id,
        c1_0.end_date,
        c1_0.quantity,
        c1_0.start_date,
        c1_0.variant_id 
    from
        cart_items c1_0 
    where
        c1_0.cart_id=?
02:00:25 TRACE org.hibernate.orm.jdbc.bind - binding parameter [1] as [INTEGER] - [3]
02:00:25 DEBUG org.hibernate.SQL - 
    delete 
    from
        cart_items 
    where
        id=?
02:00:25 TRACE org.hibernate.orm.jdbc.bind - binding parameter [1] as [INTEGER] - [27]
02:00:25 DEBUG org.hibernate.SQL - 
    select
        c1_0.id,
        c1_0.description,
        c1_0.gender,
        c1_0.name 
    from
        categories c1_0
02:00:25 DEBUG org.hibernate.SQL - 
    select
        c1_0.id,
        c1_0.description,
        c1_0.gender,
        c1_0.name 
    from
        categories c1_0
02:00:25 DEBUG org.hibernate.SQL - 
    select
        u1_0.id,
        u1_0.address,
        u1_0.birthday,
        c1_0.id,
        c1_0.created_at,
        u1_0.created_at,
        u1_0.credit_limit,
        u1_0.email,
        u1_0.gender,
        u1_0.job,
        u1_0.name,
        u1_0.password_hash,
        u1_0.role 
    from
        users u1_0 
    left join
        carts c1_0 
            on u1_0.id=c1_0.user_id 
    where
        u1_0.id=?
02:00:25 TRACE org.hibernate.orm.jdbc.bind - binding parameter [1] as [INTEGER] - [4]
02:00:25 DEBUG org.hibernate.SQL - 
    select
        c1_0.cart_id,
        c1_0.id,
        c1_0.end_date,
        c1_0.quantity,
        c1_0.start_date,
        c1_0.variant_id 
    from
        cart_items c1_0 
    where
        c1_0.cart_id=?
02:00:25 TRACE org.hibernate.orm.jdbc.bind - binding parameter [1] as [INTEGER] - [3]
02:00:25 DEBUG org.hibernate.SQL - 
    select
        distinct o1_0.id,
        o1_0.created_at,
        o2_0.order_id,
        o2_0.id,
        o2_0.end_date,
        o2_0.price_at_purchase,
        o2_0.quantity,
        o2_0.start_date,
        v1_0.id,
        v1_0.color,
        v1_0.product_id,
        p1_0.id,
        p1_0.base_price,
        p1_0.category_id,
        p1_0.created_at,
        p1_0.description,
        p1_0.image_url,
        p1_0.name,
        v1_0.quantity,
        v1_0.size,
        o1_0.status,
        o1_0.total_amount,
        o1_0.user_id 
    from
        orders o1_0 
    left join
        order_items o2_0 
            on o1_0.id=o2_0.order_id 
    left join
        product_variants v1_0 
            on v1_0.id=o2_0.variant_id 
    left join
        products p1_0 
            on p1_0.id=v1_0.product_id 
    where
        o1_0.user_id=? 
    order by
        o1_0.created_at desc
02:00:25 TRACE org.hibernate.orm.jdbc.bind - binding parameter [1] as [INTEGER] - [4]
02:00:25 DEBUG org.hibernate.SQL - 
    select
        p1_0.product_id,
        p1_0.id,
        p1_0.color,
        p1_0.image_url 
    from
        product_images p1_0 
    where
        p1_0.product_id=? 
    order by
        p1_0.id
02:00:25 TRACE org.hibernate.orm.jdbc.bind - binding parameter [1] as [INTEGER] - [2]
02:00:25 DEBUG org.hibernate.SQL - 
    select
        p1_0.product_id,
        p1_0.id,
        p1_0.color,
        p1_0.image_url 
    from
        product_images p1_0 
    where
        p1_0.product_id=? 
    order by
        p1_0.id
02:00:25 TRACE org.hibernate.orm.jdbc.bind - binding parameter [1] as [INTEGER] - [1]
02:00:25 DEBUG org.hibernate.SQL - 
    select
        p1_0.product_id,
        p1_0.id,
        p1_0.color,
        p1_0.image_url 
    from
        product_images p1_0 
    where
        p1_0.product_id=? 
    order by
        p1_0.id
02:00:25 TRACE org.hibernate.orm.jdbc.bind - binding parameter [1] as [INTEGER] - [3]
02:00:29 DEBUG org.hibernate.SQL - 
    select
        c1_0.id,
        c1_0.description,
        c1_0.gender,
        c1_0.name 
    from
        categories c1_0
02:00:29 DEBUG org.hibernate.SQL - 
    select
        c1_0.id,
        c1_0.description,
        c1_0.gender,
        c1_0.name 
    from
        categories c1_0
02:00:29 DEBUG org.hibernate.SQL - 
    select
        c1_0.id,
        c1_0.description,
        c1_0.gender,
        c1_0.name 
    from
        categories c1_0
02:00:29 DEBUG org.hibernate.SQL - 
    select
        p1_0.id 
    from
        products p1_0 
    left join
        categories c1_0 
            on c1_0.id=p1_0.category_id 
    where
        (
            ? is null 
            or c1_0.gender=?
        ) 
        and (
            ? is null 
            or p1_0.base_price>=?
        ) 
        and (
            ? is null 
            or p1_0.base_price<=?
        ) 
    order by
        p1_0.created_at desc limit ?,
        ?
02:00:29 TRACE org.hibernate.orm.jdbc.bind - binding parameter [1] as [VARCHAR] - [null]
02:00:29 TRACE org.hibernate.orm.jdbc.bind - binding parameter [2] as [VARCHAR] - [null]
02:00:29 TRACE org.hibernate.orm.jdbc.bind - binding parameter [3] as [NUMERIC] - [null]
02:00:29 TRACE org.hibernate.orm.jdbc.bind - binding parameter [4] as [NUMERIC] - [null]
02:00:29 TRACE org.hibernate.orm.jdbc.bind - binding parameter [5] as [NUMERIC] - [null]
02:00:29 TRACE org.hibernate.orm.jdbc.bind - binding parameter [6] as [NUMERIC] - [null]
02:00:29 TRACE org.hibernate.orm.jdbc.bind - binding parameter [7] as [INTEGER] - [0]
02:00:29 TRACE org.hibernate.orm.jdbc.bind - binding parameter [8] as [INTEGER] - [20]
02:00:29 DEBUG org.hibernate.SQL - 
    select
        distinct p1_0.id,
        p1_0.base_price,
        c1_0.id,
        c1_0.description,
        c1_0.gender,
        c1_0.name,
        p1_0.created_at,
        p1_0.description,
        p1_0.image_url,
        p1_0.name,
        p2_0.product_id,
        p2_0.id,
        p2_0.color,
        p2_0.quantity,
        p2_0.size 
    from
        products p1_0 
    left join
        product_variants p2_0 
            on p1_0.id=p2_0.product_id 
    left join
        categories c1_0 
            on c1_0.id=p1_0.category_id 
    where
        p1_0.id in(?,?,?,?,?,?,?,?) 
    order by
        p1_0.created_at desc,
        p2_0.id
02:00:29 TRACE org.hibernate.orm.jdbc.bind - binding parameter [1] as [INTEGER] - [1]
02:00:29 TRACE org.hibernate.orm.jdbc.bind - binding parameter [2] as [INTEGER] - [8]
02:00:29 TRACE org.hibernate.orm.jdbc.bind - binding parameter [3] as [INTEGER] - [2]
02:00:29 TRACE org.hibernate.orm.jdbc.bind - binding parameter [4] as [INTEGER] - [3]
02:00:29 TRACE org.hibernate.orm.jdbc.bind - binding parameter [5] as [INTEGER] - [4]
02:00:29 TRACE org.hibernate.orm.jdbc.bind - binding parameter [6] as [INTEGER] - [5]
02:00:29 TRACE org.hibernate.orm.jdbc.bind - binding parameter [7] as [INTEGER] - [6]
02:00:29 TRACE org.hibernate.orm.jdbc.bind - binding parameter [8] as [INTEGER] - [7]
02:00:29 DEBUG org.hibernate.SQL - 
    select
        count(distinct p1_0.id) 
    from
        products p1_0 
    left join
        categories c1_0 
            on c1_0.id=p1_0.category_id 
    where
        (
            ? is null 
            or c1_0.gender=?
        ) 
        and (
            ? is null 
            or p1_0.base_price>=?
        ) 
        and (
            ? is null 
            or p1_0.base_price<=?
        )
02:00:29 TRACE org.hibernate.orm.jdbc.bind - binding parameter [1] as [VARCHAR] - [null]
02:00:29 TRACE org.hibernate.orm.jdbc.bind - binding parameter [2] as [VARCHAR] - [null]
02:00:29 TRACE org.hibernate.orm.jdbc.bind - binding parameter [3] as [NUMERIC] - [null]
02:00:29 TRACE org.hibernate.orm.jdbc.bind - binding parameter [4] as [NUMERIC] - [null]
02:00:29 TRACE org.hibernate.orm.jdbc.bind - binding parameter [5] as [NUMERIC] - [null]
02:00:29 TRACE org.hibernate.orm.jdbc.bind - binding parameter [6] as [NUMERIC] - [null]
02:00:29 DEBUG org.hibernate.SQL - 
    select
        p1_0.id,
        p1_0.color,
        p1_0.product_id,
        p1_0.quantity,
        p1_0.size 
    from
        product_variants p1_0 
    where
        p1_0.product_id in(?,?,?,?,?,?,?,?) 
    order by
        p1_0.product_id,
        p1_0.id
02:00:29 TRACE org.hibernate.orm.jdbc.bind - binding parameter [1] as [INTEGER] - [1]
02:00:29 TRACE org.hibernate.orm.jdbc.bind - binding parameter [2] as [INTEGER] - [8]
02:00:29 TRACE org.hibernate.orm.jdbc.bind - binding parameter [3] as [INTEGER] - [2]
02:00:29 TRACE org.hibernate.orm.jdbc.bind - binding parameter [4] as [INTEGER] - [3]
02:00:29 TRACE org.hibernate.orm.jdbc.bind - binding parameter [5] as [INTEGER] - [4]
02:00:29 TRACE org.hibernate.orm.jdbc.bind - binding parameter [6] as [INTEGER] - [5]
02:00:29 TRACE org.hibernate.orm.jdbc.bind - binding parameter [7] as [INTEGER] - [6]
02:00:29 TRACE org.hibernate.orm.jdbc.bind - binding parameter [8] as [INTEGER] - [7]
02:00:42 DEBUG org.hibernate.SQL - 
    select
        c1_0.id,
        c1_0.description,
        c1_0.gender,
        c1_0.name 
    from
        categories c1_0
02:00:42 DEBUG org.hibernate.SQL - 
    select
        c1_0.id,
        c1_0.description,
        c1_0.gender,
        c1_0.name 
    from
        categories c1_0 
    where
        c1_0.gender=? 
    order by
        c1_0.name
02:00:42 TRACE org.hibernate.orm.jdbc.bind - binding parameter [1] as [VARCHAR] - [FEMALE]
02:00:42 DEBUG org.hibernate.SQL - 
    select
        c1_0.id,
        c1_0.description,
        c1_0.gender,
        c1_0.name 
    from
        categories c1_0 
    where
        c1_0.gender=? 
    order by
        c1_0.name
02:00:42 TRACE org.hibernate.orm.jdbc.bind - binding parameter [1] as [VARCHAR] - [MALE]
02:00:42 DEBUG org.hibernate.SQL - 
    select
        u1_0.id,
        u1_0.address,
        u1_0.birthday,
        c1_0.id,
        c1_0.created_at,
        u1_0.created_at,
        u1_0.credit_limit,
        u1_0.email,
        u1_0.gender,
        u1_0.job,
        u1_0.name,
        u1_0.password_hash,
        u1_0.role 
    from
        users u1_0 
    left join
        carts c1_0 
            on u1_0.id=c1_0.user_id 
    where
        u1_0.id=?
02:00:42 TRACE org.hibernate.orm.jdbc.bind - binding parameter [1] as [INTEGER] - [4]
02:00:42 DEBUG org.hibernate.SQL - 
    select
        c1_0.cart_id,
        c1_0.id,
        c1_0.end_date,
        c1_0.quantity,
        c1_0.start_date,
        c1_0.variant_id 
    from
        cart_items c1_0 
    where
        c1_0.cart_id=?
02:00:42 TRACE org.hibernate.orm.jdbc.bind - binding parameter [1] as [INTEGER] - [3]
02:00:42 DEBUG org.hibernate.SQL - 
    select
        c1_0.id,
        c1_0.description,
        c1_0.gender,
        c1_0.name 
    from
        categories c1_0
02:00:42 DEBUG org.hibernate.SQL - 
    select
        c1_0.id,
        c1_0.description,
        c1_0.gender,
        c1_0.name 
    from
        categories c1_0
02:00:42 DEBUG org.hibernate.SQL - 
    select
        c1_0.id,
        c1_0.description,
        c1_0.gender,
        c1_0.name 
    from
        categories c1_0
02:00:42 DEBUG org.hibernate.SQL - 
    select
        c1_0.id,
        c1_0.description,
        c1_0.gender,
        c1_0.name 
    from
        categories c1_0
02:00:42 DEBUG org.hibernate.SQL - 
    select
        p1_0.id 
    from
        products p1_0 
    left join
        categories c1_0 
            on c1_0.id=p1_0.category_id 
    where
        (
            ? is null 
            or c1_0.gender=?
        ) 
        and (
            ? is null 
            or p1_0.base_price>=?
        ) 
        and (
            ? is null 
            or p1_0.base_price<=?
        ) 
    order by
        p1_0.created_at desc limit ?,
        ?
02:00:42 DEBUG org.hibernate.SQL - 
    select
        p1_0.id 
    from
        products p1_0 
    where
        p1_0.created_at>=? 
    order by
        p1_0.created_at desc limit ?,
        ?
02:00:42 TRACE org.hibernate.orm.jdbc.bind - binding parameter [1] as [TIMESTAMP_UTC] - [2026-02-22T00:00:42.356719400Z]
02:00:42 TRACE org.hibernate.orm.jdbc.bind - binding parameter [2] as [INTEGER] - [0]
02:00:42 TRACE org.hibernate.orm.jdbc.bind - binding parameter [3] as [INTEGER] - [4]
02:00:42 TRACE org.hibernate.orm.jdbc.bind - binding parameter [1] as [VARCHAR] - [FEMALE]
02:00:42 TRACE org.hibernate.orm.jdbc.bind - binding parameter [2] as [VARCHAR] - [FEMALE]
02:00:42 TRACE org.hibernate.orm.jdbc.bind - binding parameter [3] as [NUMERIC] - [null]
02:00:42 TRACE org.hibernate.orm.jdbc.bind - binding parameter [4] as [NUMERIC] - [null]
02:00:42 TRACE org.hibernate.orm.jdbc.bind - binding parameter [5] as [NUMERIC] - [null]
02:00:42 TRACE org.hibernate.orm.jdbc.bind - binding parameter [6] as [NUMERIC] - [null]
02:00:42 TRACE org.hibernate.orm.jdbc.bind - binding parameter [7] as [INTEGER] - [0]
02:00:42 TRACE org.hibernate.orm.jdbc.bind - binding parameter [8] as [INTEGER] - [4]
02:00:42 DEBUG org.hibernate.SQL - 
    select
        p1_0.id 
    from
        products p1_0 
    left join
        categories c1_0 
            on c1_0.id=p1_0.category_id 
    where
        (
            ? is null 
            or c1_0.gender=?
        ) 
        and (
            ? is null 
            or p1_0.base_price>=?
        ) 
        and (
            ? is null 
            or p1_0.base_price<=?
        ) 
    order by
        p1_0.created_at desc limit ?,
        ?
02:00:42 TRACE org.hibernate.orm.jdbc.bind - binding parameter [1] as [VARCHAR] - [MALE]
02:00:42 TRACE org.hibernate.orm.jdbc.bind - binding parameter [2] as [VARCHAR] - [MALE]
02:00:42 TRACE org.hibernate.orm.jdbc.bind - binding parameter [3] as [NUMERIC] - [null]
02:00:42 TRACE org.hibernate.orm.jdbc.bind - binding parameter [4] as [NUMERIC] - [null]
02:00:42 TRACE org.hibernate.orm.jdbc.bind - binding parameter [5] as [NUMERIC] - [null]
02:00:42 TRACE org.hibernate.orm.jdbc.bind - binding parameter [6] as [NUMERIC] - [null]
02:00:42 TRACE org.hibernate.orm.jdbc.bind - binding parameter [7] as [INTEGER] - [0]
02:00:42 TRACE org.hibernate.orm.jdbc.bind - binding parameter [8] as [INTEGER] - [4]
02:00:42 DEBUG org.hibernate.SQL - 
    select
        distinct p1_0.id,
        p1_0.base_price,
        c1_0.id,
        c1_0.description,
        c1_0.gender,
        c1_0.name,
        p1_0.created_at,
        p1_0.description,
        p1_0.image_url,
        p1_0.name,
        p2_0.product_id,
        p2_0.id,
        p2_0.color,
        p2_0.quantity,
        p2_0.size 
    from
        products p1_0 
    left join
        product_variants p2_0 
            on p1_0.id=p2_0.product_id 
    left join
        categories c1_0 
            on c1_0.id=p1_0.category_id 
    where
        p1_0.id in(?,?,?,?) 
    order by
        p1_0.created_at desc,
        p2_0.id
02:00:42 DEBUG org.hibernate.SQL - 
    select
        distinct p1_0.id,
        p1_0.base_price,
        c1_0.id,
        c1_0.description,
        c1_0.gender,
        c1_0.name,
        p1_0.created_at,
        p1_0.description,
        p1_0.image_url,
        p1_0.name,
        p2_0.product_id,
        p2_0.id,
        p2_0.color,
        p2_0.quantity,
        p2_0.size 
    from
        products p1_0 
    left join
        product_variants p2_0 
            on p1_0.id=p2_0.product_id 
    left join
        categories c1_0 
            on c1_0.id=p1_0.category_id 
    where
        p1_0.id in(?,?) 
    order by
        p1_0.created_at desc,
        p2_0.id
02:00:42 DEBUG org.hibernate.SQL - 
    select
        p1_0.id 
    from
        products p1_0 
    left join
        categories c1_0 
            on c1_0.id=p1_0.category_id 
    where
        p1_0.category_id in(?,?,?) 
        and (
            ? is null 
            or c1_0.gender=?
        ) 
        and (
            ? is null 
            or p1_0.base_price>=?
        ) 
        and (
            ? is null 
            or p1_0.base_price<=?
        ) 
    order by
        p1_0.created_at desc limit ?,
        ?
02:00:42 DEBUG org.hibernate.SQL - 
    select
        distinct p1_0.id,
        p1_0.base_price,
        c1_0.id,
        c1_0.description,
        c1_0.gender,
        c1_0.name,
        p1_0.created_at,
        p1_0.description,
        p1_0.image_url,
        p1_0.name,
        p2_0.product_id,
        p2_0.id,
        p2_0.color,
        p2_0.quantity,
        p2_0.size 
    from
        products p1_0 
    left join
        product_variants p2_0 
            on p1_0.id=p2_0.product_id 
    left join
        categories c1_0 
            on c1_0.id=p1_0.category_id 
    where
        p1_0.id in(?,?,?,?) 
    order by
        p1_0.created_at desc,
        p2_0.id
02:00:42 TRACE org.hibernate.orm.jdbc.bind - binding parameter [1] as [INTEGER] - [1]
02:00:42 TRACE org.hibernate.orm.jdbc.bind - binding parameter [2] as [INTEGER] - [8]
02:00:42 TRACE org.hibernate.orm.jdbc.bind - binding parameter [1] as [INTEGER] - [6]
02:00:42 TRACE org.hibernate.orm.jdbc.bind - binding parameter [3] as [INTEGER] - [2]
02:00:42 TRACE org.hibernate.orm.jdbc.bind - binding parameter [1] as [INTEGER] - [1]
02:00:42 TRACE org.hibernate.orm.jdbc.bind - binding parameter [2] as [INTEGER] - [3]
02:00:42 TRACE org.hibernate.orm.jdbc.bind - binding parameter [4] as [INTEGER] - [3]
02:00:42 TRACE org.hibernate.orm.jdbc.bind - binding parameter [2] as [INTEGER] - [7]
02:00:42 TRACE org.hibernate.orm.jdbc.bind - binding parameter [1] as [INTEGER] - [1]
02:00:42 TRACE org.hibernate.orm.jdbc.bind - binding parameter [2] as [INTEGER] - [8]
02:00:42 TRACE org.hibernate.orm.jdbc.bind - binding parameter [3] as [INTEGER] - [2]
02:00:42 TRACE org.hibernate.orm.jdbc.bind - binding parameter [4] as [INTEGER] - [3]
02:00:42 TRACE org.hibernate.orm.jdbc.bind - binding parameter [3] as [INTEGER] - [4]
02:00:42 TRACE org.hibernate.orm.jdbc.bind - binding parameter [4] as [VARCHAR] - [null]
02:00:42 TRACE org.hibernate.orm.jdbc.bind - binding parameter [5] as [VARCHAR] - [null]
02:00:42 TRACE org.hibernate.orm.jdbc.bind - binding parameter [6] as [NUMERIC] - [null]
02:00:42 TRACE org.hibernate.orm.jdbc.bind - binding parameter [7] as [NUMERIC] - [null]
02:00:42 TRACE org.hibernate.orm.jdbc.bind - binding parameter [8] as [NUMERIC] - [null]
02:00:42 TRACE org.hibernate.orm.jdbc.bind - binding parameter [9] as [NUMERIC] - [null]
02:00:42 TRACE org.hibernate.orm.jdbc.bind - binding parameter [10] as [INTEGER] - [0]
02:00:42 TRACE org.hibernate.orm.jdbc.bind - binding parameter [11] as [INTEGER] - [4]
02:00:42 DEBUG org.hibernate.SQL - 
    select
        count(distinct p1_0.id) 
    from
        products p1_0 
    left join
        categories c1_0 
            on c1_0.id=p1_0.category_id 
    where
        (
            ? is null 
            or c1_0.gender=?
        ) 
        and (
            ? is null 
            or p1_0.base_price>=?
        ) 
        and (
            ? is null 
            or p1_0.base_price<=?
        )
02:00:42 DEBUG org.hibernate.SQL - 
    select
        count(p1_0.id) 
    from
        products p1_0 
    where
        p1_0.created_at>=?
02:00:42 TRACE org.hibernate.orm.jdbc.bind - binding parameter [1] as [VARCHAR] - [FEMALE]
02:00:42 TRACE org.hibernate.orm.jdbc.bind - binding parameter [2] as [VARCHAR] - [FEMALE]
02:00:42 TRACE org.hibernate.orm.jdbc.bind - binding parameter [3] as [NUMERIC] - [null]
02:00:42 TRACE org.hibernate.orm.jdbc.bind - binding parameter [4] as [NUMERIC] - [null]
02:00:42 TRACE org.hibernate.orm.jdbc.bind - binding parameter [5] as [NUMERIC] - [null]
02:00:42 TRACE org.hibernate.orm.jdbc.bind - binding parameter [6] as [NUMERIC] - [null]
02:00:42 TRACE org.hibernate.orm.jdbc.bind - binding parameter [1] as [TIMESTAMP_UTC] - [2026-02-22T00:00:42.392420Z]
02:00:42 INFO  org.hibernate.SQL_SLOW - SlowQuery: 4 milliseconds. SQL: 'com.mysql.cj.jdbc.ClientPreparedStatement: select distinct p1_0.id,p1_0.base_price,c1_0.id,c1_0.description,c1_0.gender,c1_0.name,p1_0.created_at,p1_0.description,p1_0.image_url,p1_0.name,p2_0.product_id,p2_0.id,p2_0.color,p2_0.quantity,p2_0.size from products p1_0 left join product_variants p2_0 on p1_0.id=p2_0.product_id left join categories c1_0 on c1_0.id=p1_0.category_id where p1_0.id in(6,7) order by p1_0.created_at desc,p2_0.id'
02:00:42 DEBUG org.hibernate.SQL - 
    select
        min(p1_0.base_price),
        max(p1_0.base_price) 
    from
        products p1_0 
    left join
        categories c1_0 
            on c1_0.id=p1_0.category_id 
    where
        (
            ? is null 
            or c1_0.gender=?
        )
02:00:42 DEBUG org.hibernate.SQL - 
    select
        min(p1_0.base_price),
        max(p1_0.base_price) 
    from
        products p1_0 
    left join
        categories c1_0 
            on c1_0.id=p1_0.category_id 
    where
        (
            ? is null 
            or c1_0.gender=?
        )
02:00:42 DEBUG org.hibernate.SQL - 
    select
        distinct p1_0.id,
        p1_0.base_price,
        c1_0.id,
        c1_0.description,
        c1_0.gender,
        c1_0.name,
        p1_0.created_at,
        p1_0.description,
        p1_0.image_url,
        p1_0.name,
        p2_0.product_id,
        p2_0.id,
        p2_0.color,
        p2_0.quantity,
        p2_0.size 
    from
        products p1_0 
    left join
        product_variants p2_0 
            on p1_0.id=p2_0.product_id 
    left join
        categories c1_0 
            on c1_0.id=p1_0.category_id 
    where
        p1_0.id in(?,?,?,?) 
    order by
        p1_0.created_at desc,
        p2_0.id
02:00:42 TRACE org.hibernate.orm.jdbc.bind - binding parameter [1] as [VARCHAR] - [null]
02:00:42 TRACE org.hibernate.orm.jdbc.bind - binding parameter [1] as [VARCHAR] - [FEMALE]
02:00:42 TRACE org.hibernate.orm.jdbc.bind - binding parameter [2] as [VARCHAR] - [null]
02:00:42 TRACE org.hibernate.orm.jdbc.bind - binding parameter [2] as [VARCHAR] - [FEMALE]
02:00:42 DEBUG org.hibernate.SQL - 
    select
        count(distinct p1_0.id) 
    from
        products p1_0 
    left join
        categories c1_0 
            on c1_0.id=p1_0.category_id 
    where
        (
            ? is null 
            or c1_0.gender=?
        ) 
        and (
            ? is null 
            or p1_0.base_price>=?
        ) 
        and (
            ? is null 
            or p1_0.base_price<=?
        )
02:00:42 TRACE org.hibernate.orm.jdbc.bind - binding parameter [1] as [INTEGER] - [1]
02:00:42 DEBUG org.hibernate.SQL - 
    select
        p1_0.id,
        p1_0.color,
        p1_0.image_url,
        p1_0.product_id 
    from
        product_images p1_0 
    where
        p1_0.product_id in(?,?,?,?) 
        and p1_0.id=(
            select
                min(p3_0.id) 
            from
                product_images p3_0,
                products p5_0 
            where
                p3_0.product_id=p5_0.id 
                and p3_0.color=p1_0.color 
                and p5_0.id=p1_0.product_id
        ) 
    order by
        p1_0.product_id,
        p1_0.id
02:00:42 TRACE org.hibernate.orm.jdbc.bind - binding parameter [2] as [INTEGER] - [8]
02:00:42 TRACE org.hibernate.orm.jdbc.bind - binding parameter [3] as [INTEGER] - [2]
02:00:42 TRACE org.hibernate.orm.jdbc.bind - binding parameter [4] as [INTEGER] - [3]
02:00:42 DEBUG org.hibernate.SQL - 
    select
        p1_0.id,
        p1_0.color,
        p1_0.image_url,
        p1_0.product_id 
    from
        product_images p1_0 
    where
        p1_0.product_id in(?,?,?,?) 
        and p1_0.id=(
            select
                min(p3_0.id) 
            from
                product_images p3_0,
                products p5_0 
            where
                p3_0.product_id=p5_0.id 
                and p3_0.color=p1_0.color 
                and p5_0.id=p1_0.product_id
        ) 
    order by
        p1_0.product_id,
        p1_0.id
02:00:42 TRACE org.hibernate.orm.jdbc.bind - binding parameter [1] as [VARCHAR] - [MALE]
02:00:42 TRACE org.hibernate.orm.jdbc.bind - binding parameter [1] as [INTEGER] - [1]
02:00:42 TRACE org.hibernate.orm.jdbc.bind - binding parameter [2] as [VARCHAR] - [MALE]
02:00:42 TRACE org.hibernate.orm.jdbc.bind - binding parameter [3] as [NUMERIC] - [null]
02:00:42 TRACE org.hibernate.orm.jdbc.bind - binding parameter [4] as [NUMERIC] - [null]
02:00:42 TRACE org.hibernate.orm.jdbc.bind - binding parameter [5] as [NUMERIC] - [null]
02:00:42 TRACE org.hibernate.orm.jdbc.bind - binding parameter [6] as [NUMERIC] - [null]
02:00:42 TRACE org.hibernate.orm.jdbc.bind - binding parameter [1] as [INTEGER] - [1]
02:00:42 TRACE org.hibernate.orm.jdbc.bind - binding parameter [2] as [INTEGER] - [8]
02:00:42 TRACE org.hibernate.orm.jdbc.bind - binding parameter [3] as [INTEGER] - [2]
02:00:42 TRACE org.hibernate.orm.jdbc.bind - binding parameter [4] as [INTEGER] - [3]
02:00:42 TRACE org.hibernate.orm.jdbc.bind - binding parameter [2] as [INTEGER] - [8]
02:00:42 TRACE org.hibernate.orm.jdbc.bind - binding parameter [3] as [INTEGER] - [2]
02:00:42 TRACE org.hibernate.orm.jdbc.bind - binding parameter [4] as [INTEGER] - [3]
02:00:42 DEBUG org.hibernate.SQL - 
    select
        min(p1_0.base_price),
        max(p1_0.base_price) 
    from
        products p1_0 
    left join
        categories c1_0 
            on c1_0.id=p1_0.category_id 
    where
        (
            ? is null 
            or c1_0.gender=?
        )
02:00:42 DEBUG org.hibernate.SQL - 
    select
        count(distinct p1_0.id) 
    from
        products p1_0 
    left join
        categories c1_0 
            on c1_0.id=p1_0.category_id 
    where
        p1_0.category_id in(?,?,?) 
        and (
            ? is null 
            or c1_0.gender=?
        ) 
        and (
            ? is null 
            or p1_0.base_price>=?
        ) 
        and (
            ? is null 
            or p1_0.base_price<=?
        )
02:00:42 TRACE org.hibernate.orm.jdbc.bind - binding parameter [1] as [VARCHAR] - [MALE]
02:00:42 TRACE org.hibernate.orm.jdbc.bind - binding parameter [1] as [INTEGER] - [1]
02:00:42 TRACE org.hibernate.orm.jdbc.bind - binding parameter [2] as [INTEGER] - [3]
02:00:42 TRACE org.hibernate.orm.jdbc.bind - binding parameter [2] as [VARCHAR] - [MALE]
02:00:42 TRACE org.hibernate.orm.jdbc.bind - binding parameter [3] as [INTEGER] - [4]
02:00:42 TRACE org.hibernate.orm.jdbc.bind - binding parameter [4] as [VARCHAR] - [null]
02:00:42 TRACE org.hibernate.orm.jdbc.bind - binding parameter [5] as [VARCHAR] - [null]
02:00:42 TRACE org.hibernate.orm.jdbc.bind - binding parameter [6] as [NUMERIC] - [null]
02:00:42 TRACE org.hibernate.orm.jdbc.bind - binding parameter [7] as [NUMERIC] - [null]
02:00:42 TRACE org.hibernate.orm.jdbc.bind - binding parameter [8] as [NUMERIC] - [null]
02:00:42 TRACE org.hibernate.orm.jdbc.bind - binding parameter [9] as [NUMERIC] - [null]
02:00:42 DEBUG org.hibernate.SQL - 
    select
        min(p1_0.base_price),
        max(p1_0.base_price) 
    from
        products p1_0 
    left join
        categories c1_0 
            on c1_0.id=p1_0.category_id 
    where
        p1_0.category_id in(?,?,?) 
        and (
            ? is null 
            or c1_0.gender=?
        )
02:00:42 DEBUG org.hibernate.SQL - 
    select
        p1_0.id,
        p1_0.color,
        p1_0.image_url,
        p1_0.product_id 
    from
        product_images p1_0 
    where
        p1_0.product_id in(?,?) 
        and p1_0.id=(
            select
                min(p3_0.id) 
            from
                product_images p3_0,
                products p5_0 
            where
                p3_0.product_id=p5_0.id 
                and p3_0.color=p1_0.color 
                and p5_0.id=p1_0.product_id
        ) 
    order by
        p1_0.product_id,
        p1_0.id
02:00:42 TRACE org.hibernate.orm.jdbc.bind - binding parameter [1] as [INTEGER] - [1]
02:00:42 TRACE org.hibernate.orm.jdbc.bind - binding parameter [2] as [INTEGER] - [3]
02:00:42 TRACE org.hibernate.orm.jdbc.bind - binding parameter [3] as [INTEGER] - [4]
02:00:42 TRACE org.hibernate.orm.jdbc.bind - binding parameter [4] as [VARCHAR] - [null]
02:00:42 TRACE org.hibernate.orm.jdbc.bind - binding parameter [5] as [VARCHAR] - [null]
02:00:42 TRACE org.hibernate.orm.jdbc.bind - binding parameter [1] as [INTEGER] - [6]
02:00:42 TRACE org.hibernate.orm.jdbc.bind - binding parameter [2] as [INTEGER] - [7]
02:00:42 DEBUG org.hibernate.SQL - 
    select
        p1_0.id,
        p1_0.color,
        p1_0.image_url,
        p1_0.product_id 
    from
        product_images p1_0 
    where
        p1_0.product_id in(?,?,?,?) 
        and p1_0.id=(
            select
                min(p3_0.id) 
            from
                product_images p3_0,
                products p5_0 
            where
                p3_0.product_id=p5_0.id 
                and p3_0.color=p1_0.color 
                and p5_0.id=p1_0.product_id
        ) 
    order by
        p1_0.product_id,
        p1_0.id
02:00:42 TRACE org.hibernate.orm.jdbc.bind - binding parameter [1] as [INTEGER] - [1]
02:00:42 TRACE org.hibernate.orm.jdbc.bind - binding parameter [2] as [INTEGER] - [8]
02:00:42 TRACE org.hibernate.orm.jdbc.bind - binding parameter [3] as [INTEGER] - [2]
02:00:42 TRACE org.hibernate.orm.jdbc.bind - binding parameter [4] as [INTEGER] - [3]
02:00:42 INFO  org.hibernate.SQL_SLOW - SlowQuery: 7 milliseconds. SQL: 'com.mysql.cj.jdbc.ClientPreparedStatement: select p1_0.id,p1_0.color,p1_0.image_url,p1_0.product_id from product_images p1_0 where p1_0.product_id in(1,8,2,3) and p1_0.id=(select min(p3_0.id) from product_images p3_0,products p5_0 where p3_0.product_id=p5_0.id and p3_0.color=p1_0.color and p5_0.id=p1_0.product_id) order by p1_0.product_id,p1_0.id'
02:00:45 DEBUG org.hibernate.SQL - 
    select
        c1_0.id,
        c1_0.description,
        c1_0.gender,
        c1_0.name 
    from
        categories c1_0
02:00:45 DEBUG org.hibernate.SQL - 
    select
        p1_0.id,
        p1_0.base_price,
        p1_0.category_id,
        p1_0.created_at,
        p1_0.description,
        p1_0.image_url,
        p1_0.name 
    from
        products p1_0 
    where
        p1_0.id=?
02:00:45 TRACE org.hibernate.orm.jdbc.bind - binding parameter [1] as [INTEGER] - [1]
02:00:45 DEBUG org.hibernate.SQL - 
    select
        p1_0.id,
        p1_0.color,
        p1_0.product_id,
        p1_0.quantity,
        p1_0.size 
    from
        product_variants p1_0 
    where
        p1_0.product_id=? 
    order by
        p1_0.id
02:00:45 TRACE org.hibernate.orm.jdbc.bind - binding parameter [1] as [INTEGER] - [1]
02:00:45 DEBUG org.hibernate.SQL - 
    select
        p1_0.id,
        p1_0.color,
        p1_0.image_url,
        p1_0.product_id 
    from
        product_images p1_0 
    where
        p1_0.product_id=? 
    order by
        p1_0.id
02:00:45 TRACE org.hibernate.orm.jdbc.bind - binding parameter [1] as [INTEGER] - [1]
02:00:45 DEBUG org.hibernate.SQL - 
    select
        c1_0.id,
        c1_0.description,
        c1_0.gender,
        c1_0.name 
    from
        categories c1_0 
    where
        c1_0.id=?
02:00:45 TRACE org.hibernate.orm.jdbc.bind - binding parameter [1] as [INTEGER] - [1]
02:00:48 DEBUG org.hibernate.SQL - 
    select
        c1_0.id,
        c1_0.description,
        c1_0.gender,
        c1_0.name 
    from
        categories c1_0
02:00:48 DEBUG org.hibernate.SQL - 
    select
        c1_0.id,
        c1_0.description,
        c1_0.gender,
        c1_0.name 
    from
        categories c1_0
02:00:48 DEBUG org.hibernate.SQL - 
    select
        c1_0.id,
        c1_0.description,
        c1_0.gender,
        c1_0.name 
    from
        categories c1_0
02:00:48 DEBUG org.hibernate.SQL - 
    select
        p1_0.id 
    from
        products p1_0 
    left join
        categories c1_0 
            on c1_0.id=p1_0.category_id 
    where
        (
            ? is null 
            or c1_0.gender=?
        ) 
        and (
            ? is null 
            or p1_0.base_price>=?
        ) 
        and (
            ? is null 
            or p1_0.base_price<=?
        ) 
    order by
        p1_0.created_at desc limit ?,
        ?
02:00:48 TRACE org.hibernate.orm.jdbc.bind - binding parameter [1] as [VARCHAR] - [null]
02:00:48 TRACE org.hibernate.orm.jdbc.bind - binding parameter [2] as [VARCHAR] - [null]
02:00:48 TRACE org.hibernate.orm.jdbc.bind - binding parameter [3] as [NUMERIC] - [null]
02:00:48 TRACE org.hibernate.orm.jdbc.bind - binding parameter [4] as [NUMERIC] - [null]
02:00:48 TRACE org.hibernate.orm.jdbc.bind - binding parameter [5] as [NUMERIC] - [null]
02:00:48 TRACE org.hibernate.orm.jdbc.bind - binding parameter [6] as [NUMERIC] - [null]
02:00:48 TRACE org.hibernate.orm.jdbc.bind - binding parameter [7] as [INTEGER] - [0]
02:00:48 TRACE org.hibernate.orm.jdbc.bind - binding parameter [8] as [INTEGER] - [20]
02:00:48 DEBUG org.hibernate.SQL - 
    select
        distinct p1_0.id,
        p1_0.base_price,
        c1_0.id,
        c1_0.description,
        c1_0.gender,
        c1_0.name,
        p1_0.created_at,
        p1_0.description,
        p1_0.image_url,
        p1_0.name,
        p2_0.product_id,
        p2_0.id,
        p2_0.color,
        p2_0.quantity,
        p2_0.size 
    from
        products p1_0 
    left join
        product_variants p2_0 
            on p1_0.id=p2_0.product_id 
    left join
        categories c1_0 
            on c1_0.id=p1_0.category_id 
    where
        p1_0.id in(?,?,?,?,?,?,?,?) 
    order by
        p1_0.created_at desc,
        p2_0.id
02:00:48 TRACE org.hibernate.orm.jdbc.bind - binding parameter [1] as [INTEGER] - [1]
02:00:48 TRACE org.hibernate.orm.jdbc.bind - binding parameter [2] as [INTEGER] - [8]
02:00:48 TRACE org.hibernate.orm.jdbc.bind - binding parameter [3] as [INTEGER] - [2]
02:00:48 TRACE org.hibernate.orm.jdbc.bind - binding parameter [4] as [INTEGER] - [3]
02:00:48 TRACE org.hibernate.orm.jdbc.bind - binding parameter [5] as [INTEGER] - [4]
02:00:48 TRACE org.hibernate.orm.jdbc.bind - binding parameter [6] as [INTEGER] - [5]
02:00:48 TRACE org.hibernate.orm.jdbc.bind - binding parameter [7] as [INTEGER] - [6]
02:00:48 TRACE org.hibernate.orm.jdbc.bind - binding parameter [8] as [INTEGER] - [7]
02:00:48 DEBUG org.hibernate.SQL - 
    select
        count(distinct p1_0.id) 
    from
        products p1_0 
    left join
        categories c1_0 
            on c1_0.id=p1_0.category_id 
    where
        (
            ? is null 
            or c1_0.gender=?
        ) 
        and (
            ? is null 
            or p1_0.base_price>=?
        ) 
        and (
            ? is null 
            or p1_0.base_price<=?
        )
02:00:48 TRACE org.hibernate.orm.jdbc.bind - binding parameter [1] as [VARCHAR] - [null]
02:00:48 TRACE org.hibernate.orm.jdbc.bind - binding parameter [2] as [VARCHAR] - [null]
02:00:48 TRACE org.hibernate.orm.jdbc.bind - binding parameter [3] as [NUMERIC] - [null]
02:00:48 TRACE org.hibernate.orm.jdbc.bind - binding parameter [4] as [NUMERIC] - [null]
02:00:48 TRACE org.hibernate.orm.jdbc.bind - binding parameter [5] as [NUMERIC] - [null]
02:00:48 TRACE org.hibernate.orm.jdbc.bind - binding parameter [6] as [NUMERIC] - [null]
02:00:48 DEBUG org.hibernate.SQL - 
    select
        p1_0.id,
        p1_0.color,
        p1_0.product_id,
        p1_0.quantity,
        p1_0.size 
    from
        product_variants p1_0 
    where
        p1_0.product_id in(?,?,?,?,?,?,?,?) 
    order by
        p1_0.product_id,
        p1_0.id
02:00:48 TRACE org.hibernate.orm.jdbc.bind - binding parameter [1] as [INTEGER] - [1]
02:00:48 TRACE org.hibernate.orm.jdbc.bind - binding parameter [2] as [INTEGER] - [8]
02:00:48 TRACE org.hibernate.orm.jdbc.bind - binding parameter [3] as [INTEGER] - [2]
02:00:48 TRACE org.hibernate.orm.jdbc.bind - binding parameter [4] as [INTEGER] - [3]
02:00:48 TRACE org.hibernate.orm.jdbc.bind - binding parameter [5] as [INTEGER] - [4]
02:00:48 TRACE org.hibernate.orm.jdbc.bind - binding parameter [6] as [INTEGER] - [5]
02:00:48 TRACE org.hibernate.orm.jdbc.bind - binding parameter [7] as [INTEGER] - [6]
02:00:48 TRACE org.hibernate.orm.jdbc.bind - binding parameter [8] as [INTEGER] - [7]
02:00:50 DEBUG org.hibernate.SQL - 
    select
        c1_0.id,
        c1_0.description,
        c1_0.gender,
        c1_0.name 
    from
        categories c1_0
02:00:50 DEBUG org.hibernate.SQL - 
    select
        p1_0.id,
        p1_0.base_price,
        p1_0.category_id,
        p1_0.created_at,
        p1_0.description,
        p1_0.image_url,
        p1_0.name 
    from
        products p1_0 
    where
        p1_0.id=?
02:00:50 TRACE org.hibernate.orm.jdbc.bind - binding parameter [1] as [INTEGER] - [2]
02:00:50 DEBUG org.hibernate.SQL - 
    select
        p1_0.id,
        p1_0.color,
        p1_0.product_id,
        p1_0.quantity,
        p1_0.size 
    from
        product_variants p1_0 
    where
        p1_0.product_id=? 
    order by
        p1_0.id
02:00:50 TRACE org.hibernate.orm.jdbc.bind - binding parameter [1] as [INTEGER] - [2]
02:00:50 DEBUG org.hibernate.SQL - 
    select
        c1_0.id,
        c1_0.description,
        c1_0.gender,
        c1_0.name 
    from
        categories c1_0 
    where
        c1_0.id=?
02:00:50 TRACE org.hibernate.orm.jdbc.bind - binding parameter [1] as [INTEGER] - [1]
02:00:59 DEBUG org.hibernate.SQL - 
    select
        u1_0.id,
        u1_0.address,
        u1_0.birthday,
        c1_0.id,
        c1_0.created_at,
        u1_0.created_at,
        u1_0.credit_limit,
        u1_0.email,
        u1_0.gender,
        u1_0.job,
        u1_0.name,
        u1_0.password_hash,
        u1_0.role 
    from
        users u1_0 
    left join
        carts c1_0 
            on u1_0.id=c1_0.user_id 
    where
        u1_0.id=?
02:00:59 TRACE org.hibernate.orm.jdbc.bind - binding parameter [1] as [INTEGER] - [4]
02:00:59 DEBUG org.hibernate.SQL - 
    select
        p1_0.id,
        p1_0.color,
        p1_0.product_id,
        p1_0.quantity,
        p1_0.size 
    from
        product_variants p1_0 
    where
        p1_0.id=?
02:00:59 TRACE org.hibernate.orm.jdbc.bind - binding parameter [1] as [INTEGER] - [2]
02:00:59 DEBUG org.hibernate.SQL - 
    insert 
    into
        cart_items
        (cart_id,end_date,quantity,start_date,variant_id) 
    values
        (?,?,?,?,?)
02:00:59 TRACE org.hibernate.orm.jdbc.bind - binding parameter [1] as [INTEGER] - [3]
02:00:59 TRACE org.hibernate.orm.jdbc.bind - binding parameter [2] as [DATE] - [2026-03-30]
02:00:59 TRACE org.hibernate.orm.jdbc.bind - binding parameter [3] as [INTEGER] - [1]
02:00:59 TRACE org.hibernate.orm.jdbc.bind - binding parameter [4] as [DATE] - [2026-03-25]
02:00:59 TRACE org.hibernate.orm.jdbc.bind - binding parameter [5] as [INTEGER] - [2]
02:00:59 INFO  org.hibernate.SQL_SLOW - SlowQuery: 2 milliseconds. SQL: 'insert into cart_items (cart_id,end_date,quantity,start_date,variant_id) values (?,?,?,?,?)'
02:01:06 DEBUG org.hibernate.SQL - 
    select
        c1_0.id,
        c1_0.description,
        c1_0.gender,
        c1_0.name 
    from
        categories c1_0
02:01:07 DEBUG org.hibernate.SQL - 
    select
        u1_0.id,
        u1_0.address,
        u1_0.birthday,
        c1_0.id,
        c1_0.created_at,
        u1_0.created_at,
        u1_0.credit_limit,
        u1_0.email,
        u1_0.gender,
        u1_0.job,
        u1_0.name,
        u1_0.password_hash,
        u1_0.role 
    from
        users u1_0 
    left join
        carts c1_0 
            on u1_0.id=c1_0.user_id 
    where
        u1_0.id=?
02:01:07 TRACE org.hibernate.orm.jdbc.bind - binding parameter [1] as [INTEGER] - [4]
02:01:07 DEBUG org.hibernate.SQL - 
    select
        c1_0.cart_id,
        c1_0.id,
        c1_0.end_date,
        c1_0.quantity,
        c1_0.start_date,
        c1_0.variant_id 
    from
        cart_items c1_0 
    where
        c1_0.cart_id=?
02:01:07 TRACE org.hibernate.orm.jdbc.bind - binding parameter [1] as [INTEGER] - [3]
02:01:07 DEBUG org.hibernate.SQL - 
    select
        p1_0.id,
        p1_0.color,
        p1_0.product_id,
        p1_0.quantity,
        p1_0.size 
    from
        product_variants p1_0 
    where
        p1_0.id=?
02:01:07 TRACE org.hibernate.orm.jdbc.bind - binding parameter [1] as [INTEGER] - [2]
02:01:07 DEBUG org.hibernate.SQL - 
    select
        p1_0.id,
        p1_0.base_price,
        p1_0.category_id,
        p1_0.created_at,
        p1_0.description,
        p1_0.image_url,
        p1_0.name 
    from
        products p1_0 
    where
        p1_0.id=?
02:01:07 TRACE org.hibernate.orm.jdbc.bind - binding parameter [1] as [INTEGER] - [1]
02:01:07 DEBUG org.hibernate.SQL - 
    select
        c1_0.id,
        c1_0.description,
        c1_0.gender,
        c1_0.name 
    from
        categories c1_0 
    where
        c1_0.id=?
02:01:07 TRACE org.hibernate.orm.jdbc.bind - binding parameter [1] as [INTEGER] - [1]
02:01:09 DEBUG org.hibernate.SQL - 
    select
        u1_0.id,
        u1_0.address,
        u1_0.birthday,
        c1_0.id,
        c1_0.created_at,
        u1_0.created_at,
        u1_0.credit_limit,
        u1_0.email,
        u1_0.gender,
        u1_0.job,
        u1_0.name,
        u1_0.password_hash,
        u1_0.role 
    from
        users u1_0 
    left join
        carts c1_0 
            on u1_0.id=c1_0.user_id 
    where
        u1_0.id=?
02:01:09 TRACE org.hibernate.orm.jdbc.bind - binding parameter [1] as [INTEGER] - [4]
02:01:09 DEBUG org.hibernate.SQL - 
    select
        p1_0.id,
        p1_0.color,
        p1_0.product_id,
        p1_0.quantity,
        p1_0.size 
    from
        product_variants p1_0 
    where
        p1_0.id=?
02:01:09 TRACE org.hibernate.orm.jdbc.bind - binding parameter [1] as [INTEGER] - [2]
02:01:09 DEBUG org.hibernate.SQL - 
    select
        p1_0.id,
        p1_0.base_price,
        p1_0.category_id,
        p1_0.created_at,
        p1_0.description,
        p1_0.image_url,
        p1_0.name 
    from
        products p1_0 
    where
        p1_0.id=?
02:01:09 TRACE org.hibernate.orm.jdbc.bind - binding parameter [1] as [INTEGER] - [1]
02:01:09 DEBUG org.hibernate.SQL - 
    insert 
    into
        orders
        (created_at,status,total_amount,user_id) 
    values
        (?,?,?,?)
02:01:09 TRACE org.hibernate.orm.jdbc.bind - binding parameter [1] as [TIMESTAMP_UTC] - [2026-03-24T00:01:09.652220800Z]
02:01:09 TRACE org.hibernate.orm.jdbc.bind - binding parameter [2] as [VARCHAR] - [ORDERED]
02:01:09 TRACE org.hibernate.orm.jdbc.bind - binding parameter [3] as [NUMERIC] - [425.00]
02:01:09 TRACE org.hibernate.orm.jdbc.bind - binding parameter [4] as [INTEGER] - [4]
02:01:09 DEBUG org.hibernate.SQL - 
    insert 
    into
        order_items
        (end_date,order_id,price_at_purchase,quantity,start_date,variant_id) 
    values
        (?,?,?,?,?,?)
02:01:09 TRACE org.hibernate.orm.jdbc.bind - binding parameter [1] as [DATE] - [2026-03-30]
02:01:09 TRACE org.hibernate.orm.jdbc.bind - binding parameter [2] as [INTEGER] - [11]
02:01:09 TRACE org.hibernate.orm.jdbc.bind - binding parameter [3] as [NUMERIC] - [85.00]
02:01:09 TRACE org.hibernate.orm.jdbc.bind - binding parameter [4] as [INTEGER] - [1]
02:01:09 TRACE org.hibernate.orm.jdbc.bind - binding parameter [5] as [DATE] - [2026-03-25]
02:01:09 TRACE org.hibernate.orm.jdbc.bind - binding parameter [6] as [INTEGER] - [2]
02:01:09 DEBUG org.hibernate.SQL - 
    update
        users 
    set
        address=?,
        birthday=?,
        created_at=?,
        credit_limit=?,
        email=?,
        gender=?,
        job=?,
        name=?,
        password_hash=?,
        role=? 
    where
        id=?
02:01:09 TRACE org.hibernate.orm.jdbc.bind - binding parameter [1] as [VARCHAR] - [Nasr city,cairo]
02:01:09 TRACE org.hibernate.orm.jdbc.bind - binding parameter [2] as [DATE] - [2003-03-06]
02:01:09 TRACE org.hibernate.orm.jdbc.bind - binding parameter [3] as [TIMESTAMP_UTC] - [2026-03-23T14:05:23Z]
02:01:09 TRACE org.hibernate.orm.jdbc.bind - binding parameter [4] as [NUMERIC] - [6760.00]
02:01:09 TRACE org.hibernate.orm.jdbc.bind - binding parameter [5] as [VARCHAR] - [noureenaboarab@gmail.com]
02:01:09 TRACE org.hibernate.orm.jdbc.bind - binding parameter [6] as [VARCHAR] - [FEMALE]
02:01:09 TRACE org.hibernate.orm.jdbc.bind - binding parameter [7] as [VARCHAR] - [null]
02:01:09 TRACE org.hibernate.orm.jdbc.bind - binding parameter [8] as [VARCHAR] - [Noureen Ashraf Aboarab]
02:01:09 TRACE org.hibernate.orm.jdbc.bind - binding parameter [9] as [VARCHAR] - [$2a$12$C1.IwRbXGPUSErmZb9S8QueI6JqJ/EMsDEwCj3I.RM9X7Z.MYB3V.]
02:01:09 TRACE org.hibernate.orm.jdbc.bind - binding parameter [10] as [VARCHAR] - [USER]
02:01:09 TRACE org.hibernate.orm.jdbc.bind - binding parameter [11] as [INTEGER] - [4]
02:01:09 DEBUG org.hibernate.SQL - 
    update
        product_variants 
    set
        color=?,
        product_id=?,
        quantity=?,
        size=? 
    where
        id=?
02:01:09 TRACE org.hibernate.orm.jdbc.bind - binding parameter [1] as [VARCHAR] - [#1B2A4A-Midnight Navy]
02:01:09 TRACE org.hibernate.orm.jdbc.bind - binding parameter [2] as [INTEGER] - [1]
02:01:09 TRACE org.hibernate.orm.jdbc.bind - binding parameter [3] as [INTEGER] - [1]
02:01:09 TRACE org.hibernate.orm.jdbc.bind - binding parameter [4] as [VARCHAR] - [S]
02:01:09 TRACE org.hibernate.orm.jdbc.bind - binding parameter [5] as [INTEGER] - [2]
02:01:09 DEBUG org.hibernate.SQL - 
    select
        c1_0.cart_id,
        c1_0.id,
        c1_0.end_date,
        c1_0.quantity,
        c1_0.start_date,
        c1_0.variant_id 
    from
        cart_items c1_0 
    where
        c1_0.cart_id=?
02:01:09 TRACE org.hibernate.orm.jdbc.bind - binding parameter [1] as [INTEGER] - [3]
02:01:09 DEBUG org.hibernate.SQL - 
    delete 
    from
        cart_items 
    where
        id=?
02:01:09 TRACE org.hibernate.orm.jdbc.bind - binding parameter [1] as [INTEGER] - [28]
02:01:09 DEBUG org.hibernate.SQL - 
    select
        c1_0.id,
        c1_0.description,
        c1_0.gender,
        c1_0.name 
    from
        categories c1_0
02:01:09 DEBUG org.hibernate.SQL - 
    select
        c1_0.id,
        c1_0.description,
        c1_0.gender,
        c1_0.name 
    from
        categories c1_0
02:01:09 DEBUG org.hibernate.SQL - 
    select
        u1_0.id,
        u1_0.address,
        u1_0.birthday,
        c1_0.id,
        c1_0.created_at,
        u1_0.created_at,
        u1_0.credit_limit,
        u1_0.email,
        u1_0.gender,
        u1_0.job,
        u1_0.name,
        u1_0.password_hash,
        u1_0.role 
    from
        users u1_0 
    left join
        carts c1_0 
            on u1_0.id=c1_0.user_id 
    where
        u1_0.id=?
02:01:09 TRACE org.hibernate.orm.jdbc.bind - binding parameter [1] as [INTEGER] - [4]
02:01:09 DEBUG org.hibernate.SQL - 
    select
        c1_0.cart_id,
        c1_0.id,
        c1_0.end_date,
        c1_0.quantity,
        c1_0.start_date,
        c1_0.variant_id 
    from
        cart_items c1_0 
    where
        c1_0.cart_id=?
02:01:09 TRACE org.hibernate.orm.jdbc.bind - binding parameter [1] as [INTEGER] - [3]
02:01:10 DEBUG org.hibernate.SQL - 
    select
        distinct o1_0.id,
        o1_0.created_at,
        o2_0.order_id,
        o2_0.id,
        o2_0.end_date,
        o2_0.price_at_purchase,
        o2_0.quantity,
        o2_0.start_date,
        v1_0.id,
        v1_0.color,
        v1_0.product_id,
        p1_0.id,
        p1_0.base_price,
        p1_0.category_id,
        p1_0.created_at,
        p1_0.description,
        p1_0.image_url,
        p1_0.name,
        v1_0.quantity,
        v1_0.size,
        o1_0.status,
        o1_0.total_amount,
        o1_0.user_id 
    from
        orders o1_0 
    left join
        order_items o2_0 
            on o1_0.id=o2_0.order_id 
    left join
        product_variants v1_0 
            on v1_0.id=o2_0.variant_id 
    left join
        products p1_0 
            on p1_0.id=v1_0.product_id 
    where
        o1_0.user_id=? 
    order by
        o1_0.created_at desc
02:01:10 TRACE org.hibernate.orm.jdbc.bind - binding parameter [1] as [INTEGER] - [4]
02:01:10 INFO  org.hibernate.SQL_SLOW - SlowQuery: 2 milliseconds. SQL: 'com.mysql.cj.jdbc.ClientPreparedStatement: select distinct o1_0.id,o1_0.created_at,o2_0.order_id,o2_0.id,o2_0.end_date,o2_0.price_at_purchase,o2_0.quantity,o2_0.start_date,v1_0.id,v1_0.color,v1_0.product_id,p1_0.id,p1_0.base_price,p1_0.category_id,p1_0.created_at,p1_0.description,p1_0.image_url,p1_0.name,v1_0.quantity,v1_0.size,o1_0.status,o1_0.total_amount,o1_0.user_id from orders o1_0 left join order_items o2_0 on o1_0.id=o2_0.order_id left join product_variants v1_0 on v1_0.id=o2_0.variant_id left join products p1_0 on p1_0.id=v1_0.product_id where o1_0.user_id=4 order by o1_0.created_at desc'
02:01:10 DEBUG org.hibernate.SQL - 
    select
        p1_0.product_id,
        p1_0.id,
        p1_0.color,
        p1_0.image_url 
    from
        product_images p1_0 
    where
        p1_0.product_id=? 
    order by
        p1_0.id
02:01:10 TRACE org.hibernate.orm.jdbc.bind - binding parameter [1] as [INTEGER] - [1]
02:01:10 DEBUG org.hibernate.SQL - 
    select
        p1_0.product_id,
        p1_0.id,
        p1_0.color,
        p1_0.image_url 
    from
        product_images p1_0 
    where
        p1_0.product_id=? 
    order by
        p1_0.id
02:01:10 TRACE org.hibernate.orm.jdbc.bind - binding parameter [1] as [INTEGER] - [2]
02:01:10 DEBUG org.hibernate.SQL - 
    select
        p1_0.product_id,
        p1_0.id,
        p1_0.color,
        p1_0.image_url 
    from
        product_images p1_0 
    where
        p1_0.product_id=? 
    order by
        p1_0.id
02:01:10 TRACE org.hibernate.orm.jdbc.bind - binding parameter [1] as [INTEGER] - [3]
02:01:14 DEBUG org.hibernate.SQL - 
    select
        c1_0.id,
        c1_0.description,
        c1_0.gender,
        c1_0.name 
    from
        categories c1_0
02:01:14 DEBUG org.hibernate.SQL - 
    select
        c1_0.id,
        c1_0.description,
        c1_0.gender,
        c1_0.name 
    from
        categories c1_0
02:01:15 DEBUG org.hibernate.SQL - 
    select
        u1_0.id,
        u1_0.address,
        u1_0.birthday,
        c1_0.id,
        c1_0.created_at,
        u1_0.created_at,
        u1_0.credit_limit,
        u1_0.email,
        u1_0.gender,
        u1_0.job,
        u1_0.name,
        u1_0.password_hash,
        u1_0.role 
    from
        users u1_0 
    left join
        carts c1_0 
            on u1_0.id=c1_0.user_id 
    where
        u1_0.id=?
02:01:15 TRACE org.hibernate.orm.jdbc.bind - binding parameter [1] as [INTEGER] - [4]
02:01:15 DEBUG org.hibernate.SQL - 
    select
        c1_0.cart_id,
        c1_0.id,
        c1_0.end_date,
        c1_0.quantity,
        c1_0.start_date,
        c1_0.variant_id 
    from
        cart_items c1_0 
    where
        c1_0.cart_id=?
02:01:15 TRACE org.hibernate.orm.jdbc.bind - binding parameter [1] as [INTEGER] - [3]
02:01:15 DEBUG org.hibernate.SQL - 
    select
        distinct o1_0.id,
        o1_0.created_at,
        o2_0.order_id,
        o2_0.id,
        o2_0.end_date,
        o2_0.price_at_purchase,
        o2_0.quantity,
        o2_0.start_date,
        v1_0.id,
        v1_0.color,
        v1_0.product_id,
        p1_0.id,
        p1_0.base_price,
        p1_0.category_id,
        p1_0.created_at,
        p1_0.description,
        p1_0.image_url,
        p1_0.name,
        v1_0.quantity,
        v1_0.size,
        o1_0.status,
        o1_0.total_amount,
        o1_0.user_id 
    from
        orders o1_0 
    left join
        order_items o2_0 
            on o1_0.id=o2_0.order_id 
    left join
        product_variants v1_0 
            on v1_0.id=o2_0.variant_id 
    left join
        products p1_0 
            on p1_0.id=v1_0.product_id 
    where
        o1_0.user_id=? 
    order by
        o1_0.created_at desc
02:01:15 TRACE org.hibernate.orm.jdbc.bind - binding parameter [1] as [INTEGER] - [4]
02:01:15 DEBUG org.hibernate.SQL - 
    select
        p1_0.product_id,
        p1_0.id,
        p1_0.color,
        p1_0.image_url 
    from
        product_images p1_0 
    where
        p1_0.product_id=? 
    order by
        p1_0.id
02:01:15 TRACE org.hibernate.orm.jdbc.bind - binding parameter [1] as [INTEGER] - [1]
02:01:15 DEBUG org.hibernate.SQL - 
    select
        p1_0.product_id,
        p1_0.id,
        p1_0.color,
        p1_0.image_url 
    from
        product_images p1_0 
    where
        p1_0.product_id=? 
    order by
        p1_0.id
02:01:15 TRACE org.hibernate.orm.jdbc.bind - binding parameter [1] as [INTEGER] - [2]
02:01:15 DEBUG org.hibernate.SQL - 
    select
        p1_0.product_id,
        p1_0.id,
        p1_0.color,
        p1_0.image_url 
    from
        product_images p1_0 
    where
        p1_0.product_id=? 
    order by
        p1_0.id
02:01:15 TRACE org.hibernate.orm.jdbc.bind - binding parameter [1] as [INTEGER] - [3]
02:01:18 DEBUG org.hibernate.SQL - 
    select
        c1_0.id,
        c1_0.description,
        c1_0.gender,
        c1_0.name 
    from
        categories c1_0
02:01:18 DEBUG org.hibernate.SQL - 
    select
        u1_0.id,
        u1_0.address,
        u1_0.birthday,
        c1_0.id,
        c1_0.created_at,
        u1_0.created_at,
        u1_0.credit_limit,
        u1_0.email,
        u1_0.gender,
        u1_0.job,
        u1_0.name,
        u1_0.password_hash,
        u1_0.role 
    from
        users u1_0 
    left join
        carts c1_0 
            on u1_0.id=c1_0.user_id 
    where
        u1_0.id=?
02:01:18 TRACE org.hibernate.orm.jdbc.bind - binding parameter [1] as [INTEGER] - [4]
02:01:18 DEBUG org.hibernate.SQL - 
    update
        users 
    set
        address=?,
        birthday=?,
        created_at=?,
        credit_limit=?,
        email=?,
        gender=?,
        job=?,
        name=?,
        password_hash=?,
        role=? 
    where
        id=?
02:01:18 TRACE org.hibernate.orm.jdbc.bind - binding parameter [1] as [VARCHAR] - [Nasr city,cairo]
02:01:18 TRACE org.hibernate.orm.jdbc.bind - binding parameter [2] as [DATE] - [2003-03-06]
02:01:18 TRACE org.hibernate.orm.jdbc.bind - binding parameter [3] as [TIMESTAMP_UTC] - [2026-03-23T14:05:23Z]
02:01:18 TRACE org.hibernate.orm.jdbc.bind - binding parameter [4] as [NUMERIC] - [7260.00]
02:01:18 TRACE org.hibernate.orm.jdbc.bind - binding parameter [5] as [VARCHAR] - [noureenaboarab@gmail.com]
02:01:18 TRACE org.hibernate.orm.jdbc.bind - binding parameter [6] as [VARCHAR] - [FEMALE]
02:01:18 TRACE org.hibernate.orm.jdbc.bind - binding parameter [7] as [VARCHAR] - [null]
02:01:18 TRACE org.hibernate.orm.jdbc.bind - binding parameter [8] as [VARCHAR] - [Noureen Ashraf Aboarab]
02:01:18 TRACE org.hibernate.orm.jdbc.bind - binding parameter [9] as [VARCHAR] - [$2a$12$C1.IwRbXGPUSErmZb9S8QueI6JqJ/EMsDEwCj3I.RM9X7Z.MYB3V.]
02:01:18 TRACE org.hibernate.orm.jdbc.bind - binding parameter [10] as [VARCHAR] - [USER]
02:01:18 TRACE org.hibernate.orm.jdbc.bind - binding parameter [11] as [INTEGER] - [4]
02:03:08 DEBUG org.hibernate.SQL - 
    select
        c1_0.id,
        c1_0.description,
        c1_0.gender,
        c1_0.name 
    from
        categories c1_0
02:03:08 DEBUG org.hibernate.SQL - 
    select
        c1_0.id,
        c1_0.description,
        c1_0.gender,
        c1_0.name 
    from
        categories c1_0 
    where
        c1_0.gender=? 
    order by
        c1_0.name
02:03:08 TRACE org.hibernate.orm.jdbc.bind - binding parameter [1] as [VARCHAR] - [FEMALE]
02:03:08 DEBUG org.hibernate.SQL - 
    select
        c1_0.id,
        c1_0.description,
        c1_0.gender,
        c1_0.name 
    from
        categories c1_0 
    where
        c1_0.gender=? 
    order by
        c1_0.name
02:03:08 TRACE org.hibernate.orm.jdbc.bind - binding parameter [1] as [VARCHAR] - [MALE]
02:03:09 DEBUG org.hibernate.SQL - 
    select
        u1_0.id,
        u1_0.address,
        u1_0.birthday,
        c1_0.id,
        c1_0.created_at,
        u1_0.created_at,
        u1_0.credit_limit,
        u1_0.email,
        u1_0.gender,
        u1_0.job,
        u1_0.name,
        u1_0.password_hash,
        u1_0.role 
    from
        users u1_0 
    left join
        carts c1_0 
            on u1_0.id=c1_0.user_id 
    where
        u1_0.id=?
02:03:09 TRACE org.hibernate.orm.jdbc.bind - binding parameter [1] as [INTEGER] - [4]
02:03:09 DEBUG org.hibernate.SQL - 
    select
        c1_0.cart_id,
        c1_0.id,
        c1_0.end_date,
        c1_0.quantity,
        c1_0.start_date,
        c1_0.variant_id 
    from
        cart_items c1_0 
    where
        c1_0.cart_id=?
02:03:09 TRACE org.hibernate.orm.jdbc.bind - binding parameter [1] as [INTEGER] - [3]
02:03:09 DEBUG org.hibernate.SQL - 
    select
        c1_0.id,
        c1_0.description,
        c1_0.gender,
        c1_0.name 
    from
        categories c1_0
02:03:09 DEBUG org.hibernate.SQL - 
    select
        c1_0.id,
        c1_0.description,
        c1_0.gender,
        c1_0.name 
    from
        categories c1_0
02:03:09 DEBUG org.hibernate.SQL - 
    select
        c1_0.id,
        c1_0.description,
        c1_0.gender,
        c1_0.name 
    from
        categories c1_0
02:03:09 DEBUG org.hibernate.SQL - 
    select
        p1_0.id 
    from
        products p1_0 
    left join
        categories c1_0 
            on c1_0.id=p1_0.category_id 
    where
        (
            ? is null 
            or c1_0.gender=?
        ) 
        and (
            ? is null 
            or p1_0.base_price>=?
        ) 
        and (
            ? is null 
            or p1_0.base_price<=?
        ) 
    order by
        p1_0.created_at desc limit ?,
        ?
02:03:09 DEBUG org.hibernate.SQL - 
    select
        c1_0.id,
        c1_0.description,
        c1_0.gender,
        c1_0.name 
    from
        categories c1_0
02:03:09 TRACE org.hibernate.orm.jdbc.bind - binding parameter [1] as [VARCHAR] - [FEMALE]
02:03:09 DEBUG org.hibernate.SQL - 
    select
        p1_0.id 
    from
        products p1_0 
    where
        p1_0.created_at>=? 
    order by
        p1_0.created_at desc limit ?,
        ?
02:03:09 TRACE org.hibernate.orm.jdbc.bind - binding parameter [2] as [VARCHAR] - [FEMALE]
02:03:09 TRACE org.hibernate.orm.jdbc.bind - binding parameter [3] as [NUMERIC] - [null]
02:03:09 TRACE org.hibernate.orm.jdbc.bind - binding parameter [4] as [NUMERIC] - [null]
02:03:09 TRACE org.hibernate.orm.jdbc.bind - binding parameter [5] as [NUMERIC] - [null]
02:03:09 TRACE org.hibernate.orm.jdbc.bind - binding parameter [6] as [NUMERIC] - [null]
02:03:09 TRACE org.hibernate.orm.jdbc.bind - binding parameter [7] as [INTEGER] - [0]
02:03:09 TRACE org.hibernate.orm.jdbc.bind - binding parameter [1] as [TIMESTAMP_UTC] - [2026-02-22T00:03:09.299309400Z]
02:03:09 TRACE org.hibernate.orm.jdbc.bind - binding parameter [2] as [INTEGER] - [0]
02:03:09 TRACE org.hibernate.orm.jdbc.bind - binding parameter [8] as [INTEGER] - [4]
02:03:09 TRACE org.hibernate.orm.jdbc.bind - binding parameter [3] as [INTEGER] - [4]
02:03:09 INFO  org.hibernate.SQL_SLOW - SlowQuery: 2 milliseconds. SQL: 'com.mysql.cj.jdbc.ClientPreparedStatement: select p1_0.id from products p1_0 where p1_0.created_at>='2026-02-22 00:03:09.299309' order by p1_0.created_at desc limit 0,4'
02:03:09 DEBUG org.hibernate.SQL - 
    select
        p1_0.id 
    from
        products p1_0 
    left join
        categories c1_0 
            on c1_0.id=p1_0.category_id 
    where
        (
            ? is null 
            or c1_0.gender=?
        ) 
        and (
            ? is null 
            or p1_0.base_price>=?
        ) 
        and (
            ? is null 
            or p1_0.base_price<=?
        ) 
    order by
        p1_0.created_at desc limit ?,
        ?
02:03:09 DEBUG org.hibernate.SQL - 
    select
        p1_0.id 
    from
        products p1_0 
    left join
        categories c1_0 
            on c1_0.id=p1_0.category_id 
    where
        p1_0.category_id in(?,?,?) 
        and (
            ? is null 
            or c1_0.gender=?
        ) 
        and (
            ? is null 
            or p1_0.base_price>=?
        ) 
        and (
            ? is null 
            or p1_0.base_price<=?
        ) 
    order by
        p1_0.created_at desc limit ?,
        ?
02:03:09 INFO  org.hibernate.SQL_SLOW - SlowQuery: 7 milliseconds. SQL: 'com.mysql.cj.jdbc.ClientPreparedStatement: select p1_0.id from products p1_0 left join categories c1_0 on c1_0.id=p1_0.category_id where ('FEMALE' is null or c1_0.gender='FEMALE') and (NULL is null or p1_0.base_price>=NULL) and (NULL is null or p1_0.base_price<=NULL) order by p1_0.created_at desc limit 0,4'
02:03:09 DEBUG org.hibernate.SQL - 
    select
        distinct p1_0.id,
        p1_0.base_price,
        c1_0.id,
        c1_0.description,
        c1_0.gender,
        c1_0.name,
        p1_0.created_at,
        p1_0.description,
        p1_0.image_url,
        p1_0.name,
        p2_0.product_id,
        p2_0.id,
        p2_0.color,
        p2_0.quantity,
        p2_0.size 
    from
        products p1_0 
    left join
        product_variants p2_0 
            on p1_0.id=p2_0.product_id 
    left join
        categories c1_0 
            on c1_0.id=p1_0.category_id 
    where
        p1_0.id in(?,?,?,?) 
    order by
        p1_0.created_at desc,
        p2_0.id
02:03:09 TRACE org.hibernate.orm.jdbc.bind - binding parameter [1] as [INTEGER] - [1]
02:03:09 TRACE org.hibernate.orm.jdbc.bind - binding parameter [1] as [VARCHAR] - [MALE]
02:03:09 TRACE org.hibernate.orm.jdbc.bind - binding parameter [2] as [INTEGER] - [8]
02:03:09 TRACE org.hibernate.orm.jdbc.bind - binding parameter [1] as [INTEGER] - [1]
02:03:09 TRACE org.hibernate.orm.jdbc.bind - binding parameter [3] as [INTEGER] - [2]
02:03:09 TRACE org.hibernate.orm.jdbc.bind - binding parameter [2] as [VARCHAR] - [MALE]
02:03:09 TRACE org.hibernate.orm.jdbc.bind - binding parameter [2] as [INTEGER] - [3]
02:03:09 DEBUG org.hibernate.SQL - 
    select
        distinct p1_0.id,
        p1_0.base_price,
        c1_0.id,
        c1_0.description,
        c1_0.gender,
        c1_0.name,
        p1_0.created_at,
        p1_0.description,
        p1_0.image_url,
        p1_0.name,
        p2_0.product_id,
        p2_0.id,
        p2_0.color,
        p2_0.quantity,
        p2_0.size 
    from
        products p1_0 
    left join
        product_variants p2_0 
            on p1_0.id=p2_0.product_id 
    left join
        categories c1_0 
            on c1_0.id=p1_0.category_id 
    where
        p1_0.id in(?,?,?,?) 
    order by
        p1_0.created_at desc,
        p2_0.id
02:03:09 TRACE org.hibernate.orm.jdbc.bind - binding parameter [4] as [INTEGER] - [3]
02:03:09 TRACE org.hibernate.orm.jdbc.bind - binding parameter [3] as [NUMERIC] - [null]
02:03:09 TRACE org.hibernate.orm.jdbc.bind - binding parameter [4] as [NUMERIC] - [null]
02:03:09 TRACE org.hibernate.orm.jdbc.bind - binding parameter [5] as [NUMERIC] - [null]
02:03:09 TRACE org.hibernate.orm.jdbc.bind - binding parameter [6] as [NUMERIC] - [null]
02:03:09 TRACE org.hibernate.orm.jdbc.bind - binding parameter [7] as [INTEGER] - [0]
02:03:09 TRACE org.hibernate.orm.jdbc.bind - binding parameter [8] as [INTEGER] - [4]
02:03:09 TRACE org.hibernate.orm.jdbc.bind - binding parameter [3] as [INTEGER] - [4]
02:03:09 TRACE org.hibernate.orm.jdbc.bind - binding parameter [4] as [VARCHAR] - [null]
02:03:09 TRACE org.hibernate.orm.jdbc.bind - binding parameter [5] as [VARCHAR] - [null]
02:03:09 TRACE org.hibernate.orm.jdbc.bind - binding parameter [6] as [NUMERIC] - [null]
02:03:09 TRACE org.hibernate.orm.jdbc.bind - binding parameter [7] as [NUMERIC] - [null]
02:03:09 TRACE org.hibernate.orm.jdbc.bind - binding parameter [8] as [NUMERIC] - [null]
02:03:09 TRACE org.hibernate.orm.jdbc.bind - binding parameter [9] as [NUMERIC] - [null]
02:03:09 TRACE org.hibernate.orm.jdbc.bind - binding parameter [10] as [INTEGER] - [0]
02:03:09 TRACE org.hibernate.orm.jdbc.bind - binding parameter [11] as [INTEGER] - [4]
02:03:09 TRACE org.hibernate.orm.jdbc.bind - binding parameter [1] as [INTEGER] - [1]
02:03:09 TRACE org.hibernate.orm.jdbc.bind - binding parameter [2] as [INTEGER] - [8]
02:03:09 TRACE org.hibernate.orm.jdbc.bind - binding parameter [3] as [INTEGER] - [2]
02:03:09 TRACE org.hibernate.orm.jdbc.bind - binding parameter [4] as [INTEGER] - [3]
02:03:09 DEBUG org.hibernate.SQL - 
    select
        distinct p1_0.id,
        p1_0.base_price,
        c1_0.id,
        c1_0.description,
        c1_0.gender,
        c1_0.name,
        p1_0.created_at,
        p1_0.description,
        p1_0.image_url,
        p1_0.name,
        p2_0.product_id,
        p2_0.id,
        p2_0.color,
        p2_0.quantity,
        p2_0.size 
    from
        products p1_0 
    left join
        product_variants p2_0 
            on p1_0.id=p2_0.product_id 
    left join
        categories c1_0 
            on c1_0.id=p1_0.category_id 
    where
        p1_0.id in(?,?,?,?) 
    order by
        p1_0.created_at desc,
        p2_0.id
02:03:09 DEBUG org.hibernate.SQL - 
    select
        distinct p1_0.id,
        p1_0.base_price,
        c1_0.id,
        c1_0.description,
        c1_0.gender,
        c1_0.name,
        p1_0.created_at,
        p1_0.description,
        p1_0.image_url,
        p1_0.name,
        p2_0.product_id,
        p2_0.id,
        p2_0.color,
        p2_0.quantity,
        p2_0.size 
    from
        products p1_0 
    left join
        product_variants p2_0 
            on p1_0.id=p2_0.product_id 
    left join
        categories c1_0 
            on c1_0.id=p1_0.category_id 
    where
        p1_0.id in(?,?) 
    order by
        p1_0.created_at desc,
        p2_0.id
02:03:09 INFO  org.hibernate.SQL_SLOW - SlowQuery: 3 milliseconds. SQL: 'com.mysql.cj.jdbc.ClientPreparedStatement: select distinct p1_0.id,p1_0.base_price,c1_0.id,c1_0.description,c1_0.gender,c1_0.name,p1_0.created_at,p1_0.description,p1_0.image_url,p1_0.name,p2_0.product_id,p2_0.id,p2_0.color,p2_0.quantity,p2_0.size from products p1_0 left join product_variants p2_0 on p1_0.id=p2_0.product_id left join categories c1_0 on c1_0.id=p1_0.category_id where p1_0.id in(1,8,2,3) order by p1_0.created_at desc,p2_0.id'
02:03:09 INFO  org.hibernate.SQL_SLOW - SlowQuery: 5 milliseconds. SQL: 'com.mysql.cj.jdbc.ClientPreparedStatement: select distinct p1_0.id,p1_0.base_price,c1_0.id,c1_0.description,c1_0.gender,c1_0.name,p1_0.created_at,p1_0.description,p1_0.image_url,p1_0.name,p2_0.product_id,p2_0.id,p2_0.color,p2_0.quantity,p2_0.size from products p1_0 left join product_variants p2_0 on p1_0.id=p2_0.product_id left join categories c1_0 on c1_0.id=p1_0.category_id where p1_0.id in(1,8,2,3) order by p1_0.created_at desc,p2_0.id'
02:03:09 TRACE org.hibernate.orm.jdbc.bind - binding parameter [1] as [INTEGER] - [6]
02:03:09 TRACE org.hibernate.orm.jdbc.bind - binding parameter [2] as [INTEGER] - [7]
02:03:09 TRACE org.hibernate.orm.jdbc.bind - binding parameter [1] as [INTEGER] - [1]
02:03:09 TRACE org.hibernate.orm.jdbc.bind - binding parameter [2] as [INTEGER] - [8]
02:03:09 TRACE org.hibernate.orm.jdbc.bind - binding parameter [3] as [INTEGER] - [2]
02:03:09 TRACE org.hibernate.orm.jdbc.bind - binding parameter [4] as [INTEGER] - [3]
02:03:09 DEBUG org.hibernate.SQL - 
    select
        count(p1_0.id) 
    from
        products p1_0 
    where
        p1_0.created_at>=?
02:03:09 DEBUG org.hibernate.SQL - 
    select
        count(distinct p1_0.id) 
    from
        products p1_0 
    left join
        categories c1_0 
            on c1_0.id=p1_0.category_id 
    where
        (
            ? is null 
            or c1_0.gender=?
        ) 
        and (
            ? is null 
            or p1_0.base_price>=?
        ) 
        and (
            ? is null 
            or p1_0.base_price<=?
        )
02:03:09 DEBUG org.hibernate.SQL - 
    select
        count(distinct p1_0.id) 
    from
        products p1_0 
    left join
        categories c1_0 
            on c1_0.id=p1_0.category_id 
    where
        p1_0.category_id in(?,?,?) 
        and (
            ? is null 
            or c1_0.gender=?
        ) 
        and (
            ? is null 
            or p1_0.base_price>=?
        ) 
        and (
            ? is null 
            or p1_0.base_price<=?
        )
02:03:09 DEBUG org.hibernate.SQL - 
    select
        count(distinct p1_0.id) 
    from
        products p1_0 
    left join
        categories c1_0 
            on c1_0.id=p1_0.category_id 
    where
        (
            ? is null 
            or c1_0.gender=?
        ) 
        and (
            ? is null 
            or p1_0.base_price>=?
        ) 
        and (
            ? is null 
            or p1_0.base_price<=?
        )
02:03:09 TRACE org.hibernate.orm.jdbc.bind - binding parameter [1] as [INTEGER] - [1]
02:03:09 TRACE org.hibernate.orm.jdbc.bind - binding parameter [1] as [VARCHAR] - [MALE]
02:03:09 TRACE org.hibernate.orm.jdbc.bind - binding parameter [2] as [INTEGER] - [3]
02:03:09 TRACE org.hibernate.orm.jdbc.bind - binding parameter [1] as [TIMESTAMP_UTC] - [2026-02-22T00:03:09.424117100Z]
02:03:09 TRACE org.hibernate.orm.jdbc.bind - binding parameter [2] as [VARCHAR] - [MALE]
02:03:09 TRACE org.hibernate.orm.jdbc.bind - binding parameter [3] as [INTEGER] - [4]
02:03:09 TRACE org.hibernate.orm.jdbc.bind - binding parameter [3] as [NUMERIC] - [null]
02:03:09 TRACE org.hibernate.orm.jdbc.bind - binding parameter [4] as [VARCHAR] - [null]
02:03:09 TRACE org.hibernate.orm.jdbc.bind - binding parameter [1] as [VARCHAR] - [FEMALE]
02:03:09 TRACE org.hibernate.orm.jdbc.bind - binding parameter [5] as [VARCHAR] - [null]
02:03:09 TRACE org.hibernate.orm.jdbc.bind - binding parameter [2] as [VARCHAR] - [FEMALE]
02:03:09 TRACE org.hibernate.orm.jdbc.bind - binding parameter [6] as [NUMERIC] - [null]
02:03:09 TRACE org.hibernate.orm.jdbc.bind - binding parameter [3] as [NUMERIC] - [null]
02:03:09 TRACE org.hibernate.orm.jdbc.bind - binding parameter [4] as [NUMERIC] - [null]
02:03:09 TRACE org.hibernate.orm.jdbc.bind - binding parameter [7] as [NUMERIC] - [null]
02:03:09 TRACE org.hibernate.orm.jdbc.bind - binding parameter [4] as [NUMERIC] - [null]
02:03:09 TRACE org.hibernate.orm.jdbc.bind - binding parameter [5] as [NUMERIC] - [null]
02:03:09 TRACE org.hibernate.orm.jdbc.bind - binding parameter [8] as [NUMERIC] - [null]
02:03:09 TRACE org.hibernate.orm.jdbc.bind - binding parameter [5] as [NUMERIC] - [null]
02:03:09 DEBUG org.hibernate.SQL - 
    select
        min(p1_0.base_price),
        max(p1_0.base_price) 
    from
        products p1_0 
    left join
        categories c1_0 
            on c1_0.id=p1_0.category_id 
    where
        (
            ? is null 
            or c1_0.gender=?
        )
02:03:09 TRACE org.hibernate.orm.jdbc.bind - binding parameter [9] as [NUMERIC] - [null]
02:03:09 TRACE org.hibernate.orm.jdbc.bind - binding parameter [6] as [NUMERIC] - [null]
02:03:09 TRACE org.hibernate.orm.jdbc.bind - binding parameter [6] as [NUMERIC] - [null]
02:03:09 TRACE org.hibernate.orm.jdbc.bind - binding parameter [1] as [VARCHAR] - [null]
02:03:09 TRACE org.hibernate.orm.jdbc.bind - binding parameter [2] as [VARCHAR] - [null]
02:03:09 DEBUG org.hibernate.SQL - 
    select
        min(p1_0.base_price),
        max(p1_0.base_price) 
    from
        products p1_0 
    left join
        categories c1_0 
            on c1_0.id=p1_0.category_id 
    where
        (
            ? is null 
            or c1_0.gender=?
        )
02:03:09 DEBUG org.hibernate.SQL - 
    select
        min(p1_0.base_price),
        max(p1_0.base_price) 
    from
        products p1_0 
    left join
        categories c1_0 
            on c1_0.id=p1_0.category_id 
    where
        (
            ? is null 
            or c1_0.gender=?
        )
02:03:09 TRACE org.hibernate.orm.jdbc.bind - binding parameter [1] as [VARCHAR] - [MALE]
02:03:09 TRACE org.hibernate.orm.jdbc.bind - binding parameter [2] as [VARCHAR] - [MALE]
02:03:09 TRACE org.hibernate.orm.jdbc.bind - binding parameter [1] as [VARCHAR] - [FEMALE]
02:03:09 TRACE org.hibernate.orm.jdbc.bind - binding parameter [2] as [VARCHAR] - [FEMALE]
02:03:09 DEBUG org.hibernate.SQL - 
    select
        min(p1_0.base_price),
        max(p1_0.base_price) 
    from
        products p1_0 
    left join
        categories c1_0 
            on c1_0.id=p1_0.category_id 
    where
        p1_0.category_id in(?,?,?) 
        and (
            ? is null 
            or c1_0.gender=?
        )
02:03:09 DEBUG org.hibernate.SQL - 
    select
        p1_0.id,
        p1_0.color,
        p1_0.image_url,
        p1_0.product_id 
    from
        product_images p1_0 
    where
        p1_0.product_id in(?,?,?,?) 
        and p1_0.id=(
            select
                min(p3_0.id) 
            from
                product_images p3_0,
                products p5_0 
            where
                p3_0.product_id=p5_0.id 
                and p3_0.color=p1_0.color 
                and p5_0.id=p1_0.product_id
        ) 
    order by
        p1_0.product_id,
        p1_0.id
02:03:09 TRACE org.hibernate.orm.jdbc.bind - binding parameter [1] as [INTEGER] - [1]
02:03:09 DEBUG org.hibernate.SQL - 
    select
        p1_0.id,
        p1_0.color,
        p1_0.image_url,
        p1_0.product_id 
    from
        product_images p1_0 
    where
        p1_0.product_id in(?,?) 
        and p1_0.id=(
            select
                min(p3_0.id) 
            from
                product_images p3_0,
                products p5_0 
            where
                p3_0.product_id=p5_0.id 
                and p3_0.color=p1_0.color 
                and p5_0.id=p1_0.product_id
        ) 
    order by
        p1_0.product_id,
        p1_0.id
02:03:09 DEBUG org.hibernate.SQL - 
    select
        p1_0.id,
        p1_0.color,
        p1_0.image_url,
        p1_0.product_id 
    from
        product_images p1_0 
    where
        p1_0.product_id in(?,?,?,?) 
        and p1_0.id=(
            select
                min(p3_0.id) 
            from
                product_images p3_0,
                products p5_0 
            where
                p3_0.product_id=p5_0.id 
                and p3_0.color=p1_0.color 
                and p5_0.id=p1_0.product_id
        ) 
    order by
        p1_0.product_id,
        p1_0.id
02:03:09 TRACE org.hibernate.orm.jdbc.bind - binding parameter [2] as [INTEGER] - [3]
02:03:09 TRACE org.hibernate.orm.jdbc.bind - binding parameter [3] as [INTEGER] - [4]
02:03:09 TRACE org.hibernate.orm.jdbc.bind - binding parameter [4] as [VARCHAR] - [null]
02:03:09 TRACE org.hibernate.orm.jdbc.bind - binding parameter [5] as [VARCHAR] - [null]
02:03:09 TRACE org.hibernate.orm.jdbc.bind - binding parameter [1] as [INTEGER] - [6]
02:03:09 TRACE org.hibernate.orm.jdbc.bind - binding parameter [1] as [INTEGER] - [1]
02:03:09 TRACE org.hibernate.orm.jdbc.bind - binding parameter [1] as [INTEGER] - [1]
02:03:09 TRACE org.hibernate.orm.jdbc.bind - binding parameter [2] as [INTEGER] - [8]
02:03:09 TRACE org.hibernate.orm.jdbc.bind - binding parameter [2] as [INTEGER] - [7]
02:03:09 TRACE org.hibernate.orm.jdbc.bind - binding parameter [3] as [INTEGER] - [2]
02:03:09 TRACE org.hibernate.orm.jdbc.bind - binding parameter [2] as [INTEGER] - [8]
02:03:09 TRACE org.hibernate.orm.jdbc.bind - binding parameter [4] as [INTEGER] - [3]
02:03:09 TRACE org.hibernate.orm.jdbc.bind - binding parameter [3] as [INTEGER] - [2]
02:03:09 TRACE org.hibernate.orm.jdbc.bind - binding parameter [4] as [INTEGER] - [3]
02:03:09 DEBUG org.hibernate.SQL - 
    select
        p1_0.id,
        p1_0.color,
        p1_0.image_url,
        p1_0.product_id 
    from
        product_images p1_0 
    where
        p1_0.product_id in(?,?,?,?) 
        and p1_0.id=(
            select
                min(p3_0.id) 
            from
                product_images p3_0,
                products p5_0 
            where
                p3_0.product_id=p5_0.id 
                and p3_0.color=p1_0.color 
                and p5_0.id=p1_0.product_id
        ) 
    order by
        p1_0.product_id,
        p1_0.id
02:03:09 TRACE org.hibernate.orm.jdbc.bind - binding parameter [1] as [INTEGER] - [1]
02:03:09 TRACE org.hibernate.orm.jdbc.bind - binding parameter [2] as [INTEGER] - [8]
02:03:09 TRACE org.hibernate.orm.jdbc.bind - binding parameter [3] as [INTEGER] - [2]
02:03:09 TRACE org.hibernate.orm.jdbc.bind - binding parameter [4] as [INTEGER] - [3]
02:03:12 DEBUG org.hibernate.SQL - 
    select
        c1_0.id,
        c1_0.description,
        c1_0.gender,
        c1_0.name 
    from
        categories c1_0
02:03:12 DEBUG org.hibernate.SQL - 
    select
        c1_0.id,
        c1_0.description,
        c1_0.gender,
        c1_0.name 
    from
        categories c1_0
02:03:12 DEBUG org.hibernate.SQL - 
    select
        p1_0.id,
        p1_0.base_price,
        p1_0.category_id,
        p1_0.created_at,
        p1_0.description,
        p1_0.image_url,
        p1_0.name 
    from
        products p1_0 
    where
        p1_0.id=?
02:03:12 TRACE org.hibernate.orm.jdbc.bind - binding parameter [1] as [INTEGER] - [3]
02:03:12 DEBUG org.hibernate.SQL - 
    select
        p1_0.id,
        p1_0.color,
        p1_0.product_id,
        p1_0.quantity,
        p1_0.size 
    from
        product_variants p1_0 
    where
        p1_0.product_id=? 
    order by
        p1_0.id
02:03:12 TRACE org.hibernate.orm.jdbc.bind - binding parameter [1] as [INTEGER] - [3]
02:03:12 DEBUG org.hibernate.SQL - 
    select
        p1_0.id,
        p1_0.color,
        p1_0.image_url,
        p1_0.product_id 
    from
        product_images p1_0 
    where
        p1_0.product_id=? 
    order by
        p1_0.id
02:03:12 TRACE org.hibernate.orm.jdbc.bind - binding parameter [1] as [INTEGER] - [3]
02:03:12 DEBUG org.hibernate.SQL - 
    select
        c1_0.id,
        c1_0.description,
        c1_0.gender,
        c1_0.name 
    from
        categories c1_0 
    where
        c1_0.id=?
02:03:12 TRACE org.hibernate.orm.jdbc.bind - binding parameter [1] as [INTEGER] - [1]
02:03:12 DEBUG org.hibernate.SQL - 
    select
        c1_0.id,
        c1_0.description,
        c1_0.gender,
        c1_0.name 
    from
        categories c1_0
02:03:21 DEBUG org.hibernate.SQL - 
    select
        u1_0.id,
        u1_0.address,
        u1_0.birthday,
        c1_0.id,
        c1_0.created_at,
        u1_0.created_at,
        u1_0.credit_limit,
        u1_0.email,
        u1_0.gender,
        u1_0.job,
        u1_0.name,
        u1_0.password_hash,
        u1_0.role 
    from
        users u1_0 
    left join
        carts c1_0 
            on u1_0.id=c1_0.user_id 
    where
        u1_0.id=?
02:03:21 TRACE org.hibernate.orm.jdbc.bind - binding parameter [1] as [INTEGER] - [4]
02:03:21 DEBUG org.hibernate.SQL - 
    select
        p1_0.id,
        p1_0.color,
        p1_0.product_id,
        p1_0.quantity,
        p1_0.size 
    from
        product_variants p1_0 
    where
        p1_0.id=?
02:03:21 TRACE org.hibernate.orm.jdbc.bind - binding parameter [1] as [INTEGER] - [22]
02:03:21 DEBUG org.hibernate.SQL - 
    insert 
    into
        cart_items
        (cart_id,end_date,quantity,start_date,variant_id) 
    values
        (?,?,?,?,?)
02:03:21 TRACE org.hibernate.orm.jdbc.bind - binding parameter [1] as [INTEGER] - [3]
02:03:21 TRACE org.hibernate.orm.jdbc.bind - binding parameter [2] as [DATE] - [2026-03-30]
02:03:21 TRACE org.hibernate.orm.jdbc.bind - binding parameter [3] as [INTEGER] - [1]
02:03:21 TRACE org.hibernate.orm.jdbc.bind - binding parameter [4] as [DATE] - [2026-03-24]
02:03:21 TRACE org.hibernate.orm.jdbc.bind - binding parameter [5] as [INTEGER] - [22]
02:03:35 DEBUG org.hibernate.SQL - 
    select
        c1_0.id,
        c1_0.description,
        c1_0.gender,
        c1_0.name 
    from
        categories c1_0
02:03:35 DEBUG org.hibernate.SQL - 
    select
        u1_0.id,
        u1_0.address,
        u1_0.birthday,
        c1_0.id,
        c1_0.created_at,
        u1_0.created_at,
        u1_0.credit_limit,
        u1_0.email,
        u1_0.gender,
        u1_0.job,
        u1_0.name,
        u1_0.password_hash,
        u1_0.role 
    from
        users u1_0 
    left join
        carts c1_0 
            on u1_0.id=c1_0.user_id 
    where
        u1_0.id=?
02:03:35 TRACE org.hibernate.orm.jdbc.bind - binding parameter [1] as [INTEGER] - [4]
02:03:35 DEBUG org.hibernate.SQL - 
    select
        c1_0.cart_id,
        c1_0.id,
        c1_0.end_date,
        c1_0.quantity,
        c1_0.start_date,
        c1_0.variant_id 
    from
        cart_items c1_0 
    where
        c1_0.cart_id=?
02:03:35 TRACE org.hibernate.orm.jdbc.bind - binding parameter [1] as [INTEGER] - [3]
02:03:35 DEBUG org.hibernate.SQL - 
    select
        p1_0.id,
        p1_0.color,
        p1_0.product_id,
        p1_0.quantity,
        p1_0.size 
    from
        product_variants p1_0 
    where
        p1_0.id=?
02:03:35 TRACE org.hibernate.orm.jdbc.bind - binding parameter [1] as [INTEGER] - [22]
02:03:35 DEBUG org.hibernate.SQL - 
    select
        p1_0.id,
        p1_0.base_price,
        p1_0.category_id,
        p1_0.created_at,
        p1_0.description,
        p1_0.image_url,
        p1_0.name 
    from
        products p1_0 
    where
        p1_0.id=?
02:03:35 TRACE org.hibernate.orm.jdbc.bind - binding parameter [1] as [INTEGER] - [3]
02:03:35 DEBUG org.hibernate.SQL - 
    select
        c1_0.id,
        c1_0.description,
        c1_0.gender,
        c1_0.name 
    from
        categories c1_0 
    where
        c1_0.id=?
02:03:35 TRACE org.hibernate.orm.jdbc.bind - binding parameter [1] as [INTEGER] - [1]
02:03:41 DEBUG org.hibernate.SQL - 
    select
        u1_0.id,
        u1_0.address,
        u1_0.birthday,
        c1_0.id,
        c1_0.created_at,
        u1_0.created_at,
        u1_0.credit_limit,
        u1_0.email,
        u1_0.gender,
        u1_0.job,
        u1_0.name,
        u1_0.password_hash,
        u1_0.role 
    from
        users u1_0 
    left join
        carts c1_0 
            on u1_0.id=c1_0.user_id 
    where
        u1_0.id=?
02:03:41 TRACE org.hibernate.orm.jdbc.bind - binding parameter [1] as [INTEGER] - [4]
02:03:41 DEBUG org.hibernate.SQL - 
    select
        p1_0.id,
        p1_0.color,
        p1_0.product_id,
        p1_0.quantity,
        p1_0.size 
    from
        product_variants p1_0 
    where
        p1_0.id=?
02:03:41 TRACE org.hibernate.orm.jdbc.bind - binding parameter [1] as [INTEGER] - [22]
02:03:41 DEBUG org.hibernate.SQL - 
    select
        p1_0.id,
        p1_0.base_price,
        p1_0.category_id,
        p1_0.created_at,
        p1_0.description,
        p1_0.image_url,
        p1_0.name 
    from
        products p1_0 
    where
        p1_0.id=?
02:03:41 TRACE org.hibernate.orm.jdbc.bind - binding parameter [1] as [INTEGER] - [3]
02:03:41 DEBUG org.hibernate.SQL - 
    insert 
    into
        orders
        (created_at,status,total_amount,user_id) 
    values
        (?,?,?,?)
02:03:41 TRACE org.hibernate.orm.jdbc.bind - binding parameter [1] as [TIMESTAMP_UTC] - [2026-03-24T00:03:41.818817600Z]
02:03:41 TRACE org.hibernate.orm.jdbc.bind - binding parameter [2] as [VARCHAR] - [ORDERED]
02:03:41 TRACE org.hibernate.orm.jdbc.bind - binding parameter [3] as [NUMERIC] - [240.00]
02:03:41 TRACE org.hibernate.orm.jdbc.bind - binding parameter [4] as [INTEGER] - [4]
02:03:41 INFO  org.hibernate.SQL_SLOW - SlowQuery: 3 milliseconds. SQL: 'insert into orders (created_at,status,total_amount,user_id) values (?,?,?,?)'
02:03:41 DEBUG org.hibernate.SQL - 
    insert 
    into
        order_items
        (end_date,order_id,price_at_purchase,quantity,start_date,variant_id) 
    values
        (?,?,?,?,?,?)
02:03:41 TRACE org.hibernate.orm.jdbc.bind - binding parameter [1] as [DATE] - [2026-03-30]
02:03:41 TRACE org.hibernate.orm.jdbc.bind - binding parameter [2] as [INTEGER] - [12]
02:03:41 TRACE org.hibernate.orm.jdbc.bind - binding parameter [3] as [NUMERIC] - [40.00]
02:03:41 TRACE org.hibernate.orm.jdbc.bind - binding parameter [4] as [INTEGER] - [1]
02:03:41 TRACE org.hibernate.orm.jdbc.bind - binding parameter [5] as [DATE] - [2026-03-24]
02:03:41 TRACE org.hibernate.orm.jdbc.bind - binding parameter [6] as [INTEGER] - [22]
02:03:41 INFO  org.hibernate.SQL_SLOW - SlowQuery: 2 milliseconds. SQL: 'insert into order_items (end_date,order_id,price_at_purchase,quantity,start_date,variant_id) values (?,?,?,?,?,?)'
02:03:41 DEBUG org.hibernate.SQL - 
    update
        users 
    set
        address=?,
        birthday=?,
        created_at=?,
        credit_limit=?,
        email=?,
        gender=?,
        job=?,
        name=?,
        password_hash=?,
        role=? 
    where
        id=?
02:03:41 TRACE org.hibernate.orm.jdbc.bind - binding parameter [1] as [VARCHAR] - [Nasr city,cairo]
02:03:41 TRACE org.hibernate.orm.jdbc.bind - binding parameter [2] as [DATE] - [2003-03-06]
02:03:41 TRACE org.hibernate.orm.jdbc.bind - binding parameter [3] as [TIMESTAMP_UTC] - [2026-03-23T14:05:23Z]
02:03:41 TRACE org.hibernate.orm.jdbc.bind - binding parameter [4] as [NUMERIC] - [7020.00]
02:03:41 TRACE org.hibernate.orm.jdbc.bind - binding parameter [5] as [VARCHAR] - [noureenaboarab@gmail.com]
02:03:41 TRACE org.hibernate.orm.jdbc.bind - binding parameter [6] as [VARCHAR] - [FEMALE]
02:03:41 TRACE org.hibernate.orm.jdbc.bind - binding parameter [7] as [VARCHAR] - [null]
02:03:41 TRACE org.hibernate.orm.jdbc.bind - binding parameter [8] as [VARCHAR] - [Noureen Ashraf Aboarab]
02:03:41 TRACE org.hibernate.orm.jdbc.bind - binding parameter [9] as [VARCHAR] - [$2a$12$C1.IwRbXGPUSErmZb9S8QueI6JqJ/EMsDEwCj3I.RM9X7Z.MYB3V.]
02:03:41 TRACE org.hibernate.orm.jdbc.bind - binding parameter [10] as [VARCHAR] - [USER]
02:03:41 TRACE org.hibernate.orm.jdbc.bind - binding parameter [11] as [INTEGER] - [4]
02:03:41 DEBUG org.hibernate.SQL - 
    update
        product_variants 
    set
        color=?,
        product_id=?,
        quantity=?,
        size=? 
    where
        id=?
02:03:41 TRACE org.hibernate.orm.jdbc.bind - binding parameter [1] as [VARCHAR] - [#800020-Burgundy]
02:03:41 TRACE org.hibernate.orm.jdbc.bind - binding parameter [2] as [INTEGER] - [3]
02:03:41 TRACE org.hibernate.orm.jdbc.bind - binding parameter [3] as [INTEGER] - [3]
02:03:41 TRACE org.hibernate.orm.jdbc.bind - binding parameter [4] as [VARCHAR] - [S]
02:03:41 TRACE org.hibernate.orm.jdbc.bind - binding parameter [5] as [INTEGER] - [22]
02:03:41 DEBUG org.hibernate.SQL - 
    select
        c1_0.cart_id,
        c1_0.id,
        c1_0.end_date,
        c1_0.quantity,
        c1_0.start_date,
        c1_0.variant_id 
    from
        cart_items c1_0 
    where
        c1_0.cart_id=?
02:03:41 TRACE org.hibernate.orm.jdbc.bind - binding parameter [1] as [INTEGER] - [3]
02:03:41 DEBUG org.hibernate.SQL - 
    delete 
    from
        cart_items 
    where
        id=?
02:03:41 TRACE org.hibernate.orm.jdbc.bind - binding parameter [1] as [INTEGER] - [29]
02:03:41 DEBUG org.hibernate.SQL - 
    select
        c1_0.id,
        c1_0.description,
        c1_0.gender,
        c1_0.name 
    from
        categories c1_0
02:03:41 DEBUG org.hibernate.SQL - 
    select
        c1_0.id,
        c1_0.description,
        c1_0.gender,
        c1_0.name 
    from
        categories c1_0
02:03:42 DEBUG org.hibernate.SQL - 
    select
        u1_0.id,
        u1_0.address,
        u1_0.birthday,
        c1_0.id,
        c1_0.created_at,
        u1_0.created_at,
        u1_0.credit_limit,
        u1_0.email,
        u1_0.gender,
        u1_0.job,
        u1_0.name,
        u1_0.password_hash,
        u1_0.role 
    from
        users u1_0 
    left join
        carts c1_0 
            on u1_0.id=c1_0.user_id 
    where
        u1_0.id=?
02:03:42 TRACE org.hibernate.orm.jdbc.bind - binding parameter [1] as [INTEGER] - [4]
02:03:42 DEBUG org.hibernate.SQL - 
    select
        c1_0.cart_id,
        c1_0.id,
        c1_0.end_date,
        c1_0.quantity,
        c1_0.start_date,
        c1_0.variant_id 
    from
        cart_items c1_0 
    where
        c1_0.cart_id=?
02:03:42 TRACE org.hibernate.orm.jdbc.bind - binding parameter [1] as [INTEGER] - [3]
02:03:42 DEBUG org.hibernate.SQL - 
    select
        distinct o1_0.id,
        o1_0.created_at,
        o2_0.order_id,
        o2_0.id,
        o2_0.end_date,
        o2_0.price_at_purchase,
        o2_0.quantity,
        o2_0.start_date,
        v1_0.id,
        v1_0.color,
        v1_0.product_id,
        p1_0.id,
        p1_0.base_price,
        p1_0.category_id,
        p1_0.created_at,
        p1_0.description,
        p1_0.image_url,
        p1_0.name,
        v1_0.quantity,
        v1_0.size,
        o1_0.status,
        o1_0.total_amount,
        o1_0.user_id 
    from
        orders o1_0 
    left join
        order_items o2_0 
            on o1_0.id=o2_0.order_id 
    left join
        product_variants v1_0 
            on v1_0.id=o2_0.variant_id 
    left join
        products p1_0 
            on p1_0.id=v1_0.product_id 
    where
        o1_0.user_id=? 
    order by
        o1_0.created_at desc
02:03:42 TRACE org.hibernate.orm.jdbc.bind - binding parameter [1] as [INTEGER] - [4]
02:03:42 INFO  org.hibernate.SQL_SLOW - SlowQuery: 6 milliseconds. SQL: 'com.mysql.cj.jdbc.ClientPreparedStatement: select distinct o1_0.id,o1_0.created_at,o2_0.order_id,o2_0.id,o2_0.end_date,o2_0.price_at_purchase,o2_0.quantity,o2_0.start_date,v1_0.id,v1_0.color,v1_0.product_id,p1_0.id,p1_0.base_price,p1_0.category_id,p1_0.created_at,p1_0.description,p1_0.image_url,p1_0.name,v1_0.quantity,v1_0.size,o1_0.status,o1_0.total_amount,o1_0.user_id from orders o1_0 left join order_items o2_0 on o1_0.id=o2_0.order_id left join product_variants v1_0 on v1_0.id=o2_0.variant_id left join products p1_0 on p1_0.id=v1_0.product_id where o1_0.user_id=4 order by o1_0.created_at desc'
02:03:42 DEBUG org.hibernate.SQL - 
    select
        p1_0.product_id,
        p1_0.id,
        p1_0.color,
        p1_0.image_url 
    from
        product_images p1_0 
    where
        p1_0.product_id=? 
    order by
        p1_0.id
02:03:42 TRACE org.hibernate.orm.jdbc.bind - binding parameter [1] as [INTEGER] - [3]
02:03:42 DEBUG org.hibernate.SQL - 
    select
        p1_0.product_id,
        p1_0.id,
        p1_0.color,
        p1_0.image_url 
    from
        product_images p1_0 
    where
        p1_0.product_id=? 
    order by
        p1_0.id
02:03:42 TRACE org.hibernate.orm.jdbc.bind - binding parameter [1] as [INTEGER] - [1]
02:03:42 INFO  org.hibernate.SQL_SLOW - SlowQuery: 2 milliseconds. SQL: 'com.mysql.cj.jdbc.ClientPreparedStatement: select p1_0.product_id,p1_0.id,p1_0.color,p1_0.image_url from product_images p1_0 where p1_0.product_id=1 order by p1_0.id'
02:03:42 DEBUG org.hibernate.SQL - 
    select
        p1_0.product_id,
        p1_0.id,
        p1_0.color,
        p1_0.image_url 
    from
        product_images p1_0 
    where
        p1_0.product_id=? 
    order by
        p1_0.id
02:03:42 TRACE org.hibernate.orm.jdbc.bind - binding parameter [1] as [INTEGER] - [2]
02:19:52 INFO  org.hibernate.orm.connections.pooling - HHH10001008: Cleaning up connection pool [jdbc:mysql://localhost:3306/rentawear]
